text,label,type
"Dear customer, SIP ka Rs 10000 3 Nov ko katega, balance rakhna. आपकी Rs 10000 की SIP 3 Nov तारीख को कटेगी। खाते में बैलेंस रखें।",0,sip
"Dear customer, SEBI advisory: Beware of guaranteed returns and unregistered tips groups. Verify advisers on the SEBI website.",0,advisory
KYC pura karne ke liye branch jaye ya official site dekhe. OTP kisi ko na de.,0,kyc
Learn what a nominee is in your demat account. Add a nominee online through your DP.,0,education
"Congratulations! हमारे VIP Telegram ग्रुप में जुड़ें, रोज़ पक्के इंट्राडे टिप्स मिलेंगे। Limited slots. Reply YES to confirm. सेबी रजिस्टर्ड एक्सपर्ट।",1,tips_group
New fund offer from Nippon Small Cap opens on 1st. Please read the offer document. Visit the official website.,0,amc_offer
"Processing fee Rs 10000 required to unlock your profit, send to 9885774933@paytm. पैसा दोगुना करें, कोई रिस्क नहीं, पक्का रिटर्न। ऑफ़र आज खत्म, जल्दी करें।",1,fee_scam
"Congratulations! Pre-IPO shares sasta mil raha hai, allotment pakka, sirf kuch slots. Offer ends today.",1,preipo
"प्रिय ग्राहक, New fund offer from Parag Parikh Flexi Cap opens on 12 Oct. Please read the offer document. Visit the official website.",0,amc_offer
"प्रिय ग्राहक, Learn what a nominee is in your demat account. Add a nominee online through your DP. Nominee kaise add kare demat account me? Apne DP ki website par jaye.",0,education
"Namaste, अकाउंट चालू करने के लिए ₹50,000 रजिस्ट्रेशन फीस UPI investpro26@ybl पर भेजें। Sirf 5 seats bachi, jaldi karo! सेबी रजिस्टर्ड एक्सपर्ट।",1,fee_scam
"प्रिय ग्राहक, डीमैट अकाउंट में नॉमिनी जोड़ना क्यों ज़रूरी है, जानिए आधिकारिक वेबसाइट पर।",0,education
"VK-INFO: Bhai kal milte hai, SIP ke baare me baat karni hai.",0,chat
"Dear sir/madam, Profit withdraw karne ke liye OTP bhejo aur TeamViewer install karo. Bit.ly/inv952 par details dekho. 🚀",1,otp_vishing
आपका Paytm Money अकाउंट अपडेट करें वरना बंद हो जाएगा: paytm-money.xyz सेबी रजिस्टर्ड एक्सपर्ट।,1,fake_broker
"DEAR CUSTOMER, YOUR SIP OF 10 हज़ार IN HDFC FLEXI CAP WILL BE PROCESSED ON 3 NOV. PLEASE MAINTAIN SUFFICIENT BALANCE.",0,sip
"सुनिए, Hamare VIP Telegram group me join karo, daily sure shot tips milenge. अकाउंट चालू करने के लिए ₹50,000 रजिस्ट्रेशन फीस UPI 9829696908@paytm पर भेजें। Sirf 5 seats bachi, jaldi karo! सेबी रजिस्टर्ड एक्सपर्ट।",1,tips_group
"Hi, 25/09 को HDFC Flexi Cap का NAV Rs 148.16 है। म्यूचुअल फंड निवेश बाज़ार जोखिमों के अधीन हैं। NAV of HDFC Flexi Cap as on 25/09 is Rs 148.16. Mutual fund investments are subject to market risks, read all scheme related documents carefully.",0,nav
"प्रिय ग्राहक, Learn what a nominee is in your demat account. Add a nominee online through your DP. 🚀",0,education
"सुनिए, अकाउंट चालू करने के लिए ₹5,000 रजिस्ट्रेशन फीस UPI 9825084197@paytm पर भेजें। प्री-IPO शेयर 40% सस्ते, इंस्टिट्यूशनल अकाउंट से अलॉटमेंट पक्का।",1,fee_scam
OTP FOR YOUR TRANSACTION IS 822563. DO NOT SHARE IT WITH ANYONE. VALID FOR 10 MINUTES. YOUR UPI PAYMENT OF RS 5858 TO THE MERCHANT WAS SUCCESSFUL ON 1ST.,0,bank
"HI, ANGEL ONE PRO OFFERS SPECIAL IPO ALLOTMENT. REGISTER AT ANGEL0NE.IN. AAJ KA JACKPOT STOCK CALL CHAHIYE? PREMIUM GROUP JOIN KARO.",1,fake_broker
"बधाई हो! Pre-IPO shares at 40% discount through our institutional account, allotment guaranteed. Your Paytm Money account needs urgent update. Login at paytm-money.xyz to avoid suspension. Sirf 7 seats bachi, jaldi karo! Only 7 seats left, hurry! 👍",1,preipo
"Hi, Dhokhe se bacho: pakka profit ka vaada karne wale group se door rahe. Sirf SEBI registered se milo.",0,advisory
"Hi, OTP for your transaction is 636370. Do not share it with anyone. Valid for 10 minutes. 💰",0,bank
Congratulations! Join our VIP WhatsApp group for sure shot intraday tips and daily calls. कमाई शुरू करने के लिए हमारा ऐप डाउनलोड करें: dl.profitapp.in/app.apk Details: t.me/inv937,1,tips_group
बधाई हो! Download our trading app from this link to start earning: dl.profitapp.in/app.apk,1,fake_app
"Dear customer, Fake apps and sure shot tips are scams. Never share OTP. Report fraud on 1930 or cybercrime.gov.in. सावधान: गारंटीड रिटर्न और टिप्स वाले ग्रुप से बचें। SEBI की वेबसाइट पर सलाहकार जाँचें।",0,advisory
"बधाई हो! 10 हज़ार लगाइए और हर महीने 20% का गारंटीड मुनाफ़ा पाइए। ऑफ़र आज खत्म, जल्दी करें। 💰",1,guaranteed
"VK-INFO: NAV of HDFC Flexi Cap as on 1st is Rs 41.02. Mutual fund investments are subject to market risks, read all scheme related documents carefully.",0,nav
"Aapka Paytm Money account band hone wala hai, abhi update karo: paytmmoney-pro.in हमारे VIP WhatsApp ग्रुप में जुड़ें, रोज़ पक्के इंट्राडे टिप्स मिलेंगे। Offer ends today.",1,fake_broker
"Paisa double in 30 din, guarantee ke saath. Details: t.me/inv461",1,guaranteed
"Hi, To release your profit, share the OTP received and install AnyDesk so our agent can help. Offer ends today. सिर्फ़ 8 सीट बाकी, आज ही!",1,otp_vishing
"Dear customer, NAV of Nippon Small Cap as on 5th is Rs 296.85. Mutual fund investments are subject to market risks, read all scheme related documents carefully.",0,nav
Aapke 25/09 ke trades ka contract note email par bhej diya gaya hai. 25/09 के ट्रेड का कॉन्ट्रैक्ट नोट आपके रजिस्टर्ड ईमेल पर भेजा गया है।,0,contract_note
"Dear investor, Paisa double in 10 din, guarantee ke saath. ऑफ़र आज खत्म, जल्दी करें। SEBI registered.",1,guaranteed
"Your SIP of ₹50,000 in SBI Bluechip will be processed on 5th. Please maintain sufficient balance.",0,sip
"Hello bhai, Your Groww account needs urgent update. Login at groww-india.xyz to avoid suspension. प्री-IPO शेयर 40% सस्ते, इंस्टिट्यूशनल अकाउंट से अलॉटमेंट पक्का। Details: t.me/inv892",1,fake_broker
"प्रिय ग्राहक, KYC पूरा करने के लिए आधिकारिक वेबसाइट या नज़दीकी शाखा जाएँ। OTP किसी को न बताएँ।",0,kyc
"Hi, KYC pura karne ke liye branch jaye ya official site dekhe. OTP kisi ko na de. 🚀",0,kyc
"Hi, Paisa double in 30 din, guarantee ke saath. Last chance, join now.",1,guaranteed
"प्रिय ग्राहक, सावधान: गारंटीड रिटर्न और टिप्स वाले ग्रुप से बचें। SEBI की वेबसाइट पर सलाहकार जाँचें। 💰",0,advisory
"Namaste, Processing fee ₹50,000 required to unlock your profit, send to investpro16@ybl. Your Zerodha account needs urgent update. Login at zerodha-kyc.net to avoid suspension. Offer ends today. 🚀",1,fee_scam
"Hi, Learn what a nominee is in your demat account. Add a nominee online through your DP.",0,education
"Dear customer, SIP ka ₹50,000 1st ko katega, balance rakhna.",0,sip
"Hi, SIP ka ₹50,000 5th ko katega, balance rakhna. Your SIP of ₹50,000 in SBI Bluechip will be processed on 5th. Please maintain sufficient balance.",0,sip
"प्रिय ग्राहक, 1st को HDFC Flexi Cap का NAV Rs 165.3 है। म्यूचुअल फंड निवेश बाज़ार जोखिमों के अधीन हैं।",0,nav
"Dear investor, मुनाफ़ा निकालने के लिए आपके फोन पर आया OTP बताइए और AnyDesk इंस्टॉल करें।",1,otp_vishing
Limited period: exit load waiver till 1st on Parag Parikh Flexi Cap. Mutual fund investments are subject to market risks. Limited period: exit load waiver till 1st on Parag Parikh Flexi Cap. Mutual fund investments are subject to market risks.,0,amc_offer
"एक्सपर्ट टीम से रोज़ जैकपॉट स्टॉक कॉल्स पाएँ, ग्रुप जॉइन करें। PROCESSING FEE RS 10000 REQUIRED TO UNLOCK YOUR PROFIT, SEND TO INVESTPRO63@YBL. SEBI REGISTERED.",1,tips_group
"Hi, आपके खाते XX8 से Rs 9646 1st को डेबिट हुए। OTP किसी से साझा न करें।",0,bank
"Profit withdraw karne ke liye OTP bhejo aur TeamViewer install karo. Block deal opportunity in unlisted shares, limited slots, invest before listing. Sirf 8 seats bachi, jaldi karo!",1,otp_vishing
Your SIP of Rs 10000 in Axis Midcap will be processed on 5th. Please maintain sufficient balance.,0,sip
Your Upstox account needs urgent update. Login at upstox-login.in to avoid suspension. Bit.ly/inv993 par details dekho. Details: t.me/inv993,1,fake_broker
"प्रिय ग्राहक, 1st को SBI Bluechip का NAV Rs 322.01 है। म्यूचुअल फंड निवेश बाज़ार जोखिमों के अधीन हैं।",0,nav
"अकाउंट चालू करने के लिए ₹25,000 रजिस्ट्रेशन फीस UPI 9819046942@paytm पर भेजें। Details: t.me/inv593 SEBI registered.",1,fee_scam
12 Oct के ट्रेड का कॉन्ट्रैक्ट नोट आपके रजिस्टर्ड ईमेल पर भेजा गया है। 12 Oct के ट्रेड का कॉन्ट्रैक्ट नोट आपके रजिस्टर्ड ईमेल पर भेजा गया है।,0,contract_note
"RS 1724 DEBITED FROM A/C XX3 ON 1ST. IF NOT YOU, CALL THE BANK HELPLINE. NEVER SHARE OTP.",0,bank
"Dear sir/madam, Block deal opportunity in unlisted shares, limited slots, invest before listing. SEBI registered.",1,preipo
"VK-INFO: Your SIP of ₹50,000 in Axis Midcap will be processed on 25/09. Please maintain sufficient balance.",0,sip
"Processing fee ₹50,000 required to unlock your profit, send to investpro56@ybl. Send your PIN and OTP to complete KYC verification now. Details: t.me/inv628 Limited slots. Reply YES to confirm.",1,fee_scam
"प्रिय ग्राहक, Dhokhe se bacho: pakka profit ka vaada karne wale group se door rahe. Sirf SEBI registered se milo. Fake apps and sure shot tips are scams. Never share OTP. Report fraud on 1930 or cybercrime.gov.in. 💰",0,advisory
"Hi, Earning start karne ke liye ye app install karo: bit.ly/inv63 SEBI registered. ऑफ़र आज खत्म, जल्दी करें।",1,fake_app
"Dear customer, Limited period: exit load waiver till 1st on Parag Parikh Flexi Cap. Mutual fund investments are subject to market risks. Limited period: exit load waiver till 1st on Parag Parikh Flexi Cap. Mutual fund investments are subject to market risks.",0,amc_offer
"Congratulations! Paisa double in 10 din, guarantee ke saath.",1,guaranteed
बधाई हो! मुनाफ़ा निकालने के लिए आपके फोन पर आया OTP बताइए और AnyDesk इंस्टॉल करें। 👍,1,otp_vishing
"प्रिय ग्राहक, SEBI advisory: Beware of guaranteed returns and unregistered tips groups. Verify advisers on the SEBI website.",0,advisory
Happy Diwali! Wishing you and family a prosperous year.,0,chat
"बधाई हो! एक्सपर्ट टीम से रोज़ जैकपॉट स्टॉक कॉल्स पाएँ, ग्रुप जॉइन करें। पैसा दोगुना करें, कोई रिस्क नहीं, पक्का रिटर्न। Limited slots. Reply YES to confirm.",1,tips_group
अकाउंट चालू करने के लिए 10 हज़ार रजिस्ट्रेशन फीस UPI investpro25@ybl पर भेजें। Bit.ly/inv739 par details dekho.,1,fee_scam
"Dear customer, Nominee kaise add kare demat account me? Apne DP ki website par jaye. Nominee kaise add kare demat account me? Apne DP ki website par jaye.",0,education
"Hi, KYC pura karne ke liye branch jaye ya official site dekhe. OTP kisi ko na de.",0,kyc
"SIP ka Rs 10000 12 Oct ko katega, balance rakhna. 💰",0,sip
"Hi, NAV of Axis Midcap as on 12 Oct is Rs 399.49. Mutual fund investments are subject to market risks, read all scheme related documents carefully.",0,nav
1st को Nippon Small Cap का NAV Rs 41.96 है। म्यूचुअल फंड निवेश बाज़ार जोखिमों के अधीन हैं।,0,nav
"Namaste, Block deal opportunity in unlisted shares, limited slots, invest before listing. Profit withdraw karne ke liye OTP bhejo aur TeamViewer install karo. 💰",1,preipo
"बधाई हो! मुनाफ़ा निकालने के लिए आपके फोन पर आया OTP बताइए और AnyDesk इंस्टॉल करें। प्री-IPO शेयर 40% सस्ते, इंस्टिट्यूशनल अकाउंट से अलॉटमेंट पक्का। 100% SEBI approved expert. सेबी रजिस्टर्ड एक्सपर्ट।",1,otp_vishing
"Dear customer, Fake apps and sure shot tips are scams. Never share OTP. Report fraud on 1930 or cybercrime.gov.in. Fake apps and sure shot tips are scams. Never share OTP. Report fraud on 1930 or cybercrime.gov.in.",0,advisory
VK-INFO: KYC पूरा करने के लिए आधिकारिक वेबसाइट या नज़दीकी शाखा जाएँ। OTP किसी को न बताएँ।,0,kyc
"NAMASTE, PRE-IPO SHARES AT 40% DISCOUNT THROUGH OUR INSTITUTIONAL ACCOUNT, ALLOTMENT GUARANTEED. OFFER ENDS TODAY.",1,preipo
"प्रिय ग्राहक, Please complete your KYC at our official website or nearest branch. Do not share OTP with anyone.",0,kyc
"Hello bhai, 100% assured profit, zero risk, withdraw anytime. 100% SEBI approved expert.",1,guaranteed
"NAV of Parag Parikh Flexi Cap as on 25/09 is Rs 84.44. Mutual fund investments are subject to market risks, read all scheme related documents carefully. 🚀",0,nav
"Hello bhai, Aaj ka jackpot stock call chahiye? Premium group join karo. Last chance, join now.",1,tips_group
"पापा, म्यूचुअल फंड की स्टेटमेंट देखी क्या? शाम को फोन करना।",0,chat
"Hello bhai, Get insider stock tips from our expert team in the premium WhatsApp channel.",1,tips_group
"सुनिए, Download our trading app from this link to start earning: trade-85.apk सेबी रजिस्टर्ड एक्सपर्ट।",1,fake_app
VK-INFO: New fund offer from HDFC Flexi Cap opens on 5th. Please read the offer document. Visit the official website. 💰,0,amc_offer
"प्रिय ग्राहक, Aapke 1st ke trades ka contract note email par bhej diya gaya hai. 🚀",0,contract_note
Dhokhe se bacho: pakka profit ka vaada karne wale group se door rahe. Sirf SEBI registered se milo.,0,advisory
"100% assured profit, zero risk, withdraw anytime. 100% SEBI approved expert.",1,guaranteed
"प्रिय ग्राहक, Meeting at 5 pm, please bring the demat account documents. 🚀",0,chat
"प्रिय ग्राहक, 3 Nov को Parag Parikh Flexi Cap का NAV Rs 356.89 है। म्यूचुअल फंड निवेश बाज़ार जोखिमों के अधीन हैं।",0,nav
"Namaste, Pre-IPO shares sasta mil raha hai, allotment pakka, sirf kuch slots. Pay a registration fee of 10 हज़ार on UPI investpro73@ybl to activate your account. Only 5 seats left, hurry! Last chance, join now.",1,preipo
"Dear customer, SEBI advisory: Beware of guaranteed returns and unregistered tips groups. Verify advisers on the SEBI website.",0,advisory
आपकी 10 हज़ार की SIP 12 Oct तारीख को कटेगी। खाते में बैलेंस रखें।,0,sip
New fund offer from Axis Midcap opens on 25/09. Please read the offer document. Visit the official website. 💰,0,amc_offer
"Dear customer, Your UPI payment of Rs 6557 to the merchant was successful on 5th.",0,bank
"Pay a registration fee of ₹5,000 on UPI investpro22@ybl to activate your account. Hamare VIP WhatsApp group me join karo, daily sure shot tips milenge.",1,fee_scam
"Dear customer, 1st को Parag Parikh Flexi Cap का NAV Rs 338.6 है। म्यूचुअल फंड निवेश बाज़ार जोखिमों के अधीन हैं।",0,nav
OTP for your transaction is 688139. Do not share it with anyone. Valid for 10 minutes.,0,bank
"DEAR CUSTOMER, KYC पूरा करने के लिए आधिकारिक वेबसाइट या नज़दीकी शाखा जाएँ। OTP किसी को न बताएँ।",0,kyc
"Namaste, Earning start karne ke liye ye app install karo: trade-38.apk सेबी रजिस्टर्ड एक्सपर्ट।",1,fake_app
Dhokhe se bacho: pakka profit ka vaada karne wale group se door rahe. Sirf SEBI registered se milo.,0,advisory
"Hello sir, To release your profit, share the OTP received and install AnyDesk so our agent can help. Aaj ka jackpot stock call chahiye? Premium group join karo. SEBI registered. Limited slots. Reply YES to confirm.",1,otp_vishing
"Beta, did you check the mutual fund statement? Call me in the evening.",0,chat
"Hi, OTP for your transaction is 871928. Do not share it with anyone. Valid for 10 minutes.",0,bank
VK-INFO: Contract note for trades done on 25/09 has been sent to your registered email. Check your app for details.,0,contract_note
"Dear sir/madam, Get insider stock tips from our expert team in the premium WhatsApp channel.",1,tips_group
मुनाफ़ा निकालने के लिए आपके फोन पर आया OTP बताइए और AnyDesk इंस्टॉल करें। Details: t.me/inv133 Bit.ly/inv133 par details dekho.,1,otp_vishing
"Hello sir, एक्सपर्ट टीम से रोज़ जैकपॉट स्टॉक कॉल्स पाएँ, ग्रुप जॉइन करें। Block deal opportunity in unlisted shares, limited slots, invest before listing. सेबी रजिस्टर्ड एक्सपर्ट। 👍",1,tips_group
"HELLO SIR, SEND YOUR PIN AND OTP TO COMPLETE KYC VERIFICATION NOW. PRE-IPO SHARES AT 40% DISCOUNT THROUGH OUR INSTITUTIONAL ACCOUNT, ALLOTMENT GUARANTEED. ऑफ़र आज खत्म, जल्दी करें। LIMITED SLOTS. REPLY YES TO CONFIRM.",1,otp_vishing
AAJ KA JACKPOT STOCK CALL CHAHIYE? PREMIUM GROUP JOIN KARO. SEBI REGISTERED.,1,tips_group
"Hello sir, Pay a registration fee of Rs 10000 on UPI investpro60@ybl to activate your account. Details: t.me/inv371",1,fee_scam
"VK-INFO: Meeting at 5 pm, please bring the demat account documents. Bhai kal milte hai, SIP ke baare me baat karni hai.",0,chat
"प्रिय ग्राहक, आपके खाते XX6 से Rs 2294 25/09 को डेबिट हुए। OTP किसी से साझा न करें।",0,bank
"प्रिय ग्राहक, NAV of HDFC Flexi Cap as on 25/09 is Rs 377.35. Mutual fund investments are subject to market risks, read all scheme related documents carefully.",0,nav
"Hello bhai, हमारे VIP WhatsApp ग्रुप में जुड़ें, रोज़ पक्के इंट्राडे टिप्स मिलेंगे। सिर्फ़ 8 सीट बाकी, आज ही! Bit.ly/inv348 par details dekho.",1,tips_group
"Dear customer, Happy Diwali! Wishing you and family a prosperous year.",0,chat
"Your SIP of ₹25,000 in Axis Midcap will be processed on 12 Oct. Please maintain sufficient balance. Your SIP of ₹25,000 in Axis Midcap will be processed on 12 Oct. Please maintain sufficient balance. 👍",0,sip
"Hi, Your Zerodha account needs urgent update. Login at zerodha-pro.in to avoid suspension. Earning start karne ke liye ye app install karo: trade-88.apk Limited slots. Reply YES to confirm.",1,fake_broker
"मुनाफ़ा निकालने के लिए आपके फोन पर आया OTP बताइए और AnyDesk इंस्टॉल करें। Sirf 6 seats bachi, jaldi karo!",1,otp_vishing
"YOUR SIP OF ₹50,000 IN HDFC FLEXI CAP WILL BE PROCESSED ON 25/09. PLEASE MAINTAIN SUFFICIENT BALANCE. 🚀",0,sip
"प्रिय ग्राहक, Limited period: exit load waiver till 12 Oct on Parag Parikh Flexi Cap. Mutual fund investments are subject to market risks. Limited period: exit load waiver till 12 Oct on Parag Parikh Flexi Cap. Mutual fund investments are subject to market risks.",0,amc_offer
"Hi, Learn what a nominee is in your demat account. Add a nominee online through your DP. Nominee kaise add kare demat account me? Apne DP ki website par jaye.",0,education
"Hello sir, Pre-IPO shares at 40% discount through our institutional account, allotment guaranteed. Install the new official app dl.profitapp.in/app.apk and get a free bonus.",1,preipo
"HI, ₹50,000 लगाइए और हर महीने 50% का गारंटीड मुनाफ़ा पाइए। SEND YOUR PIN AND OTP TO COMPLETE KYC VERIFICATION NOW. ONLY 9 SEATS LEFT, HURRY!",1,guaranteed
"Dear sir/madam, Pay a registration fee of 10 हज़ार on UPI 9816489357@paytm to activate your account. 100% SEBI approved expert. SEBI registered.",1,fee_scam
"Hi, पापा, म्यूचुअल फंड की स्टेटमेंट देखी क्या? शाम को फोन करना।",0,chat
SEBI advisory: Beware of guaranteed returns and unregistered tips groups. Verify advisers on the SEBI website.,0,advisory
"Namaste, Aapka Groww account band hone wala hai, abhi update karo: groww-india.xyz",1,fake_broker
"Dear customer, आपके खाते XX6 से Rs 8649 3 Nov को डेबिट हुए। OTP किसी से साझा न करें।",0,bank
VK-INFO: Limited period: exit load waiver till 12 Oct on Axis Midcap. Mutual fund investments are subject to market risks. Limited period: exit load waiver till 12 Oct on Axis Midcap. Mutual fund investments are subject to market risks.,0,amc_offer
"HI, PROFIT WITHDRAW KARNE KE LIYE OTP BHEJO AUR TEAMVIEWER INSTALL KARO. ONLY 7 SEATS LEFT, HURRY!",1,otp_vishing
"Hi, एक्सपर्ट टीम से रोज़ जैकपॉट स्टॉक कॉल्स पाएँ, ग्रुप जॉइन करें। To release your profit, share the OTP received and install AnyDesk so our agent can help.",1,tips_group
"सुनिए, प्री-IPO शेयर 40% सस्ते, इंस्टिट्यूशनल अकाउंट से अलॉटमेंट पक्का। Bit.ly/inv339 par details dekho.",1,preipo
"बधाई हो! PRE-IPO SHARES AT 40% DISCOUNT THROUGH OUR INSTITUTIONAL ACCOUNT, ALLOTMENT GUARANTEED. LAST CHANCE, JOIN NOW. 👍",1,preipo
"Hello sir, Pre-IPO shares sasta mil raha hai, allotment pakka, sirf kuch slots. Aapka Paytm Money account band hone wala hai, abhi update karo: paytmmoney-pro.in सेबी रजिस्टर्ड एक्सपर्ट। सिर्फ़ 9 सीट बाकी, आज ही!",1,preipo
"₹25,000 lagao aur har mahine 30% pakka profit pao, risk zero. एक्सपर्ट टीम से रोज़ जैकपॉट स्टॉक कॉल्स पाएँ, ग्रुप जॉइन करें। Bit.ly/inv133 par details dekho.",1,guaranteed
"Hello sir, Processing fee ₹50,000 required to unlock your profit, send to 9850778388@paytm. Install the new official app dl.profitapp.in/app.apk and get a free bonus. Sirf 3 seats bachi, jaldi karo! 🚀",1,fee_scam
"सुनिए, हमारे VIP Telegram ग्रुप में जुड़ें, रोज़ पक्के इंट्राडे टिप्स मिलेंगे। Details: t.me/inv267",1,tips_group
"Dear sir/madam, Aapka Upstox account band hone wala hai, abhi update karo: upstox-login.in Only 2 seats left, hurry! 🚀",1,fake_broker
"Dear customer, Bhai kal milte hai, SIP ke baare me baat karni hai.",0,chat
"प्रिय ग्राहक, New fund offer from Parag Parikh Flexi Cap opens on 25/09. Please read the offer document. Visit the official website. 💰",0,amc_offer
"Namaste, Install the new official app trade-80.apk and get a free bonus. 💰",1,fake_app
"NAV of Axis Midcap as on 25/09 is Rs 353.11. Mutual fund investments are subject to market risks, read all scheme related documents carefully. 25/09 को Axis Midcap का NAV Rs 353.11 है। म्यूचुअल फंड निवेश बाज़ार जोखिमों के अधीन हैं।",0,nav
"Dear customer, Nominee kaise add kare demat account me? Apne DP ki website par jaye.",0,education
"Hi, Rs 10000 लगाइए और हर महीने 10% का गारंटीड मुनाफ़ा पाइए। Only 5 seats left, hurry!",1,guaranteed
"Congratulations! Pay a registration fee of ₹5,000 on UPI investpro57@ybl to activate your account. पैसा दोगुना करें, कोई रिस्क नहीं, पक्का रिटर्न। सेबी रजिस्टर्ड एक्सपर्ट।",1,fee_scam
"VK-INFO: Bhai kal milte hai, SIP ke baare me baat karni hai.",0,chat
"Namaste, Block deal opportunity in unlisted shares, limited slots, invest before listing. ₹5,000 lagao aur har mahine 300% pakka profit pao, risk zero. 💰",1,preipo
Nippon Small Cap का नया फंड ऑफर 12 Oct से खुल रहा है। ऑफर डॉक्यूमेंट ध्यान से पढ़ें। 🚀,0,amc_offer
OTP for your transaction is 663510. Do not share it with anyone. Valid for 10 minutes.,0,bank
"Hi, Send your PIN and OTP to complete KYC verification now. कमाई शुरू करने के लिए हमारा ऐप डाउनलोड करें: dl.profitapp.in/app.apk ऑफ़र आज खत्म, जल्दी करें।",1,otp_vishing
"सुनिए, Install the new official app dl.profitapp.in/app.apk and get a free bonus. Limited slots. Reply YES to confirm. SEBI registered.",1,fake_app
"सुनिए, Groww Pro offers special IPO allotment. Register at grow.co.in. Processing fee Rs 10000 required to unlock your profit, send to investpro29@ybl.",1,fake_broker
"Dear sir/madam, Profit withdraw karne ke liye OTP bhejo aur TeamViewer install karo.",1,otp_vishing
"Hi, एक्सपर्ट टीम से रोज़ जैकपॉट स्टॉक कॉल्स पाएँ, ग्रुप जॉइन करें। Last chance, join now.",1,tips_group
"Dear sir/madam, Aapka Upstox account band hone wala hai, abhi update karo: upstox-login.in Details: t.me/inv488 SEBI registered.",1,fake_broker
"Earning start karne ke liye ye app install karo: bit.ly/inv34 ₹5,000 lagao aur har mahine 50% pakka profit pao, risk zero.",1,fake_app
Invest 10 हज़ार and get guaranteed 30% returns every month. SEBI registered.,1,guaranteed
"Dear customer, Meeting at 5 pm, please bring the demat account documents.",0,chat
"Dear sir/madam, Pre-IPO shares at 40% discount through our institutional account, allotment guaranteed. Pay a registration fee of Rs 10000 on UPI investpro74@ybl to activate your account. SEBI registered.",1,preipo
"Namaste, अकाउंट चालू करने के लिए ₹50,000 रजिस्ट्रेशन फीस UPI 9870554391@paytm पर भेजें। ऑफ़र आज खत्म, जल्दी करें। Details: t.me/inv113 👍",1,fee_scam
Earning start karne ke liye ye app install karo: trade-44.apk 💰,1,fake_app
"आपका Paytm Money अकाउंट अपडेट करें वरना बंद हो जाएगा: paytmmoney-pro.in Hamare VIP Telegram group me join karo, daily sure shot tips milenge. Sirf 6 seats bachi, jaldi karo! 🚀",1,fake_broker
"Dear sir/madam, आपका Upstox अकाउंट अपडेट करें वरना बंद हो जाएगा: upst0x.com",1,fake_broker
"प्रिय ग्राहक, Your SIP of Rs 10000 in HDFC Flexi Cap will be processed on 1st. Please maintain sufficient balance.",0,sip
Learn what a nominee is in your demat account. Add a nominee online through your DP. 💰,0,education
"सुनिए, PAY A REGISTRATION FEE OF ₹50,000 ON UPI 9852654210@PAYTM TO ACTIVATE YOUR ACCOUNT. PRE-IPO SHARES AT 40% DISCOUNT THROUGH OUR INSTITUTIONAL ACCOUNT, ALLOTMENT GUARANTEED. 100% SEBI APPROVED EXPERT.",1,fee_scam
"Hi, KYC पूरा करने के लिए आधिकारिक वेबसाइट या नज़दीकी शाखा जाएँ। OTP किसी को न बताएँ।",0,kyc
VK-INFO: HDFC FLEXI CAP का नया फंड ऑफर 5TH से खुल रहा है। ऑफर डॉक्यूमेंट ध्यान से पढ़ें। LIMITED PERIOD: EXIT LOAD WAIVER TILL 5TH ON HDFC FLEXI CAP. MUTUAL FUND INVESTMENTS ARE SUBJECT TO MARKET RISKS.,0,amc_offer
VK-INFO: FAKE APPS AND SURE SHOT TIPS ARE SCAMS. NEVER SHARE OTP. REPORT FRAUD ON 1930 OR CYBERCRIME.GOV.IN. DHOKHE SE BACHO: PAKKA PROFIT KA VAADA KARNE WALE GROUP SE DOOR RAHE. SIRF SEBI REGISTERED SE MILO.,0,advisory
5TH के ट्रेड का कॉन्ट्रैक्ट नोट आपके रजिस्टर्ड ईमेल पर भेजा गया है।,0,contract_note
"प्रिय ग्राहक, Limited period: exit load waiver till 3 Nov on HDFC Flexi Cap. Mutual fund investments are subject to market risks.",0,amc_offer
"Hi, कमाई शुरू करने के लिए हमारा ऐप डाउनलोड करें: dl.profitapp.in/app.apk Limited slots. Reply YES to confirm.",1,fake_app
"प्रिय ग्राहक, Meeting at 5 pm, please bring the demat account documents.",0,chat
"Hi, NAV of SBI Bluechip as on 5th is Rs 53.6. Mutual fund investments are subject to market risks, read all scheme related documents carefully.",0,nav
"Hello bhai, Block deal opportunity in unlisted shares, limited slots, invest before listing. Pay a registration fee of 10 हज़ार on UPI investpro82@ybl to activate your account.",1,preipo
"Hello sir, Pre-IPO shares sasta mil raha hai, allotment pakka, sirf kuch slots.",1,preipo
"Paisa double in 15 din, guarantee ke saath. Bit.ly/inv274 par details dekho.",1,guaranteed
"Groww Pro offers special IPO allotment. Register at groww-india.xyz. Block deal opportunity in unlisted shares, limited slots, invest before listing. Only 3 seats left, hurry!",1,fake_broker
"सुनिए, Download our trading app from this link to start earning: bit.ly/inv91",1,fake_app
"Namaste, Invest ₹5,000 and get guaranteed 15% returns every month. Sirf 9 seats bachi, jaldi karo! ऑफ़र आज खत्म, जल्दी करें।",1,guaranteed
VK-INFO: आपकी Rs 10000 की SIP 1st तारीख को कटेगी। खाते में बैलेंस रखें।,0,sip
"Dear customer, Your SIP of 10 हज़ार in HDFC Flexi Cap will be processed on 25/09. Please maintain sufficient balance.",0,sip
"बधाई हो! Send your PIN and OTP to complete KYC verification now. Pay a registration fee of ₹5,000 on UPI investpro39@ybl to activate your account.",1,otp_vishing
"Congratulations! Processing fee ₹5,000 required to unlock your profit, send to 9850147721@paytm. Only 8 seats left, hurry! Sirf 8 seats bachi, jaldi karo!",1,fee_scam
"Hello bhai, Get insider stock tips from our expert team in the premium WhatsApp channel.",1,tips_group
Please complete your KYC at our official website or nearest branch. Do not share OTP with anyone. 👍,0,kyc
"DEAR INVESTOR, अकाउंट चालू करने के लिए ₹50,000 रजिस्ट्रेशन फीस UPI INVESTPRO80@YBL पर भेजें। सिर्फ़ 4 सीट बाकी, आज ही!",1,fee_scam
"प्रिय ग्राहक, Nominee kaise add kare demat account me? Apne DP ki website par jaye. Learn what a nominee is in your demat account. Add a nominee online through your DP. 👍",0,education
"सुनिए, पैसा दोगुना करें, कोई रिस्क नहीं, पक्का रिटर्न। कमाई शुरू करने के लिए हमारा ऐप डाउनलोड करें: dl.profitapp.in/app.apk 💰",1,guaranteed
"Get insider stock tips from our expert team in the premium WhatsApp channel. ऑफ़र आज खत्म, जल्दी करें।",1,tips_group
OTP for your transaction is 148612. Do not share it with anyone. Valid for 10 minutes. OTP for your transaction is 148612. Do not share it with anyone. Valid for 10 minutes.,0,bank
"Hello sir, Pay a registration fee of ₹25,000 on UPI 9813125016@paytm to activate your account. Sirf 8 seats bachi, jaldi karo! SEBI registered.",1,fee_scam
"Hi, आपकी Rs 10000 की SIP 5th तारीख को कटेगी। खाते में बैलेंस रखें। SIP ka Rs 10000 5th ko katega, balance rakhna.",0,sip
"DEAR SIR/MADAM, अकाउंट चालू करने के लिए ₹5,000 रजिस्ट्रेशन फीस UPI 9845105838@PAYTM पर भेजें।",1,fee_scam
"Dear investor, Pre-IPO shares sasta mil raha hai, allotment pakka, sirf kuch slots.",1,preipo
"Dear investor, Processing fee 10 हज़ार required to unlock your profit, send to 9848874265@paytm. ऑफ़र आज खत्म, जल्दी करें।",1,fee_scam
"सुनिए, Paytm Money Pro offers special IPO allotment. Register at paytmmoney-pro.in. Bit.ly/inv340 par details dekho. Offer ends today.",1,fake_broker
"बधाई हो! कमाई शुरू करने के लिए हमारा ऐप डाउनलोड करें: trade-68.apk Send your PIN and OTP to complete KYC verification now. Details: t.me/inv206 Last chance, join now. 💰",1,fake_app
"Dear investor, Invest ₹50,000 and get guaranteed 300% returns every month.",1,guaranteed
"Install the new official app bit.ly/inv54 and get a free bonus. मुनाफ़ा निकालने के लिए आपके फोन पर आया OTP बताइए और AnyDesk इंस्टॉल करें। ऑफ़र आज खत्म, जल्दी करें।",1,fake_app
VK-INFO: 3 Nov को Parag Parikh Flexi Cap का NAV Rs 309.36 है। म्यूचुअल फंड निवेश बाज़ार जोखिमों के अधीन हैं।,0,nav
"Hello sir, Invest Rs 10000 and get guaranteed 50% returns every month.",1,guaranteed
"Download our trading app from this link to start earning: trade-64.apk Double your money in 10 days, guaranteed by our fund manager.",1,fake_app
Nominee kaise add kare demat account me? Apne DP ki website par jaye.,0,education
"प्रिय ग्राहक, Beta, did you check the mutual fund statement? Call me in the evening. Beta, did you check the mutual fund statement? Call me in the evening.",0,chat
VK-INFO: Please complete your KYC at our official website or nearest branch. Do not share OTP with anyone.,0,kyc
"पापा, म्यूचुअल फंड की स्टेटमेंट देखी क्या? शाम को फोन करना। Beta, did you check the mutual fund statement? Call me in the evening.",0,chat
VK-INFO: Learn what a nominee is in your demat account. Add a nominee online through your DP.,0,education
"Dear customer, Contract note for trades done on 25/09 has been sent to your registered email. Check your app for details.",0,contract_note
"Dear investor, Account activate karne ke liye ₹25,000 fee UPI 9841195809@paytm pe bhejo. 100% SEBI approved expert.",1,fee_scam
आपके खाते XX3 से Rs 2362 5th को डेबिट हुए। OTP किसी से साझा न करें। Your UPI payment of Rs 2362 to the merchant was successful on 5th.,0,bank
"Namaste, Aaj ka jackpot stock call chahiye? Premium group join karo. Aapka Zerodha account band hone wala hai, abhi update karo: zer0dha.com Last chance, join now. 100% SEBI approved expert.",1,tips_group
"Dear customer, पापा, म्यूचुअल फंड की स्टेटमेंट देखी क्या? शाम को फोन करना।",0,chat
CONGRATULATIONS! आपका UPSTOX अकाउंट अपडेट करें वरना बंद हो जाएगा: UPST0X.COM 10 हज़ार लगाइए और हर महीने 20% का गारंटीड मुनाफ़ा पाइए।,1,fake_broker
"Namaste, Pay a registration fee of 10 हज़ार on UPI investpro18@ybl to activate your account. Earning start karne ke liye ye app install karo: trade-59.apk Sirf 8 seats bachi, jaldi karo! सेबी रजिस्टर्ड एक्सपर्ट।",1,fee_scam
"Dear sir/madam, Profit withdraw karne ke liye OTP bhejo aur TeamViewer install karo. Block deal opportunity in unlisted shares, limited slots, invest before listing. Sirf 7 seats bachi, jaldi karo! Last chance, join now.",1,otp_vishing
"Dear sir/madam, मुनाफ़ा निकालने के लिए आपके फोन पर आया OTP बताइए और AnyDesk इंस्टॉल करें। प्री-IPO शेयर 40% सस्ते, इंस्टिट्यूशनल अकाउंट से अलॉटमेंट पक्का।",1,otp_vishing
"सुनिए, Paisa double in 30 din, guarantee ke saath.",1,guaranteed
"बधाई हो! Download our trading app from this link to start earning: dl.profitapp.in/app.apk Sirf 3 seats bachi, jaldi karo!",1,fake_app
"Hi, Limited period: exit load waiver till 3 Nov on Axis Midcap. Mutual fund investments are subject to market risks.",0,amc_offer
"Namaste, Pre-IPO shares sasta mil raha hai, allotment pakka, sirf kuch slots. Processing fee ₹25,000 required to unlock your profit, send to investpro70@ybl. Only 8 seats left, hurry!",1,preipo
"Hi, मुनाफ़ा निकालने के लिए आपके फोन पर आया OTP बताइए और AnyDesk इंस्टॉल करें। SEBI registered. 👍",1,otp_vishing
"Pre-IPO shares sasta mil raha hai, allotment pakka, sirf kuch slots. Account activate karne ke liye ₹50,000 fee UPI investpro64@ybl pe bhejo. Last chance, join now.",1,preipo
"VK-INFO: NAV of SBI Bluechip as on 25/09 is Rs 94.65. Mutual fund investments are subject to market risks, read all scheme related documents carefully.",0,nav
"बधाई हो! Account activate karne ke liye ₹25,000 fee UPI investpro24@ybl pe bhejo. Download our trading app from this link to start earning: dl.profitapp.in/app.apk Sirf 5 seats bachi, jaldi karo!",1,fee_scam
"प्रिय ग्राहक, Nominee kaise add kare demat account me? Apne DP ki website par jaye. Nominee kaise add kare demat account me? Apne DP ki website par jaye.",0,education
"सुनिए, Groww Pro offers special IPO allotment. Register at groww-india.xyz. Only 3 seats left, hurry! 👍",1,fake_broker
"Hi, आपके खाते XX9 से Rs 2778 3 Nov को डेबिट हुए। OTP किसी से साझा न करें।",0,bank
VK-INFO: Happy Diwali! Wishing you and family a prosperous year.,0,chat
"Pre-IPO shares at 40% discount through our institutional account, allotment guaranteed. Sirf 5 seats bachi, jaldi karo!",1,preipo
"DEAR SIR/MADAM, PROCESSING FEE 10 हज़ार REQUIRED TO UNLOCK YOUR PROFIT, SEND TO 9886246557@PAYTM. YOUR ANGEL ONE ACCOUNT NEEDS URGENT UPDATE. LOGIN AT ANGEL0NE.IN TO AVOID SUSPENSION. सेबी रजिस्टर्ड एक्सपर्ट।",1,fee_scam
SEBI advisory: Beware of guaranteed returns and unregistered tips groups. Verify advisers on the SEBI website.,0,advisory
"सुनिए, Your Angel One account needs urgent update. Login at angelone-kyc.com to avoid suspension. 🚀",1,fake_broker
बधाई हो! Account activate karne ke liye 10 हज़ार fee UPI 9850166224@paytm pe bhejo. 100% SEBI approved expert.,1,fee_scam
"Namaste, Pre-IPO shares at 40% discount through our institutional account, allotment guaranteed. Details: t.me/inv329 Limited slots. Reply YES to confirm.",1,preipo
"पैसा दोगुना करें, कोई रिस्क नहीं, पक्का रिटर्न। Bit.ly/inv534 par details dekho.",1,guaranteed
Send your PIN and OTP to complete KYC verification now. Limited slots. Reply YES to confirm.,1,otp_vishing
"HELLO BHAI, JOIN OUR VIP TELEGRAM GROUP FOR SURE SHOT INTRADAY TIPS AND DAILY CALLS. 100% SEBI APPROVED EXPERT.",1,tips_group
"Dear sir/madam, प्री-IPO शेयर 40% सस्ते, इंस्टिट्यूशनल अकाउंट से अलॉटमेंट पक्का। Sirf 6 seats bachi, jaldi karo!",1,preipo
"Dear investor, अकाउंट चालू करने के लिए ₹25,000 रजिस्ट्रेशन फीस UPI investpro23@ybl पर भेजें। 🚀",1,fee_scam
"HELLO BHAI, PAY A REGISTRATION FEE OF 10 हज़ार ON UPI 9869490760@PAYTM TO ACTIVATE YOUR ACCOUNT. YOUR PAYTM MONEY ACCOUNT NEEDS URGENT UPDATE. LOGIN AT PAYTM-MONEY.XYZ TO AVOID SUSPENSION. LIMITED SLOTS. REPLY YES TO CONFIRM.",1,fee_scam
Earning start karne ke liye ye app install karo: dl.profitapp.in/app.apk Offer ends today. Limited slots. Reply YES to confirm.,1,fake_app
"NAV of SBI Bluechip as on 12 Oct is Rs 242.41. Mutual fund investments are subject to market risks, read all scheme related documents carefully. NAV of SBI Bluechip as on 12 Oct is Rs 242.41. Mutual fund investments are subject to market risks, read all scheme related documents carefully.",0,nav
"प्रिय ग्राहक, NAV of HDFC Flexi Cap as on 25/09 is Rs 118.34. Mutual fund investments are subject to market risks, read all scheme related documents carefully. NAV of HDFC Flexi Cap as on 25/09 is Rs 118.34. Mutual fund investments are subject to market risks, read all scheme related documents carefully.",0,nav
"Hello bhai, Hamare VIP Telegram group me join karo, daily sure shot tips milenge. SEBI registered. ऑफ़र आज खत्म, जल्दी करें।",1,tips_group
"Hi, Download our trading app from this link to start earning: trade-50.apk ऑफ़र आज खत्म, जल्दी करें।",1,fake_app
"प्रिय ग्राहक, आपके खाते XX7 से Rs 5367 25/09 को डेबिट हुए। OTP किसी से साझा न करें।",0,bank
LIMITED PERIOD: EXIT LOAD WAIVER TILL 5TH ON AXIS MIDCAP. MUTUAL FUND INVESTMENTS ARE SUBJECT TO MARKET RISKS. LIMITED PERIOD: EXIT LOAD WAIVER TILL 5TH ON AXIS MIDCAP. MUTUAL FUND INVESTMENTS ARE SUBJECT TO MARKET RISKS.,0,amc_offer
VK-INFO: Dhokhe se bacho: pakka profit ka vaada karne wale group se door rahe. Sirf SEBI registered se milo.,0,advisory
"Download our trading app from this link to start earning: dl.profitapp.in/app.apk Pre-IPO shares at 40% discount through our institutional account, allotment guaranteed. सिर्फ़ 7 सीट बाकी, आज ही!",1,fake_app
"सुनिए, पैसा दोगुना करें, कोई रिस्क नहीं, पक्का रिटर्न। Offer ends today. 💰",1,guaranteed
"Hi, 100% assured profit, zero risk, withdraw anytime. Last chance, join now. Only 2 seats left, hurry!",1,guaranteed
"Dear sir/madam, Pre-IPO shares sasta mil raha hai, allotment pakka, sirf kuch slots. Hamare VIP WhatsApp group me join karo, daily sure shot tips milenge. Limited slots. Reply YES to confirm.",1,preipo
"Dear investor, Earning start karne ke liye ye app install karo: trade-17.apk सिर्फ़ 3 सीट बाकी, आज ही! 🚀",1,fake_app
"Meeting at 5 pm, please bring the demat account documents.",0,chat
"DEAR SIR/MADAM, AAPKA UPSTOX ACCOUNT BAND HONE WALA HAI, ABHI UPDATE KARO: UPSTOX-LOGIN.IN सिर्फ़ 7 सीट बाकी, आज ही!",1,fake_broker
"Congratulations! आपका Groww अकाउंट अपडेट करें वरना बंद हो जाएगा: grow.co.in मुनाफ़ा निकालने के लिए आपके फोन पर आया OTP बताइए और AnyDesk इंस्टॉल करें। ऑफ़र आज खत्म, जल्दी करें।",1,fake_broker
"आपकी ₹50,000 की SIP 1st तारीख को कटेगी। खाते में बैलेंस रखें। Your SIP of ₹50,000 in Nippon Small Cap will be processed on 1st. Please maintain sufficient balance.",0,sip
"HI, GET INSIDER STOCK TIPS FROM OUR EXPERT TEAM IN THE PREMIUM WHATSAPP CHANNEL. EARNING START KARNE KE LIYE YE APP INSTALL KARO: TRADE-22.APK OFFER ENDS TODAY.",1,tips_group
"Hello sir, Groww Pro offers special IPO allotment. Register at grow.co.in. सिर्फ़ 6 सीट बाकी, आज ही!",1,fake_broker
"SIP KA ₹25,000 1ST KO KATEGA, BALANCE RAKHNA. 💰",0,sip
सावधान: गारंटीड रिटर्न और टिप्स वाले ग्रुप से बचें। SEBI की वेबसाइट पर सलाहकार जाँचें।,0,advisory
"प्रिय ग्राहक, SIP ka 10 हज़ार 25/09 ko katega, balance rakhna.",0,sip
"DEAR SIR/MADAM, हमारे VIP TELEGRAM ग्रुप में जुड़ें, रोज़ पक्के इंट्राडे टिप्स मिलेंगे। SIRF 6 SEATS BACHI, JALDI KARO!",1,tips_group
"Meeting at 5 pm, please bring the demat account documents. Happy Diwali! Wishing you and family a prosperous year.",0,chat
Congratulations! Install the new official app trade-89.apk and get a free bonus. 100% SEBI approved expert. 🚀,1,fake_app
आपका GROWW अकाउंट अपडेट करें वरना बंद हो जाएगा: GROW.CO.IN 100% SEBI APPROVED EXPERT.,1,fake_broker
"HI, PROCESSING FEE RS 10000 REQUIRED TO UNLOCK YOUR PROFIT, SEND TO INVESTPRO57@YBL. PROFIT WITHDRAW KARNE KE LIYE OTP BHEJO AUR TEAMVIEWER INSTALL KARO.",1,fee_scam
"Dear investor, Account activate karne ke liye ₹25,000 fee UPI 9801684268@paytm pe bhejo. ऑफ़र आज खत्म, जल्दी करें।",1,fee_scam
"Dear investor, Hamare VIP WhatsApp group me join karo, daily sure shot tips milenge. Only 4 seats left, hurry!",1,tips_group
"डीमैट अकाउंट में नॉमिनी जोड़ना क्यों ज़रूरी है, जानिए आधिकारिक वेबसाइट पर।",0,education
"Hi, Limited period: exit load waiver till 1st on Nippon Small Cap. Mutual fund investments are subject to market risks. 🚀",0,amc_offer
"DEAR CUSTOMER, डीमैट अकाउंट में नॉमिनी जोड़ना क्यों ज़रूरी है, जानिए आधिकारिक वेबसाइट पर। डीमैट अकाउंट में नॉमिनी जोड़ना क्यों ज़रूरी है, जानिए आधिकारिक वेबसाइट पर।",0,education
"Congratulations! 100% assured profit, zero risk, withdraw anytime. हमारे VIP Telegram ग्रुप में जुड़ें, रोज़ पक्के इंट्राडे टिप्स मिलेंगे।",1,guaranteed
"Dear customer, Contract note for trades done on 3 Nov has been sent to your registered email. Check your app for details. 👍",0,contract_note
PLEASE COMPLETE YOUR KYC AT OUR OFFICIAL WEBSITE OR NEAREST BRANCH. DO NOT SHARE OTP WITH ANYONE.,0,kyc
"Block deal opportunity in unlisted shares, limited slots, invest before listing. Paisa double in 7 din, guarantee ke saath. 👍",1,preipo
"Your SIP of ₹25,000 in Axis Midcap will be processed on 1st. Please maintain sufficient balance. Your SIP of ₹25,000 in Axis Midcap will be processed on 1st. Please maintain sufficient balance.",0,sip
VK-INFO: Limited period: exit load waiver till 5th on HDFC Flexi Cap. Mutual fund investments are subject to market risks. HDFC Flexi Cap का नया फंड ऑफर 5th से खुल रहा है। ऑफर डॉक्यूमेंट ध्यान से पढ़ें।,0,amc_offer
VK-INFO: KYC पूरा करने के लिए आधिकारिक वेबसाइट या नज़दीकी शाखा जाएँ। OTP किसी को न बताएँ।,0,kyc
"Dear customer, सावधान: गारंटीड रिटर्न और टिप्स वाले ग्रुप से बचें। SEBI की वेबसाइट पर सलाहकार जाँचें।",0,advisory
"Hi, Aapka Angel One account band hone wala hai, abhi update karo: angel0ne.in",1,fake_broker
"Hi, SIP ka ₹25,000 1st ko katega, balance rakhna. आपकी ₹25,000 की SIP 1st तारीख को कटेगी। खाते में बैलेंस रखें।",0,sip
Please complete your KYC at our official website or nearest branch. Do not share OTP with anyone. KYC pura karne ke liye branch jaye ya official site dekhe. OTP kisi ko na de.,0,kyc
KYC pura karne ke liye branch jaye ya official site dekhe. OTP kisi ko na de. Please complete your KYC at our official website or nearest branch. Do not share OTP with anyone.,0,kyc
"HI, आपके खाते XX4 से RS 9232 3 NOV को डेबिट हुए। OTP किसी से साझा न करें।",0,bank
"प्रिय ग्राहक, Fake apps and sure shot tips are scams. Never share OTP. Report fraud on 1930 or cybercrime.gov.in. सावधान: गारंटीड रिटर्न और टिप्स वाले ग्रुप से बचें। SEBI की वेबसाइट पर सलाहकार जाँचें।",0,advisory
"प्रिय ग्राहक, New fund offer from Axis Midcap opens on 25/09. Please read the offer document. Visit the official website.",0,amc_offer
"Dear investor, ₹5,000 lagao aur har mahine 20% pakka profit pao, risk zero. Install the new official app trade-62.apk and get a free bonus. Details: t.me/inv774 ऑफ़र आज खत्म, जल्दी करें।",1,guaranteed
"प्रिय ग्राहक, Contract note for trades done on 1st has been sent to your registered email. Check your app for details.",0,contract_note
Limited period: exit load waiver till 3 Nov on Nippon Small Cap. Mutual fund investments are subject to market risks. Limited period: exit load waiver till 3 Nov on Nippon Small Cap. Mutual fund investments are subject to market risks.,0,amc_offer
Nominee kaise add kare demat account me? Apne DP ki website par jaye.,0,education
"सुनिए, मुनाफ़ा निकालने के लिए आपके फोन पर आया OTP बताइए और AnyDesk इंस्टॉल करें। Processing fee ₹25,000 required to unlock your profit, send to 9860041956@paytm. Details: t.me/inv272",1,otp_vishing
VK-INFO: Your SIP of Rs 10000 in SBI Bluechip will be processed on 1st. Please maintain sufficient balance.,0,sip
"Dear customer, Learn what a nominee is in your demat account. Add a nominee online through your DP.",0,education
"Namaste, Our operator group gives jackpot stock calls every morning, join now.",1,tips_group
"प्रिय ग्राहक, Learn what a nominee is in your demat account. Add a nominee online through your DP. Nominee kaise add kare demat account me? Apne DP ki website par jaye.",0,education
"Hi, KYC pura karne ke liye branch jaye ya official site dekhe. OTP kisi ko na de. 💰",0,kyc
"NAV of Nippon Small Cap as on 5th is Rs 361.4. Mutual fund investments are subject to market risks, read all scheme related documents carefully. 5th को Nippon Small Cap का NAV Rs 361.4 है। म्यूचुअल फंड निवेश बाज़ार जोखिमों के अधीन हैं।",0,nav
"Namaste, Download our trading app from this link to start earning: bit.ly/inv19 ऑफ़र आज खत्म, जल्दी करें। Only 5 seats left, hurry!",1,fake_app
"Dear investor, कमाई शुरू करने के लिए हमारा ऐप डाउनलोड करें: bit.ly/inv86 Send your PIN and OTP to complete KYC verification now.",1,fake_app
सावधान: गारंटीड रिटर्न और टिप्स वाले ग्रुप से बचें। SEBI की वेबसाइट पर सलाहकार जाँचें। Fake apps and sure shot tips are scams. Never share OTP. Report fraud on 1930 or cybercrime.gov.in.,0,advisory
"HI, आपकी ₹25,000 की SIP 1ST तारीख को कटेगी। खाते में बैलेंस रखें।",0,sip
"SIP ka ₹5,000 3 Nov ko katega, balance rakhna.",0,sip
"सुनिए, कमाई शुरू करने के लिए हमारा ऐप डाउनलोड करें: trade-14.apk ₹5,000 लगाइए और हर महीने 300% का गारंटीड मुनाफ़ा पाइए। Sirf 7 seats bachi, jaldi karo!",1,fake_app
KYC PURA KARNE KE LIYE BRANCH JAYE YA OFFICIAL SITE DEKHE. OTP KISI KO NA DE. KYC पूरा करने के लिए आधिकारिक वेबसाइट या नज़दीकी शाखा जाएँ। OTP किसी को न बताएँ।,0,kyc
"Dear investor, Send your PIN and OTP to complete KYC verification now.",1,otp_vishing
"Dear customer, 3 Nov को Axis Midcap का NAV Rs 200.66 है। म्यूचुअल फंड निवेश बाज़ार जोखिमों के अधीन हैं। NAV of Axis Midcap as on 3 Nov is Rs 200.66. Mutual fund investments are subject to market risks, read all scheme related documents carefully.",0,nav
"HELLO BHAI, ACCOUNT ACTIVATE KARNE KE LIYE RS 10000 FEE UPI INVESTPRO72@YBL PE BHEJO. GET INSIDER STOCK TIPS FROM OUR EXPERT TEAM IN THE PREMIUM TELEGRAM CHANNEL. DETAILS: T.ME/INV352 🚀",1,fee_scam
Aaj ka jackpot stock call chahiye? Premium group join karo. Limited slots. Reply YES to confirm.,1,tips_group
"Dear sir/madam, Block deal opportunity in unlisted shares, limited slots, invest before listing. Send your PIN and OTP to complete KYC verification now. Limited slots. Reply YES to confirm.",1,preipo
VK-INFO: Axis Midcap का नया फंड ऑफर 5th से खुल रहा है। ऑफर डॉक्यूमेंट ध्यान से पढ़ें।,0,amc_offer
"Dear customer, Please complete your KYC at our official website or nearest branch. Do not share OTP with anyone.",0,kyc
आपके खाते XX7 से RS 4217 5TH को डेबिट हुए। OTP किसी से साझा न करें। OTP FOR YOUR TRANSACTION IS 162641. DO NOT SHARE IT WITH ANYONE. VALID FOR 10 MINUTES.,0,bank
"प्रिय ग्राहक, आपके खाते XX2 से Rs 3636 12 Oct को डेबिट हुए। OTP किसी से साझा न करें।",0,bank
"प्रिय ग्राहक, 1st को Parag Parikh Flexi Cap का NAV Rs 189.43 है। म्यूचुअल फंड निवेश बाज़ार जोखिमों के अधीन हैं। NAV of Parag Parikh Flexi Cap as on 1st is Rs 189.43. Mutual fund investments are subject to market risks, read all scheme related documents carefully. 👍",0,nav
"Congratulations! Pre-IPO shares sasta mil raha hai, allotment pakka, sirf kuch slots. ऑफ़र आज खत्म, जल्दी करें।",1,preipo
"DEAR CUSTOMER, 1ST को HDFC FLEXI CAP का NAV RS 376.79 है। म्यूचुअल फंड निवेश बाज़ार जोखिमों के अधीन हैं।",0,nav
"Hello bhai, Aaj ka jackpot stock call chahiye? Premium group join karo. 100% SEBI approved expert.",1,tips_group
VK-INFO: Learn what a nominee is in your demat account. Add a nominee online through your DP.,0,education
VK-INFO: Please complete your KYC at our official website or nearest branch. Do not share OTP with anyone.,0,kyc
"Our operator group gives jackpot stock calls every morning, join now. Bit.ly/inv661 par details dekho. Only 9 seats left, hurry!",1,tips_group
"Hi, Earning start karne ke liye ye app install karo: bit.ly/inv62 SEBI registered. Sirf 4 seats bachi, jaldi karo!",1,fake_app
"बधाई हो! Aapka Groww account band hone wala hai, abhi update karo: groww-india.xyz Bit.ly/inv704 par details dekho.",1,fake_broker
"VK-INFO: Beta, did you check the mutual fund statement? Call me in the evening.",0,chat
"Namaste, Join our VIP Telegram group for sure shot intraday tips and daily calls. आपका Angel One अकाउंट अपडेट करें वरना बंद हो जाएगा: angelone-kyc.com ऑफ़र आज खत्म, जल्दी करें।",1,tips_group
"Dear customer, डीमैट अकाउंट में नॉमिनी जोड़ना क्यों ज़रूरी है, जानिए आधिकारिक वेबसाइट पर। 🚀",0,education
"Hello sir, Join our VIP WhatsApp group for sure shot intraday tips and daily calls. Offer ends today. Details: t.me/inv139",1,tips_group
"NAV of Axis Midcap as on 1st is Rs 21.15. Mutual fund investments are subject to market risks, read all scheme related documents carefully. 1st को Axis Midcap का NAV Rs 21.15 है। म्यूचुअल फंड निवेश बाज़ार जोखिमों के अधीन हैं।",0,nav
"Hi, OTP for your transaction is 603065. Do not share it with anyone. Valid for 10 minutes.",0,bank
"Hi, 5th को Nippon Small Cap का NAV Rs 60.9 है। म्यूचुअल फंड निवेश बाज़ार जोखिमों के अधीन हैं।",0,nav
"Hi, Dhokhe se bacho: pakka profit ka vaada karne wale group se door rahe. Sirf SEBI registered se milo.",0,advisory
Nominee kaise add kare demat account me? Apne DP ki website par jaye.,0,education
Congratulations! कमाई शुरू करने के लिए हमारा ऐप डाउनलोड करें: trade-21.apk Limited slots. Reply YES to confirm. Offer ends today.,1,fake_app
Nominee kaise add kare demat account me? Apne DP ki website par jaye.,0,education
"VK-INFO: Bhai kal milte hai, SIP ke baare me baat karni hai. Happy Diwali! Wishing you and family a prosperous year.",0,chat
"Dear sir/madam, Processing fee Rs 10000 required to unlock your profit, send to investpro66@ybl. 100% assured profit, zero risk, withdraw anytime. Offer ends today.",1,fee_scam
New fund offer from Parag Parikh Flexi Cap opens on 25/09. Please read the offer document. Visit the official website.,0,amc_offer
"Your SIP of ₹50,000 in Axis Midcap will be processed on 3 Nov. Please maintain sufficient balance.",0,sip
"CONGRATULATIONS! पैसा दोगुना करें, कोई रिस्क नहीं, पक्का रिटर्न।",1,guaranteed
JOIN OUR VIP WHATSAPP GROUP FOR SURE SHOT INTRADAY TIPS AND DAILY CALLS.,1,tips_group
HDFC Flexi Cap का नया फंड ऑफर 12 Oct से खुल रहा है। ऑफर डॉक्यूमेंट ध्यान से पढ़ें। 🚀,0,amc_offer
VK-INFO: Dhokhe se bacho: pakka profit ka vaada karne wale group se door rahe. Sirf SEBI registered se milo. 🚀,0,advisory
"Dear sir/madam, Pay a registration fee of ₹50,000 on UPI investpro58@ybl to activate your account. Hamare VIP WhatsApp group me join karo, daily sure shot tips milenge.",1,fee_scam
"डीमैट अकाउंट में नॉमिनी जोड़ना क्यों ज़रूरी है, जानिए आधिकारिक वेबसाइट पर।",0,education
OTP for your transaction is 690978. Do not share it with anyone. Valid for 10 minutes.,0,bank
सावधान: गारंटीड रिटर्न और टिप्स वाले ग्रुप से बचें। SEBI की वेबसाइट पर सलाहकार जाँचें। 💰,0,advisory
"Hello bhai, Account activate karne ke liye Rs 10000 fee UPI investpro78@ybl pe bhejo. Pre-IPO shares sasta mil raha hai, allotment pakka, sirf kuch slots.",1,fee_scam
KYC pura karne ke liye branch jaye ya official site dekhe. OTP kisi ko na de. KYC पूरा करने के लिए आधिकारिक वेबसाइट या नज़दीकी शाखा जाएँ। OTP किसी को न बताएँ।,0,kyc
"Hi, Limited period: exit load waiver till 12 Oct on HDFC Flexi Cap. Mutual fund investments are subject to market risks.",0,amc_offer
"Dear customer, Nominee kaise add kare demat account me? Apne DP ki website par jaye.",0,education
"सुनिए, Profit withdraw karne ke liye OTP bhejo aur TeamViewer install karo. Join our VIP Telegram group for sure shot intraday tips and daily calls.",1,otp_vishing
"प्रिय ग्राहक, New fund offer from SBI Bluechip opens on 5th. Please read the offer document. Visit the official website.",0,amc_offer
New fund offer from HDFC Flexi Cap opens on 3 Nov. Please read the offer document. Visit the official website.,0,amc_offer
"सुनिए, 10 हज़ार लगाइए और हर महीने 300% का गारंटीड मुनाफ़ा पाइए। ऑफ़र आज खत्म, जल्दी करें। 💰",1,guaranteed
FAKE APPS AND SURE SHOT TIPS ARE SCAMS. NEVER SHARE OTP. REPORT FRAUD ON 1930 OR CYBERCRIME.GOV.IN. 💰,0,advisory
10 हज़ार लगाइए और हर महीने 300% का गारंटीड मुनाफ़ा पाइए।,1,guaranteed
"Hi, NAV of Nippon Small Cap as on 12 Oct is Rs 211.24. Mutual fund investments are subject to market risks, read all scheme related documents carefully.",0,nav
"Hi, KYC पूरा करने के लिए आधिकारिक वेबसाइट या नज़दीकी शाखा जाएँ। OTP किसी को न बताएँ। 💰",0,kyc
"Double your money in 7 days, guaranteed by our fund manager. अकाउंट चालू करने के लिए Rs 10000 रजिस्ट्रेशन फीस UPI investpro24@ybl पर भेजें। Only 6 seats left, hurry!",1,guaranteed
VK-INFO: Your UPI payment of Rs 5617 to the merchant was successful on 5th. OTP for your transaction is 329544. Do not share it with anyone. Valid for 10 minutes.,0,bank
"Hi, Please complete your KYC at our official website or nearest branch. Do not share OTP with anyone.",0,kyc
"Beta, did you check the mutual fund statement? Call me in the evening.",0,chat
"प्रिय ग्राहक, NAV of Axis Midcap as on 1st is Rs 186.63. Mutual fund investments are subject to market risks, read all scheme related documents carefully.",0,nav
"NAV of Parag Parikh Flexi Cap as on 25/09 is Rs 316.59. Mutual fund investments are subject to market risks, read all scheme related documents carefully.",0,nav
"मुनाफ़ा निकालने के लिए आपके फोन पर आया OTP बताइए और AnyDesk इंस्टॉल करें। कमाई शुरू करने के लिए हमारा ऐप डाउनलोड करें: dl.profitapp.in/app.apk Only 7 seats left, hurry! Limited slots. Reply YES to confirm.",1,otp_vishing
"Hello sir, प्री-IPO शेयर 40% सस्ते, इंस्टिट्यूशनल अकाउंट से अलॉटमेंट पक्का। Pay a registration fee of ₹25,000 on UPI investpro63@ybl to activate your account. Limited slots. Reply YES to confirm.",1,preipo
Fake apps and sure shot tips are scams. Never share OTP. Report fraud on 1930 or cybercrime.gov.in. SEBI advisory: Beware of guaranteed returns and unregistered tips groups. Verify advisers on the SEBI website.,0,advisory
"Hi, 12 Oct के ट्रेड का कॉन्ट्रैक्ट नोट आपके रजिस्टर्ड ईमेल पर भेजा गया है।",0,contract_note
"Hi, Happy Diwali! Wishing you and family a prosperous year. Beta, did you check the mutual fund statement? Call me in the evening.",0,chat
"बधाई हो! एक्सपर्ट टीम से रोज़ जैकपॉट स्टॉक कॉल्स पाएँ, ग्रुप जॉइन करें। Paytm Money Pro offers special IPO allotment. Register at paytmmoney-pro.in. Details: t.me/inv733 🚀",1,tips_group
"NAV of HDFC Flexi Cap as on 3 Nov is Rs 253.37. Mutual fund investments are subject to market risks, read all scheme related documents carefully.",0,nav
"Hello bhai, Paisa double in 10 din, guarantee ke saath. Earning start karne ke liye ye app install karo: bit.ly/inv77 सेबी रजिस्टर्ड एक्सपर्ट। ऑफ़र आज खत्म, जल्दी करें।",1,guaranteed
"Hello bhai, ₹5,000 लगाइए और हर महीने 15% का गारंटीड मुनाफ़ा पाइए। Limited slots. Reply YES to confirm. 🚀",1,guaranteed
"Hello bhai, Our operator group gives jackpot stock calls every morning, join now. सेबी रजिस्टर्ड एक्सपर्ट।",1,tips_group
"Hi, Fake apps and sure shot tips are scams. Never share OTP. Report fraud on 1930 or cybercrime.gov.in.",0,advisory
"Namaste, Join our VIP Telegram group for sure shot intraday tips and daily calls. 100% SEBI approved expert. Limited slots. Reply YES to confirm. 💰",1,tips_group
"Hi, To release your profit, share the OTP received and install AnyDesk so our agent can help.",1,otp_vishing
बधाई हो! AAJ KA JACKPOT STOCK CALL CHAHIYE? PREMIUM GROUP JOIN KARO. SEBI REGISTERED.,1,tips_group
"Dear customer, KYC पूरा करने के लिए आधिकारिक वेबसाइट या नज़दीकी शाखा जाएँ। OTP किसी को न बताएँ। Please complete your KYC at our official website or nearest branch. Do not share OTP with anyone.",0,kyc
"Dear customer, Rs 7816 debited from A/c XX8 on 1st. If not you, call the bank helpline. Never share OTP. Your UPI payment of Rs 7816 to the merchant was successful on 1st.",0,bank
Learn what a nominee is in your demat account. Add a nominee online through your DP.,0,education
"Hello bhai, Pre-IPO shares sasta mil raha hai, allotment pakka, sirf kuch slots. Get insider stock tips from our expert team in the premium Telegram channel. 100% SEBI approved expert. Limited slots. Reply YES to confirm.",1,preipo
"Congratulations! पैसा दोगुना करें, कोई रिस्क नहीं, पक्का रिटर्न। Hamare VIP Telegram group me join karo, daily sure shot tips milenge. Bit.ly/inv597 par details dekho.",1,guaranteed
"आपकी ₹25,000 की SIP 12 Oct तारीख को कटेगी। खाते में बैलेंस रखें। आपकी ₹25,000 की SIP 12 Oct तारीख को कटेगी। खाते में बैलेंस रखें।",0,sip
"Hi, KYC pura karne ke liye branch jaye ya official site dekhe. OTP kisi ko na de. KYC पूरा करने के लिए आधिकारिक वेबसाइट या नज़दीकी शाखा जाएँ। OTP किसी को न बताएँ।",0,kyc
"Hi, SEBI advisory: Beware of guaranteed returns and unregistered tips groups. Verify advisers on the SEBI website.",0,advisory
"DEAR INVESTOR, PROCESSING FEE ₹50,000 REQUIRED TO UNLOCK YOUR PROFIT, SEND TO 9832525975@PAYTM. आपका PAYTM MONEY अकाउंट अपडेट करें वरना बंद हो जाएगा: PAYTM-MONEY.XYZ ONLY 3 SEATS LEFT, HURRY! 💰",1,fee_scam
"Invest ₹50,000 and get guaranteed 30% returns every month. Only 4 seats left, hurry! Offer ends today.",1,guaranteed
"HELLO SIR, मुनाफ़ा निकालने के लिए आपके फोन पर आया OTP बताइए और ANYDESK इंस्टॉल करें। कमाई शुरू करने के लिए हमारा ऐप डाउनलोड करें: DL.PROFITAPP.IN/APP.APK",1,otp_vishing
VK-INFO: Happy Diwali! Wishing you and family a prosperous year.,0,chat
"सुनिए, Our operator group gives jackpot stock calls every morning, join now. ऑफ़र आज खत्म, जल्दी करें।",1,tips_group
"Your Groww account needs urgent update. Login at groww-india.xyz to avoid suspension. Rs 10000 लगाइए और हर महीने 10% का गारंटीड मुनाफ़ा पाइए। Only 3 seats left, hurry! Details: t.me/inv162 🚀",1,fake_broker
"Namaste, Pre-IPO shares sasta mil raha hai, allotment pakka, sirf kuch slots. सिर्फ़ 9 सीट बाकी, आज ही!",1,preipo
VK-INFO: Contract note for trades done on 25/09 has been sent to your registered email. Check your app for details.,0,contract_note
"डीमैट अकाउंट में नॉमिनी जोड़ना क्यों ज़रूरी है, जानिए आधिकारिक वेबसाइट पर।",0,education
Learn what a nominee is in your demat account. Add a nominee online through your DP.,0,education
"100% assured profit, zero risk, withdraw anytime. Offer ends today.",1,guaranteed
AAPKE 12 OCT KE TRADES KA CONTRACT NOTE EMAIL PAR BHEJ DIYA GAYA HAI. CONTRACT NOTE FOR TRADES DONE ON 12 OCT HAS BEEN SENT TO YOUR REGISTERED EMAIL. CHECK YOUR APP FOR DETAILS.,0,contract_note
"Hi, New fund offer from Nippon Small Cap opens on 25/09. Please read the offer document. Visit the official website. New fund offer from Nippon Small Cap opens on 25/09. Please read the offer document. Visit the official website.",0,amc_offer
"आपकी ₹25,000 की SIP 5TH तारीख को कटेगी। खाते में बैलेंस रखें।",0,sip
कमाई शुरू करने के लिए हमारा ऐप डाउनलोड करें: bit.ly/inv59,1,fake_app
Aapke 1st ke trades ka contract note email par bhej diya gaya hai. Contract note for trades done on 1st has been sent to your registered email. Check your app for details.,0,contract_note
"Hi, New fund offer from Nippon Small Cap opens on 1st. Please read the offer document. Visit the official website.",0,amc_offer
"Pre-IPO shares at 40% discount through our institutional account, allotment guaranteed. एक्सपर्ट टीम से रोज़ जैकपॉट स्टॉक कॉल्स पाएँ, ग्रुप जॉइन करें। सिर्फ़ 4 सीट बाकी, आज ही!",1,preipo
"Hello sir, कमाई शुरू करने के लिए हमारा ऐप डाउनलोड करें: trade-35.apk Aapka Groww account band hone wala hai, abhi update karo: grow.co.in SEBI registered.",1,fake_app
LEARN WHAT A NOMINEE IS IN YOUR DEMAT ACCOUNT. ADD A NOMINEE ONLINE THROUGH YOUR DP. LEARN WHAT A NOMINEE IS IN YOUR DEMAT ACCOUNT. ADD A NOMINEE ONLINE THROUGH YOUR DP.,0,education
"Hello sir, अकाउंट चालू करने के लिए ₹5,000 रजिस्ट्रेशन फीस UPI 9846058753@paytm पर भेजें। मुनाफ़ा निकालने के लिए आपके फोन पर आया OTP बताइए और AnyDesk इंस्टॉल करें। ऑफ़र आज खत्म, जल्दी करें।",1,fee_scam
"VK-INFO: NAV of Parag Parikh Flexi Cap as on 1st is Rs 219.66. Mutual fund investments are subject to market risks, read all scheme related documents carefully.",0,nav
"Hello bhai, Rs 10000 lagao aur har mahine 20% pakka profit pao, risk zero. Limited slots. Reply YES to confirm.",1,guaranteed
Congratulations! Install the new official app dl.profitapp.in/app.apk and get a free bonus. Bit.ly/inv704 par details dekho.,1,fake_app
Your SIP of 10 हज़ार in Nippon Small Cap will be processed on 3 Nov. Please maintain sufficient balance.,0,sip
Aapke 12 Oct ke trades ka contract note email par bhej diya gaya hai.,0,contract_note
Fake apps and sure shot tips are scams. Never share OTP. Report fraud on 1930 or cybercrime.gov.in. Dhokhe se bacho: pakka profit ka vaada karne wale group se door rahe. Sirf SEBI registered se milo. 👍,0,advisory
"Hello bhai, मुनाफ़ा निकालने के लिए आपके फोन पर आया OTP बताइए और AnyDesk इंस्टॉल करें। ऑफ़र आज खत्म, जल्दी करें।",1,otp_vishing
"Hello bhai, ₹25,000 लगाइए और हर महीने 10% का गारंटीड मुनाफ़ा पाइए। Your Paytm Money account needs urgent update. Login at paytmmoney-pro.in to avoid suspension. Sirf 7 seats bachi, jaldi karo! 🚀",1,guaranteed
"Namaste, Pay a registration fee of ₹50,000 on UPI 9856774019@paytm to activate your account. सेबी रजिस्टर्ड एक्सपर्ट।",1,fee_scam
"प्रिय ग्राहक, Please complete your KYC at our official website or nearest branch. Do not share OTP with anyone.",0,kyc
VK-INFO: 25/09 को AXIS MIDCAP का NAV RS 43.45 है। म्यूचुअल फंड निवेश बाज़ार जोखिमों के अधीन हैं।,0,nav
"25/09 को Parag Parikh Flexi Cap का NAV Rs 118.57 है। म्यूचुअल फंड निवेश बाज़ार जोखिमों के अधीन हैं। NAV of Parag Parikh Flexi Cap as on 25/09 is Rs 118.57. Mutual fund investments are subject to market risks, read all scheme related documents carefully.",0,nav
VK-INFO: 5th को Axis Midcap का NAV Rs 167.45 है। म्यूचुअल फंड निवेश बाज़ार जोखिमों के अधीन हैं। 5th को Axis Midcap का NAV Rs 167.45 है। म्यूचुअल फंड निवेश बाज़ार जोखिमों के अधीन हैं।,0,nav
"प्रिय ग्राहक, 1ST को AXIS MIDCAP का NAV RS 149.59 है। म्यूचुअल फंड निवेश बाज़ार जोखिमों के अधीन हैं।",0,nav
"प्रिय ग्राहक, Rs 7571 debited from A/c XX5 on 3 Nov. If not you, call the bank helpline. Never share OTP. Your UPI payment of Rs 7571 to the merchant was successful on 3 Nov.",0,bank
"सुनिए, Pay a registration fee of 10 हज़ार on UPI investpro14@ybl to activate your account. सिर्फ़ 4 सीट बाकी, आज ही! 100% SEBI approved expert.",1,fee_scam
"प्रिय ग्राहक, HDFC Flexi Cap का नया फंड ऑफर 1st से खुल रहा है। ऑफर डॉक्यूमेंट ध्यान से पढ़ें। HDFC Flexi Cap का नया फंड ऑफर 1st से खुल रहा है। ऑफर डॉक्यूमेंट ध्यान से पढ़ें। 🚀",0,amc_offer
"Dear customer, SBI Bluechip का नया फंड ऑफर 12 Oct से खुल रहा है। ऑफर डॉक्यूमेंट ध्यान से पढ़ें। Limited period: exit load waiver till 12 Oct on SBI Bluechip. Mutual fund investments are subject to market risks. 💰",0,amc_offer
"VK-INFO: YOUR SIP OF ₹50,000 IN AXIS MIDCAP WILL BE PROCESSED ON 12 OCT. PLEASE MAINTAIN SUFFICIENT BALANCE.",0,sip
VK-INFO: Learn what a nominee is in your demat account. Add a nominee online through your DP.,0,education
Contract note for trades done on 1st has been sent to your registered email. Check your app for details.,0,contract_note
"Hi, Rs 1752 debited from A/c XX9 on 25/09. If not you, call the bank helpline. Never share OTP.",0,bank
"एक्सपर्ट टीम से रोज़ जैकपॉट स्टॉक कॉल्स पाएँ, ग्रुप जॉइन करें। Send your PIN and OTP to complete KYC verification now. Limited slots. Reply YES to confirm.",1,tips_group
VK-INFO: OTP for your transaction is 182034. Do not share it with anyone. Valid for 10 minutes.,0,bank
"Dear sir/madam, Our operator group gives jackpot stock calls every morning, join now. 👍",1,tips_group
"Dear investor, Paytm Money Pro offers special IPO allotment. Register at paytm-money.xyz. प्री-IPO शेयर 40% सस्ते, इंस्टिट्यूशनल अकाउंट से अलॉटमेंट पक्का। Limited slots. Reply YES to confirm.",1,fake_broker
"Dear customer, आपकी ₹50,000 की SIP 5th तारीख को कटेगी। खाते में बैलेंस रखें। 🚀",0,sip
"Hi, Beta, did you check the mutual fund statement? Call me in the evening.",0,chat
"Namaste, Account activate karne ke liye ₹5,000 fee UPI 9888693609@paytm pe bhejo.",1,fee_scam
"प्रिय ग्राहक, KYC pura karne ke liye branch jaye ya official site dekhe. OTP kisi ko na de. Please complete your KYC at our official website or nearest branch. Do not share OTP with anyone.",0,kyc
"Rs 3308 debited from A/c XX8 on 1st. If not you, call the bank helpline. Never share OTP. OTP for your transaction is 911457. Do not share it with anyone. Valid for 10 minutes.",0,bank
"हमारे VIP Telegram ग्रुप में जुड़ें, रोज़ पक्के इंट्राडे टिप्स मिलेंगे। Sirf 9 seats bachi, jaldi karo! 100% SEBI approved expert.",1,tips_group
"Pay a registration fee of ₹5,000 on UPI investpro95@ybl to activate your account. सेबी रजिस्टर्ड एक्सपर्ट। 👍",1,fee_scam
"प्रिय ग्राहक, आपके खाते XX7 से Rs 8930 3 Nov को डेबिट हुए। OTP किसी से साझा न करें। Rs 8930 debited from A/c XX7 on 3 Nov. If not you, call the bank helpline. Never share OTP.",0,bank
"बधाई हो! Pre-IPO shares sasta mil raha hai, allotment pakka, sirf kuch slots. Get insider stock tips from our expert team in the premium Telegram channel. Only 4 seats left, hurry!",1,preipo
Dhokhe se bacho: pakka profit ka vaada karne wale group se door rahe. Sirf SEBI registered se milo.,0,advisory
"प्री-IPO शेयर 40% सस्ते, इंस्टिट्यूशनल अकाउंट से अलॉटमेंट पक्का। Only 7 seats left, hurry! Last chance, join now.",1,preipo
"Dear investor, Invest ₹50,000 and get guaranteed 15% returns every month.",1,guaranteed
"प्रिय ग्राहक, KYC पूरा करने के लिए आधिकारिक वेबसाइट या नज़दीकी शाखा जाएँ। OTP किसी को न बताएँ।",0,kyc
"Dear investor, Aaj ka jackpot stock call chahiye? Premium group join karo. Limited slots. Reply YES to confirm.",1,tips_group
VK-INFO: Please complete your KYC at our official website or nearest branch. Do not share OTP with anyone.,0,kyc
"Dear investor, Profit withdraw karne ke liye OTP bhejo aur TeamViewer install karo. सिर्फ़ 8 सीट बाकी, आज ही! Offer ends today.",1,otp_vishing
"Dear sir/madam, अकाउंट चालू करने के लिए ₹5,000 रजिस्ट्रेशन फीस UPI investpro74@ybl पर भेजें। Earning start karne ke liye ye app install karo: bit.ly/inv59 Last chance, join now.",1,fee_scam
"Namaste, हमारे VIP Telegram ग्रुप में जुड़ें, रोज़ पक्के इंट्राडे टिप्स मिलेंगे। Offer ends today.",1,tips_group
"Hi, Aapka Angel One account band hone wala hai, abhi update karo: angel0ne.in प्री-IPO शेयर 40% सस्ते, इंस्टिट्यूशनल अकाउंट से अलॉटमेंट पक्का। SEBI registered.",1,fake_broker
Your Angel One account needs urgent update. Login at angelone-kyc.com to avoid suspension. Bit.ly/inv184 par details dekho. सेबी रजिस्टर्ड एक्सपर्ट।,1,fake_broker
New fund offer from Nippon Small Cap opens on 3 Nov. Please read the offer document. Visit the official website. New fund offer from Nippon Small Cap opens on 3 Nov. Please read the offer document. Visit the official website.,0,amc_offer
"Namaste, Pay a registration fee of 10 हज़ार on UPI 9842317854@paytm to activate your account.",1,fee_scam
"बधाई हो! Pre-IPO shares at 40% discount through our institutional account, allotment guaranteed. Get insider stock tips from our expert team in the premium WhatsApp channel. 100% SEBI approved expert.",1,preipo
"Namaste, Pre-IPO shares sasta mil raha hai, allotment pakka, sirf kuch slots. आपका Zerodha अकाउंट अपडेट करें वरना बंद हो जाएगा: zerodha-kyc.net Last chance, join now.",1,preipo
Nominee kaise add kare demat account me? Apne DP ki website par jaye.,0,education
"Hi, डीमैट अकाउंट में नॉमिनी जोड़ना क्यों ज़रूरी है, जानिए आधिकारिक वेबसाइट पर।",0,education
25/09 को Parag Parikh Flexi Cap का NAV Rs 151.53 है। म्यूचुअल फंड निवेश बाज़ार जोखिमों के अधीन हैं। 💰,0,nav
"Namaste, कमाई शुरू करने के लिए हमारा ऐप डाउनलोड करें: trade-49.apk सेबी रजिस्टर्ड एक्सपर्ट। Last chance, join now.",1,fake_app
25/09 को Nippon Small Cap का NAV Rs 324.45 है। म्यूचुअल फंड निवेश बाज़ार जोखिमों के अधीन हैं।,0,nav
"Dear sir/madam, Double your money in 10 days, guaranteed by our fund manager.",1,guaranteed
"Congratulations! अकाउंट चालू करने के लिए 10 हज़ार रजिस्ट्रेशन फीस UPI investpro3@ybl पर भेजें। Sirf 4 seats bachi, jaldi karo! सिर्फ़ 4 सीट बाकी, आज ही!",1,fee_scam
"Hi, आपका Paytm Money अकाउंट अपडेट करें वरना बंद हो जाएगा: paytm-money.xyz एक्सपर्ट टीम से रोज़ जैकपॉट स्टॉक कॉल्स पाएँ, ग्रुप जॉइन करें। Details: t.me/inv394 सिर्फ़ 8 सीट बाकी, आज ही!",1,fake_broker
"Congratulations! प्री-IPO शेयर 40% सस्ते, इंस्टिट्यूशनल अकाउंट से अलॉटमेंट पक्का। ऑफ़र आज खत्म, जल्दी करें।",1,preipo
"Dear customer, Nominee kaise add kare demat account me? Apne DP ki website par jaye. 💰",0,education
"DEAR INVESTOR, ACCOUNT ACTIVATE KARNE KE LIYE ₹25,000 FEE UPI 9823026427@PAYTM PE BHEJO. 👍",1,fee_scam
"Hello bhai, Paisa double in 10 din, guarantee ke saath. सेबी रजिस्टर्ड एक्सपर्ट।",1,guaranteed
"प्रिय ग्राहक, Your UPI payment of Rs 5668 to the merchant was successful on 1st. 💰",0,bank
"CONGRATULATIONS! आपका GROWW अकाउंट अपडेट करें वरना बंद हो जाएगा: GROWW-INDIA.XYZ PRE-IPO SHARES AT 40% DISCOUNT THROUGH OUR INSTITUTIONAL ACCOUNT, ALLOTMENT GUARANTEED. SIRF 9 SEATS BACHI, JALDI KARO! BIT.LY/INV319 PAR DETAILS DEKHO.",1,fake_broker
"Hi, Our operator group gives jackpot stock calls every morning, join now. Your Groww account needs urgent update. Login at groww-app.in to avoid suspension.",1,tips_group
"NAMASTE, GET INSIDER STOCK TIPS FROM OUR EXPERT TEAM IN THE PREMIUM TELEGRAM CHANNEL. 🚀",1,tips_group
"प्रिय ग्राहक, New fund offer from HDFC Flexi Cap opens on 1st. Please read the offer document. Visit the official website. New fund offer from HDFC Flexi Cap opens on 1st. Please read the offer document. Visit the official website.",0,amc_offer
"Namaste, प्री-IPO शेयर 40% सस्ते, इंस्टिट्यूशनल अकाउंट से अलॉटमेंट पक्का। एक्सपर्ट टीम से रोज़ जैकपॉट स्टॉक कॉल्स पाएँ, ग्रुप जॉइन करें।",1,preipo
"प्रिय ग्राहक, Please complete your KYC at our official website or nearest branch. Do not share OTP with anyone. KYC pura karne ke liye branch jaye ya official site dekhe. OTP kisi ko na de.",0,kyc
"सुनिए, पैसा दोगुना करें, कोई रिस्क नहीं, पक्का रिटर्न। Get insider stock tips from our expert team in the premium WhatsApp channel. Offer ends today.",1,guaranteed
"Hello sir, पैसा दोगुना करें, कोई रिस्क नहीं, पक्का रिटर्न।",1,guaranteed
"बधाई हो! PRE-IPO SHARES SASTA MIL RAHA HAI, ALLOTMENT PAKKA, SIRF KUCH SLOTS. SIRF 9 SEATS BACHI, JALDI KARO! BIT.LY/INV932 PAR DETAILS DEKHO.",1,preipo
"Hello bhai, Processing fee 10 हज़ार required to unlock your profit, send to 9864665622@paytm. Details: t.me/inv428",1,fee_scam
"बधाई हो! Invest ₹25,000 and get guaranteed 15% returns every month. Get insider stock tips from our expert team in the premium Telegram channel. 100% SEBI approved expert.",1,guaranteed
"Hi, डीमैट अकाउंट में नॉमिनी जोड़ना क्यों ज़रूरी है, जानिए आधिकारिक वेबसाइट पर। डीमैट अकाउंट में नॉमिनी जोड़ना क्यों ज़रूरी है, जानिए आधिकारिक वेबसाइट पर।",0,education
"Namaste, Hamare VIP WhatsApp group me join karo, daily sure shot tips milenge. प्री-IPO शेयर 40% सस्ते, इंस्टिट्यूशनल अकाउंट से अलॉटमेंट पक्का। Offer ends today. 👍",1,tips_group
"हमारे VIP WHATSAPP ग्रुप में जुड़ें, रोज़ पक्के इंट्राडे टिप्स मिलेंगे।",1,tips_group
"सुनिए, Profit withdraw karne ke liye OTP bhejo aur TeamViewer install karo. Last chance, join now.",1,otp_vishing
"Dear sir/madam, Processing fee ₹50,000 required to unlock your profit, send to 9869284425@paytm. Limited slots. Reply YES to confirm.",1,fee_scam
"Hello sir, Send your PIN and OTP to complete KYC verification now. Double your money in 15 days, guaranteed by our fund manager. 100% SEBI approved expert.",1,otp_vishing
"Hello bhai, कमाई शुरू करने के लिए हमारा ऐप डाउनलोड करें: dl.profitapp.in/app.apk सिर्फ़ 4 सीट बाकी, आज ही!",1,fake_app
"Hi, आपकी Rs 10000 की SIP 3 Nov तारीख को कटेगी। खाते में बैलेंस रखें।",0,sip
Happy Diwali! Wishing you and family a prosperous year.,0,chat
"प्रिय ग्राहक, NAV of Nippon Small Cap as on 12 Oct is Rs 51.38. Mutual fund investments are subject to market risks, read all scheme related documents carefully.",0,nav
"Hello bhai, Earning start karne ke liye ye app install karo: bit.ly/inv16 Send your PIN and OTP to complete KYC verification now. Details: t.me/inv969 Sirf 4 seats bachi, jaldi karo!",1,fake_app
"VK-INFO: आपकी ₹5,000 की SIP 12 Oct तारीख को कटेगी। खाते में बैलेंस रखें। आपकी ₹5,000 की SIP 12 Oct तारीख को कटेगी। खाते में बैलेंस रखें।",0,sip
"प्रिय ग्राहक, KYC पूरा करने के लिए आधिकारिक वेबसाइट या नज़दीकी शाखा जाएँ। OTP किसी को न बताएँ।",0,kyc
"Dear customer, SIP ka Rs 10000 5th ko katega, balance rakhna. Your SIP of Rs 10000 in SBI Bluechip will be processed on 5th. Please maintain sufficient balance.",0,sip
"Hello sir, Pay a registration fee of ₹5,000 on UPI investpro11@ybl to activate your account. आपका Upstox अकाउंट अपडेट करें वरना बंद हो जाएगा: upst0x.com 100% SEBI approved expert. ऑफ़र आज खत्म, जल्दी करें।",1,fee_scam
"HELLO BHAI, PRE-IPO SHARES SASTA MIL RAHA HAI, ALLOTMENT PAKKA, SIRF KUCH SLOTS. DETAILS: T.ME/INV848",1,preipo
VK-INFO: Happy Diwali! Wishing you and family a prosperous year.,0,chat
PLEASE COMPLETE YOUR KYC AT OUR OFFICIAL WEBSITE OR NEAREST BRANCH. DO NOT SHARE OTP WITH ANYONE.,0,kyc
"DEAR CUSTOMER, 3 NOV को AXIS MIDCAP का NAV RS 198.5 है। म्यूचुअल फंड निवेश बाज़ार जोखिमों के अधीन हैं।",0,nav
"Congratulations! 10 हज़ार लगाइए और हर महीने 20% का गारंटीड मुनाफ़ा पाइए। Get insider stock tips from our expert team in the premium WhatsApp channel. सिर्फ़ 6 सीट बाकी, आज ही! Limited slots. Reply YES to confirm.",1,guaranteed
VK-INFO: Your SIP of 10 हज़ार in HDFC Flexi Cap will be processed on 1st. Please maintain sufficient balance.,0,sip
"DEAR CUSTOMER, BHAI KAL MILTE HAI, SIP KE BAARE ME BAAT KARNI HAI.",0,chat
"सुनिए, Pre-IPO shares sasta mil raha hai, allotment pakka, sirf kuch slots. सेबी रजिस्टर्ड एक्सपर्ट। 100% SEBI approved expert.",1,preipo
"Hi, New fund offer from Parag Parikh Flexi Cap opens on 25/09. Please read the offer document. Visit the official website. Parag Parikh Flexi Cap का नया फंड ऑफर 25/09 से खुल रहा है। ऑफर डॉक्यूमेंट ध्यान से पढ़ें।",0,amc_offer
"सुनिए, कमाई शुरू करने के लिए हमारा ऐप डाउनलोड करें: trade-29.apk",1,fake_app
"बधाई हो! Processing fee 10 हज़ार required to unlock your profit, send to investpro15@ybl. Aapka Paytm Money account band hone wala hai, abhi update karo: paytm-money.xyz ऑफ़र आज खत्म, जल्दी करें।",1,fee_scam
KYC पूरा करने के लिए आधिकारिक वेबसाइट या नज़दीकी शाखा जाएँ। OTP किसी को न बताएँ।,0,kyc
"Namaste, आपका Angel One अकाउंट अपडेट करें वरना बंद हो जाएगा: angelone-kyc.com ऑफ़र आज खत्म, जल्दी करें। 100% SEBI approved expert. 💰",1,fake_broker
"Namaste, मुनाफ़ा निकालने के लिए आपके फोन पर आया OTP बताइए और AnyDesk इंस्टॉल करें। Offer ends today.",1,otp_vishing
"Dear customer, Axis Midcap का नया फंड ऑफर 5th से खुल रहा है। ऑफर डॉक्यूमेंट ध्यान से पढ़ें। New fund offer from Axis Midcap opens on 5th. Please read the offer document. Visit the official website.",0,amc_offer
"प्रिय ग्राहक, Parag Parikh Flexi Cap का नया फंड ऑफर 1st से खुल रहा है। ऑफर डॉक्यूमेंट ध्यान से पढ़ें।",0,amc_offer
"Namaste, Download our trading app from this link to start earning: trade-60.apk Pre-IPO shares sasta mil raha hai, allotment pakka, sirf kuch slots. Only 2 seats left, hurry! Limited slots. Reply YES to confirm.",1,fake_app
"Dear customer, आपकी Rs 10000 की SIP 25/09 तारीख को कटेगी। खाते में बैलेंस रखें।",0,sip
"HELLO SIR, GET INSIDER STOCK TIPS FROM OUR EXPERT TEAM IN THE PREMIUM WHATSAPP CHANNEL. कमाई शुरू करने के लिए हमारा ऐप डाउनलोड करें: DL.PROFITAPP.IN/APP.APK BIT.LY/INV825 PAR DETAILS DEKHO.",1,tips_group
"Hello sir, Our operator group gives jackpot stock calls every morning, join now. Bit.ly/inv308 par details dekho.",1,tips_group
"आपकी ₹50,000 की SIP 3 NOV तारीख को कटेगी। खाते में बैलेंस रखें।",0,sip
"Dear customer, New fund offer from Axis Midcap opens on 5th. Please read the offer document. Visit the official website.",0,amc_offer
"Congratulations! हमारे VIP Telegram ग्रुप में जुड़ें, रोज़ पक्के इंट्राडे टिप्स मिलेंगे। अकाउंट चालू करने के लिए Rs 10000 रजिस्ट्रेशन फीस UPI investpro9@ybl पर भेजें।",1,tips_group
Congratulations! आपका Angel One अकाउंट अपडेट करें वरना बंद हो जाएगा: angelone-kyc.com Limited slots. Reply YES to confirm.,1,fake_broker
"VK-INFO: Nominee kaise add kare demat account me? Apne DP ki website par jaye. डीमैट अकाउंट में नॉमिनी जोड़ना क्यों ज़रूरी है, जानिए आधिकारिक वेबसाइट पर।",0,education
बधाई हो! Invest 10 हज़ार and get guaranteed 20% returns every month. SEBI registered.,1,guaranteed
"NAV of Nippon Small Cap as on 12 Oct is Rs 352.05. Mutual fund investments are subject to market risks, read all scheme related documents carefully.",0,nav
"Dear investor, Send your PIN and OTP to complete KYC verification now. Only 6 seats left, hurry!",1,otp_vishing
"बधाई हो! Pay a registration fee of ₹5,000 on UPI investpro72@ybl to activate your account. मुनाफ़ा निकालने के लिए आपके फोन पर आया OTP बताइए और AnyDesk इंस्टॉल करें। 🚀",1,fee_scam
"Hello bhai, Rs 10000 लगाइए और हर महीने 10% का गारंटीड मुनाफ़ा पाइए।",1,guaranteed
Learn what a nominee is in your demat account. Add a nominee online through your DP.,0,education
"प्रिय ग्राहक, New fund offer from Nippon Small Cap opens on 25/09. Please read the offer document. Visit the official website.",0,amc_offer
"Dear sir/madam, मुनाफ़ा निकालने के लिए आपके फोन पर आया OTP बताइए और AnyDesk इंस्टॉल करें। SEBI registered. 💰",1,otp_vishing
Your UPI payment of Rs 390 to the merchant was successful on 25/09.,0,bank
"Dear investor, Pay a registration fee of 10 हज़ार on UPI 9840795403@paytm to activate your account. Profit withdraw karne ke liye OTP bhejo aur TeamViewer install karo. Bit.ly/inv677 par details dekho.",1,fee_scam
"Hi, NAV of SBI Bluechip as on 25/09 is Rs 355.67. Mutual fund investments are subject to market risks, read all scheme related documents carefully.",0,nav
"प्रिय ग्राहक, डीमैट अकाउंट में नॉमिनी जोड़ना क्यों ज़रूरी है, जानिए आधिकारिक वेबसाइट पर।",0,education
"सुनिए, 10 हज़ार lagao aur har mahine 20% pakka profit pao, risk zero. Send your PIN and OTP to complete KYC verification now. ऑफ़र आज खत्म, जल्दी करें।",1,guaranteed
"Hello sir, हमारे VIP WhatsApp ग्रुप में जुड़ें, रोज़ पक्के इंट्राडे टिप्स मिलेंगे।",1,tips_group
"प्रिय ग्राहक, 1st को Axis Midcap का NAV Rs 314.9 है। म्यूचुअल फंड निवेश बाज़ार जोखिमों के अधीन हैं। 1st को Axis Midcap का NAV Rs 314.9 है। म्यूचुअल फंड निवेश बाज़ार जोखिमों के अधीन हैं।",0,nav
"Dear customer, Axis Midcap का नया फंड ऑफर 5th से खुल रहा है। ऑफर डॉक्यूमेंट ध्यान से पढ़ें। 👍",0,amc_offer
"सुनिए, Processing fee ₹50,000 required to unlock your profit, send to investpro83@ybl. Limited slots. Reply YES to confirm. Offer ends today.",1,fee_scam
"Dear sir/madam, Our operator group gives jackpot stock calls every morning, join now. Limited slots. Reply YES to confirm.",1,tips_group
"सुनिए, DOWNLOAD OUR TRADING APP FROM THIS LINK TO START EARNING: DL.PROFITAPP.IN/APP.APK प्री-IPO शेयर 40% सस्ते, इंस्टिट्यूशनल अकाउंट से अलॉटमेंट पक्का। ONLY 7 SEATS LEFT, HURRY!",1,fake_app
"Dear sir/madam, Pay a registration fee of ₹50,000 on UPI investpro32@ybl to activate your account. To release your profit, share the OTP received and install AnyDesk so our agent can help. सिर्फ़ 7 सीट बाकी, आज ही!",1,fee_scam
"DEAR INVESTOR, आपका UPSTOX अकाउंट अपडेट करें वरना बंद हो जाएगा: UPST0X.COM OUR OPERATOR GROUP GIVES JACKPOT STOCK CALLS EVERY MORNING, JOIN NOW. सेबी रजिस्टर्ड एक्सपर्ट।",1,fake_broker
"Namaste, अकाउंट चालू करने के लिए ₹5,000 रजिस्ट्रेशन फीस UPI investpro4@ybl पर भेजें। SEBI registered.",1,fee_scam
सावधान: गारंटीड रिटर्न और टिप्स वाले ग्रुप से बचें। SEBI की वेबसाइट पर सलाहकार जाँचें।,0,advisory
"DEAR SIR/MADAM, मुनाफ़ा निकालने के लिए आपके फोन पर आया OTP बताइए और ANYDESK इंस्टॉल करें। SIRF 9 SEATS BACHI, JALDI KARO!",1,otp_vishing
Dhokhe se bacho: pakka profit ka vaada karne wale group se door rahe. Sirf SEBI registered se milo.,0,advisory
"बधाई हो! कमाई शुरू करने के लिए हमारा ऐप डाउनलोड करें: bit.ly/inv88 To release your profit, share the OTP received and install AnyDesk so our agent can help. Limited slots. Reply YES to confirm.",1,fake_app
"Dear sir/madam, हमारे VIP WhatsApp ग्रुप में जुड़ें, रोज़ पक्के इंट्राडे टिप्स मिलेंगे।",1,tips_group
"सुनिए, To release your profit, share the OTP received and install AnyDesk so our agent can help. SEBI registered.",1,otp_vishing
"NAMASTE, OUR OPERATOR GROUP GIVES JACKPOT STOCK CALLS EVERY MORNING, JOIN NOW. ऑफ़र आज खत्म, जल्दी करें। SEBI REGISTERED.",1,tips_group
"Hello sir, Get insider stock tips from our expert team in the premium WhatsApp channel. Sirf 6 seats bachi, jaldi karo! 💰",1,tips_group
"प्रिय ग्राहक, Aapke 5th ke trades ka contract note email par bhej diya gaya hai.",0,contract_note
"बधाई हो! Send your PIN and OTP to complete KYC verification now. SEBI registered. ऑफ़र आज खत्म, जल्दी करें।",1,otp_vishing
"Namaste, Block deal opportunity in unlisted shares, limited slots, invest before listing. Sirf 5 seats bachi, jaldi karo!",1,preipo
"Hi, Contract note for trades done on 3 Nov has been sent to your registered email. Check your app for details.",0,contract_note
"बधाई हो! Paisa double in 7 din, guarantee ke saath. Limited slots. Reply YES to confirm. 💰",1,guaranteed
"Hello sir, Processing fee ₹50,000 required to unlock your profit, send to investpro58@ybl. Earning start karne ke liye ye app install karo: dl.profitapp.in/app.apk सेबी रजिस्टर्ड एक्सपर्ट।",1,fee_scam
"HI, SIP KA 10 हज़ार 5TH KO KATEGA, BALANCE RAKHNA.",0,sip
Dhokhe se bacho: pakka profit ka vaada karne wale group se door rahe. Sirf SEBI registered se milo. SEBI advisory: Beware of guaranteed returns and unregistered tips groups. Verify advisers on the SEBI website. 💰,0,advisory
"Namaste, हमारे VIP WhatsApp ग्रुप में जुड़ें, रोज़ पक्के इंट्राडे टिप्स मिलेंगे। अकाउंट चालू करने के लिए 10 हज़ार रजिस्ट्रेशन फीस UPI investpro29@ybl पर भेजें। सेबी रजिस्टर्ड एक्सपर्ट।",1,tips_group
Learn what a nominee is in your demat account. Add a nominee online through your DP. Nominee kaise add kare demat account me? Apne DP ki website par jaye. 👍,0,education
"प्रिय ग्राहक, आपके खाते XX9 से Rs 8107 5th को डेबिट हुए। OTP किसी से साझा न करें।",0,bank
"Namaste, Account activate karne ke liye Rs 10000 fee UPI 9865133871@paytm pe bhejo. Send your PIN and OTP to complete KYC verification now. सिर्फ़ 3 सीट बाकी, आज ही!",1,fee_scam
"सुनिए, Invest Rs 10000 and get guaranteed 20% returns every month. आपका Zerodha अकाउंट अपडेट करें वरना बंद हो जाएगा: zerodha-pro.in Last chance, join now.",1,guaranteed
"HI, EARNING START KARNE KE LIYE YE APP INSTALL KARO: TRADE-43.APK",1,fake_app
"SIP ka 10 हज़ार 3 Nov ko katega, balance rakhna.",0,sip
Contract note for trades done on 12 Oct has been sent to your registered email. Check your app for details.,0,contract_note
"प्रिय ग्राहक, SEBI advisory: Beware of guaranteed returns and unregistered tips groups. Verify advisers on the SEBI website.",0,advisory
"Hi, डीमैट अकाउंट में नॉमिनी जोड़ना क्यों ज़रूरी है, जानिए आधिकारिक वेबसाइट पर।",0,education
"100% assured profit, zero risk, withdraw anytime. Limited slots. Reply YES to confirm.",1,guaranteed
"सुनिए, Join our VIP Telegram group for sure shot intraday tips and daily calls. SEBI registered.",1,tips_group
VK-INFO: KYC पूरा करने के लिए आधिकारिक वेबसाइट या नज़दीकी शाखा जाएँ। OTP किसी को न बताएँ। Please complete your KYC at our official website or nearest branch. Do not share OTP with anyone.,0,kyc
"Dear sir/madam, Download our trading app from this link to start earning: dl.profitapp.in/app.apk ऑफ़र आज खत्म, जल्दी करें।",1,fake_app
25/09 के ट्रेड का कॉन्ट्रैक्ट नोट आपके रजिस्टर्ड ईमेल पर भेजा गया है।,0,contract_note
"Hi, Account activate karne ke liye ₹25,000 fee UPI investpro71@ybl pe bhejo.",1,fee_scam
Please complete your KYC at our official website or nearest branch. Do not share OTP with anyone.,0,kyc
"Hi, Limited period: exit load waiver till 1st on SBI Bluechip. Mutual fund investments are subject to market risks. 🚀",0,amc_offer
Fake apps and sure shot tips are scams. Never share OTP. Report fraud on 1930 or cybercrime.gov.in.,0,advisory
"Hi, Pre-IPO shares at 40% discount through our institutional account, allotment guaranteed. Bit.ly/inv279 par details dekho.",1,preipo
"Dear customer, 25/09 को HDFC Flexi Cap का NAV Rs 173.0 है। म्यूचुअल फंड निवेश बाज़ार जोखिमों के अधीन हैं।",0,nav
"पापा, म्यूचुअल फंड की स्टेटमेंट देखी क्या? शाम को फोन करना।",0,chat
"बधाई हो! Pre-IPO shares sasta mil raha hai, allotment pakka, sirf kuch slots. Your Upstox account needs urgent update. Login at upst0x.com to avoid suspension. ऑफ़र आज खत्म, जल्दी करें।",1,preipo
"Namaste, Account activate karne ke liye Rs 10000 fee UPI investpro76@ybl pe bhejo. Only 4 seats left, hurry! Offer ends today.",1,fee_scam
Fake apps and sure shot tips are scams. Never share OTP. Report fraud on 1930 or cybercrime.gov.in.,0,advisory
5th को Parag Parikh Flexi Cap का NAV Rs 221.87 है। म्यूचुअल फंड निवेश बाज़ार जोखिमों के अधीन हैं। 5th को Parag Parikh Flexi Cap का NAV Rs 221.87 है। म्यूचुअल फंड निवेश बाज़ार जोखिमों के अधीन हैं।,0,nav
VK-INFO: Fake apps and sure shot tips are scams. Never share OTP. Report fraud on 1930 or cybercrime.gov.in.,0,advisory
"Hello bhai, Earning start karne ke liye ye app install karo: trade-74.apk ऑफ़र आज खत्म, जल्दी करें। 100% SEBI approved expert.",1,fake_app
"Hi, New fund offer from Parag Parikh Flexi Cap opens on 25/09. Please read the offer document. Visit the official website. New fund offer from Parag Parikh Flexi Cap opens on 25/09. Please read the offer document. Visit the official website.",0,amc_offer
"Hi, Contract note for trades done on 3 Nov has been sent to your registered email. Check your app for details. Aapke 3 Nov ke trades ka contract note email par bhej diya gaya hai.",0,contract_note
VK-INFO: KYC pura karne ke liye branch jaye ya official site dekhe. OTP kisi ko na de.,0,kyc
Axis Midcap का नया फंड ऑफर 12 Oct से खुल रहा है। ऑफर डॉक्यूमेंट ध्यान से पढ़ें। Axis Midcap का नया फंड ऑफर 12 Oct से खुल रहा है। ऑफर डॉक्यूमेंट ध्यान से पढ़ें।,0,amc_offer
"Namaste, प्री-IPO शेयर 40% सस्ते, इंस्टिट्यूशनल अकाउंट से अलॉटमेंट पक्का। Paisa double in 30 din, guarantee ke saath. Last chance, join now. SEBI registered.",1,preipo
"Hello sir, Processing fee 10 हज़ार required to unlock your profit, send to 9858749038@paytm. ऑफ़र आज खत्म, जल्दी करें।",1,fee_scam
"Hi, SIP ka 10 हज़ार 12 Oct ko katega, balance rakhna. Your SIP of 10 हज़ार in Axis Midcap will be processed on 12 Oct. Please maintain sufficient balance.",0,sip
"Hello sir, मुनाफ़ा निकालने के लिए आपके फोन पर आया OTP बताइए और AnyDesk इंस्टॉल करें। सेबी रजिस्टर्ड एक्सपर्ट।",1,otp_vishing
"Block deal opportunity in unlisted shares, limited slots, invest before listing. Profit withdraw karne ke liye OTP bhejo aur TeamViewer install karo. Last chance, join now.",1,preipo
"बधाई हो! SEND YOUR PIN AND OTP TO COMPLETE KYC VERIFICATION NOW. LAST CHANCE, JOIN NOW. सिर्फ़ 6 सीट बाकी, आज ही!",1,otp_vishing
"पैसा दोगुना करें, कोई रिस्क नहीं, पक्का रिटर्न। सेबी रजिस्टर्ड एक्सपर्ट।",1,guaranteed
"Dear customer, Happy Diwali! Wishing you and family a prosperous year.",0,chat
"Namaste, Block deal opportunity in unlisted shares, limited slots, invest before listing. Processing fee Rs 10000 required to unlock your profit, send to investpro48@ybl. SEBI registered. सेबी रजिस्टर्ड एक्सपर्ट।",1,preipo
"Dear sir/madam, Send your PIN and OTP to complete KYC verification now.",1,otp_vishing
"Rs 2596 debited from A/c XX4 on 12 Oct. If not you, call the bank helpline. Never share OTP.",0,bank
आपके खाते XX7 से Rs 6776 5th को डेबिट हुए। OTP किसी से साझा न करें।,0,bank
"Dear sir/madam, Get insider stock tips from our expert team in the premium Telegram channel. Limited slots. Reply YES to confirm. 100% SEBI approved expert.",1,tips_group
"Hello bhai, Groww Pro offers special IPO allotment. Register at groww-india.xyz. Install the new official app dl.profitapp.in/app.apk and get a free bonus. सिर्फ़ 8 सीट बाकी, आज ही!",1,fake_broker
KYC pura karne ke liye branch jaye ya official site dekhe. OTP kisi ko na de.,0,kyc
"Dear investor, Profit withdraw karne ke liye OTP bhejo aur TeamViewer install karo. Invest ₹50,000 and get guaranteed 20% returns every month. सिर्फ़ 2 सीट बाकी, आज ही! Bit.ly/inv546 par details dekho.",1,otp_vishing
"HI, DHOKHE SE BACHO: PAKKA PROFIT KA VAADA KARNE WALE GROUP SE DOOR RAHE. SIRF SEBI REGISTERED SE MILO. SEBI ADVISORY: BEWARE OF GUARANTEED RETURNS AND UNREGISTERED TIPS GROUPS. VERIFY ADVISERS ON THE SEBI WEBSITE.",0,advisory
"Pre-IPO shares sasta mil raha hai, allotment pakka, sirf kuch slots. Your Groww account needs urgent update. Login at grow.co.in to avoid suspension. सेबी रजिस्टर्ड एक्सपर्ट।",1,preipo
"Hello bhai, Angel One Pro offers special IPO allotment. Register at angel0ne.in.",1,fake_broker
"प्रिय ग्राहक, Happy Diwali! Wishing you and family a prosperous year. Bhai kal milte hai, SIP ke baare me baat karni hai.",0,chat
"Dear customer, Contract note for trades done on 5th has been sent to your registered email. Check your app for details.",0,contract_note
"Hello bhai, Send your PIN and OTP to complete KYC verification now. Double your money in 15 days, guaranteed by our fund manager. Limited slots. Reply YES to confirm.",1,otp_vishing
"पापा, म्यूचुअल फंड की स्टेटमेंट देखी क्या? शाम को फोन करना।",0,chat
आपकी Rs 10000 की SIP 12 Oct तारीख को कटेगी। खाते में बैलेंस रखें।,0,sip
"प्रिय ग्राहक, KYC PURA KARNE KE LIYE BRANCH JAYE YA OFFICIAL SITE DEKHE. OTP KISI KO NA DE.",0,kyc
"सुनिए, AAPKA UPSTOX ACCOUNT BAND HONE WALA HAI, ABHI UPDATE KARO: UPSTOX-LOGIN.IN DETAILS: T.ME/INV434",1,fake_broker
Zerodha Pro offers special IPO allotment. Register at zer0dha.com. Limited slots. Reply YES to confirm.,1,fake_broker
NOMINEE KAISE ADD KARE DEMAT ACCOUNT ME? APNE DP KI WEBSITE PAR JAYE. LEARN WHAT A NOMINEE IS IN YOUR DEMAT ACCOUNT. ADD A NOMINEE ONLINE THROUGH YOUR DP.,0,education
"Dear investor, To release your profit, share the OTP received and install AnyDesk so our agent can help. ऑफ़र आज खत्म, जल्दी करें। Offer ends today.",1,otp_vishing
"Hello bhai, Download our trading app from this link to start earning: bit.ly/inv24 Upstox Pro offers special IPO allotment. Register at upstox-login.in. 100% SEBI approved expert. Offer ends today.",1,fake_app
"Hi, Rs 4402 debited from A/c XX2 on 3 Nov. If not you, call the bank helpline. Never share OTP. 👍",0,bank
"Congratulations! आपका Angel One अकाउंट अपडेट करें वरना बंद हो जाएगा: angelone-kyc.com Double your money in 10 days, guaranteed by our fund manager. ऑफ़र आज खत्म, जल्दी करें। 👍",1,fake_broker
"Beta, did you check the mutual fund statement? Call me in the evening.",0,chat
"HELLO SIR, EARNING START KARNE KE LIYE YE APP INSTALL KARO: TRADE-39.APK पैसा दोगुना करें, कोई रिस्क नहीं, पक्का रिटर्न। SEBI REGISTERED. BIT.LY/INV341 PAR DETAILS DEKHO.",1,fake_app
कमाई शुरू करने के लिए हमारा ऐप डाउनलोड करें: bit.ly/inv38 Offer ends today.,1,fake_app
"Block deal opportunity in unlisted shares, limited slots, invest before listing. Only 8 seats left, hurry!",1,preipo
"Namaste, मुनाफ़ा निकालने के लिए आपके फोन पर आया OTP बताइए और AnyDesk इंस्टॉल करें। SEBI registered.",1,otp_vishing
"Dear investor, Block deal opportunity in unlisted shares, limited slots, invest before listing. सिर्फ़ 7 सीट बाकी, आज ही!",1,preipo
"Hi, SIP ka Rs 10000 5th ko katega, balance rakhna. आपकी Rs 10000 की SIP 5th तारीख को कटेगी। खाते में बैलेंस रखें।",0,sip
Fake apps and sure shot tips are scams. Never share OTP. Report fraud on 1930 or cybercrime.gov.in.,0,advisory
"Hi, HDFC Flexi Cap का नया फंड ऑफर 1st से खुल रहा है। ऑफर डॉक्यूमेंट ध्यान से पढ़ें।",0,amc_offer
NEW FUND OFFER FROM AXIS MIDCAP OPENS ON 25/09. PLEASE READ THE OFFER DOCUMENT. VISIT THE OFFICIAL WEBSITE. AXIS MIDCAP का नया फंड ऑफर 25/09 से खुल रहा है। ऑफर डॉक्यूमेंट ध्यान से पढ़ें।,0,amc_offer
"Dear customer, 12 Oct के ट्रेड का कॉन्ट्रैक्ट नोट आपके रजिस्टर्ड ईमेल पर भेजा गया है। Contract note for trades done on 12 Oct has been sent to your registered email. Check your app for details.",0,contract_note
Please complete your KYC at our official website or nearest branch. Do not share OTP with anyone. KYC पूरा करने के लिए आधिकारिक वेबसाइट या नज़दीकी शाखा जाएँ। OTP किसी को न बताएँ।,0,kyc
"Dear sir/madam, Send your PIN and OTP to complete KYC verification now. 100% SEBI approved expert.",1,otp_vishing
"Angel One Pro offers special IPO allotment. Register at angelone-kyc.com. Install the new official app trade-84.apk and get a free bonus. Last chance, join now.",1,fake_broker
"Congratulations! Groww Pro offers special IPO allotment. Register at groww-app.in. सिर्फ़ 4 सीट बाकी, आज ही!",1,fake_broker
KYC pura karne ke liye branch jaye ya official site dekhe. OTP kisi ko na de.,0,kyc
Earning start karne ke liye ye app install karo: dl.profitapp.in/app.apk Send your PIN and OTP to complete KYC verification now.,1,fake_app
"Hello sir, Send your PIN and OTP to complete KYC verification now. Download our trading app from this link to start earning: trade-90.apk",1,otp_vishing
"Paytm Money Pro offers special IPO allotment. Register at paytmmoney-pro.in. Double your money in 7 days, guaranteed by our fund manager. Only 3 seats left, hurry! Details: t.me/inv371",1,fake_broker
"Earning start karne ke liye ye app install karo: trade-56.apk 100% assured profit, zero risk, withdraw anytime. SEBI registered.",1,fake_app
"Hi, कमाई शुरू करने के लिए हमारा ऐप डाउनलोड करें: dl.profitapp.in/app.apk Last chance, join now.",1,fake_app
"Paisa double in 10 din, guarantee ke saath. Block deal opportunity in unlisted shares, limited slots, invest before listing. SEBI registered.",1,guaranteed
"हमारे VIP WhatsApp ग्रुप में जुड़ें, रोज़ पक्के इंट्राडे टिप्स मिलेंगे। Pre-IPO shares sasta mil raha hai, allotment pakka, sirf kuch slots.",1,tips_group
"Dear customer, Fake apps and sure shot tips are scams. Never share OTP. Report fraud on 1930 or cybercrime.gov.in.",0,advisory
"सुनिए, Your Zerodha account needs urgent update. Login at zerodha-pro.in to avoid suspension. Bit.ly/inv109 par details dekho. सिर्फ़ 5 सीट बाकी, आज ही!",1,fake_broker
"बधाई हो! Aapka Angel One account band hone wala hai, abhi update karo: angelone-kyc.com एक्सपर्ट टीम से रोज़ जैकपॉट स्टॉक कॉल्स पाएँ, ग्रुप जॉइन करें। SEBI registered. 100% SEBI approved expert.",1,fake_broker
"Install the new official app trade-10.apk and get a free bonus. पैसा दोगुना करें, कोई रिस्क नहीं, पक्का रिटर्न। 100% SEBI approved expert. 💰",1,fake_app
आपके खाते XX7 से Rs 4044 1st को डेबिट हुए। OTP किसी से साझा न करें।,0,bank
VK-INFO: KYC pura karne ke liye branch jaye ya official site dekhe. OTP kisi ko na de. 👍,0,kyc
"Dear customer, Nominee kaise add kare demat account me? Apne DP ki website par jaye.",0,education
"Dear customer, आपकी ₹5,000 की SIP 25/09 तारीख को कटेगी। खाते में बैलेंस रखें। SIP ka ₹5,000 25/09 ko katega, balance rakhna.",0,sip
"प्रिय ग्राहक, KYC pura karne ke liye branch jaye ya official site dekhe. OTP kisi ko na de.",0,kyc
"Dear investor, Earning start karne ke liye ye app install karo: trade-66.apk Join our VIP Telegram group for sure shot intraday tips and daily calls. Sirf 5 seats bachi, jaldi karo! Bit.ly/inv238 par details dekho. 🚀",1,fake_app
"Congratulations! Block deal opportunity in unlisted shares, limited slots, invest before listing.",1,preipo
"Hello sir, 100% assured profit, zero risk, withdraw anytime. Pay a registration fee of 10 हज़ार on UPI investpro95@ybl to activate your account. Only 9 seats left, hurry! Offer ends today.",1,guaranteed
Nominee kaise add kare demat account me? Apne DP ki website par jaye. 👍,0,education
"प्रिय ग्राहक, SEBI advisory: Beware of guaranteed returns and unregistered tips groups. Verify advisers on the SEBI website.",0,advisory
आपके खाते XX5 से Rs 4414 25/09 को डेबिट हुए। OTP किसी से साझा न करें। 💰,0,bank
VK-INFO: Contract note for trades done on 1st has been sent to your registered email. Check your app for details. Contract note for trades done on 1st has been sent to your registered email. Check your app for details.,0,contract_note
"बधाई हो! Pay a registration fee of Rs 10000 on UPI 9804298167@paytm to activate your account. ऑफ़र आज खत्म, जल्दी करें।",1,fee_scam
"DEAR CUSTOMER, YOUR UPI PAYMENT OF RS 4583 TO THE MERCHANT WAS SUCCESSFUL ON 3 NOV. RS 4583 DEBITED FROM A/C XX2 ON 3 NOV. IF NOT YOU, CALL THE BANK HELPLINE. NEVER SHARE OTP.",0,bank
"DEAR INVESTOR, PRE-IPO SHARES AT 40% DISCOUNT THROUGH OUR INSTITUTIONAL ACCOUNT, ALLOTMENT GUARANTEED. सिर्फ़ 8 सीट बाकी, आज ही!",1,preipo
"Namaste, Pre-IPO shares sasta mil raha hai, allotment pakka, sirf kuch slots. Aapka Zerodha account band hone wala hai, abhi update karo: zerodha-pro.in Only 7 seats left, hurry!",1,preipo
"Hi, Hamare VIP WhatsApp group me join karo, daily sure shot tips milenge. कमाई शुरू करने के लिए हमारा ऐप डाउनलोड करें: dl.profitapp.in/app.apk SEBI registered. 🚀",1,tips_group
KYC pura karne ke liye branch jaye ya official site dekhe. OTP kisi ko na de. KYC pura karne ke liye branch jaye ya official site dekhe. OTP kisi ko na de.,0,kyc
"DEAR CUSTOMER, LEARN WHAT A NOMINEE IS IN YOUR DEMAT ACCOUNT. ADD A NOMINEE ONLINE THROUGH YOUR DP.",0,education
"VK-INFO: Your SIP of ₹25,000 in SBI Bluechip will be processed on 12 Oct. Please maintain sufficient balance. 🚀",0,sip
"Hello bhai, 100% assured profit, zero risk, withdraw anytime. हमारे VIP WhatsApp ग्रुप में जुड़ें, रोज़ पक्के इंट्राडे टिप्स मिलेंगे। Offer ends today. 🚀",1,guaranteed
"HI, PLEASE COMPLETE YOUR KYC AT OUR OFFICIAL WEBSITE OR NEAREST BRANCH. DO NOT SHARE OTP WITH ANYONE.",0,kyc
"Dear sir/madam, Join our VIP Telegram group for sure shot intraday tips and daily calls. Sirf 9 seats bachi, jaldi karo! सेबी रजिस्टर्ड एक्सपर्ट।",1,tips_group
"SIP ka ₹25,000 1st ko katega, balance rakhna.",0,sip
"एक्सपर्ट टीम से रोज़ जैकपॉट स्टॉक कॉल्स पाएँ, ग्रुप जॉइन करें। सेबी रजिस्टर्ड एक्सपर्ट।",1,tips_group
"Congratulations! Paytm Money Pro offers special IPO allotment. Register at paytmmoney-pro.in. Send your PIN and OTP to complete KYC verification now. ऑफ़र आज खत्म, जल्दी करें।",1,fake_broker
"HELLO SIR, AAPKA ANGEL ONE ACCOUNT BAND HONE WALA HAI, ABHI UPDATE KARO: ANGEL0NE.IN सिर्फ़ 5 सीट बाकी, आज ही! 👍",1,fake_broker
VK-INFO: 25/09 को Parag Parikh Flexi Cap का NAV Rs 129.66 है। म्यूचुअल फंड निवेश बाज़ार जोखिमों के अधीन हैं।,0,nav
KYC पूरा करने के लिए आधिकारिक वेबसाइट या नज़दीकी शाखा जाएँ। OTP किसी को न बताएँ।,0,kyc
"Dear customer, Fake apps and sure shot tips are scams. Never share OTP. Report fraud on 1930 or cybercrime.gov.in. Dhokhe se bacho: pakka profit ka vaada karne wale group se door rahe. Sirf SEBI registered se milo.",0,advisory
"Congratulations! Double your money in 10 days, guaranteed by our fund manager.",1,guaranteed
VK-INFO: Your SIP of Rs 10000 in HDFC Flexi Cap will be processed on 1st. Please maintain sufficient balance. 👍,0,sip
"Dear customer, सावधान: गारंटीड रिटर्न और टिप्स वाले ग्रुप से बचें। SEBI की वेबसाइट पर सलाहकार जाँचें।",0,advisory
SEBI advisory: Beware of guaranteed returns and unregistered tips groups. Verify advisers on the SEBI website.,0,advisory
Your UPI payment of Rs 6026 to the merchant was successful on 1st.,0,bank
"Congratulations! मुनाफ़ा निकालने के लिए आपके फोन पर आया OTP बताइए और AnyDesk इंस्टॉल करें। Paisa double in 10 din, guarantee ke saath. Details: t.me/inv497 SEBI registered.",1,otp_vishing
"Earning start karne ke liye ye app install karo: trade-83.apk Send your PIN and OTP to complete KYC verification now. Sirf 7 seats bachi, jaldi karo!",1,fake_app
"प्रिय ग्राहक, पापा, म्यूचुअल फंड की स्टेटमेंट देखी क्या? शाम को फोन करना। Happy Diwali! Wishing you and family a prosperous year.",0,chat
"बधाई हो! GET INSIDER STOCK TIPS FROM OUR EXPERT TEAM IN THE PREMIUM WHATSAPP CHANNEL. सिर्फ़ 9 सीट बाकी, आज ही!",1,tips_group
"Dear investor, Processing fee 10 हज़ार required to unlock your profit, send to 9897969275@paytm. Offer ends today. Last chance, join now.",1,fee_scam
"Congratulations! Earning start karne ke liye ye app install karo: trade-70.apk Get insider stock tips from our expert team in the premium WhatsApp channel. सेबी रजिस्टर्ड एक्सपर्ट। Sirf 5 seats bachi, jaldi karo!",1,fake_app
"Dear investor, Rs 10000 लगाइए और हर महीने 50% का गारंटीड मुनाफ़ा पाइए। Limited slots. Reply YES to confirm.",1,guaranteed
"बधाई हो! प्री-IPO शेयर 40% सस्ते, इंस्टिट्यूशनल अकाउंट से अलॉटमेंट पक्का। 100% assured profit, zero risk, withdraw anytime. Only 6 seats left, hurry!",1,preipo
"Dear sir/madam, Zerodha Pro offers special IPO allotment. Register at zer0dha.com. Offer ends today.",1,fake_broker
"To release your profit, share the OTP received and install AnyDesk so our agent can help. 100% SEBI approved expert. Bit.ly/inv772 par details dekho.",1,otp_vishing
"Dear customer, 12 Oct को Axis Midcap का NAV Rs 388.6 है। म्यूचुअल फंड निवेश बाज़ार जोखिमों के अधीन हैं।",0,nav
"Hello sir, कमाई शुरू करने के लिए हमारा ऐप डाउनलोड करें: bit.ly/inv54 100% SEBI approved expert.",1,fake_app
"Hi, कमाई शुरू करने के लिए हमारा ऐप डाउनलोड करें: dl.profitapp.in/app.apk ऑफ़र आज खत्म, जल्दी करें।",1,fake_app
"प्रिय ग्राहक, Dhokhe se bacho: pakka profit ka vaada karne wale group se door rahe. Sirf SEBI registered se milo. 🚀",0,advisory
"Aapka Zerodha account band hone wala hai, abhi update karo: zer0dha.com Last chance, join now.",1,fake_broker
"Dear customer, HDFC Flexi Cap का नया फंड ऑफर 5th से खुल रहा है। ऑफर डॉक्यूमेंट ध्यान से पढ़ें।",0,amc_offer
"प्रिय ग्राहक, Your SIP of ₹5,000 in Parag Parikh Flexi Cap will be processed on 1st. Please maintain sufficient balance.",0,sip
"Hi, डीमैट अकाउंट में नॉमिनी जोड़ना क्यों ज़रूरी है, जानिए आधिकारिक वेबसाइट पर।",0,education
"Hi, SEBI advisory: Beware of guaranteed returns and unregistered tips groups. Verify advisers on the SEBI website.",0,advisory
"VK-INFO: NAV of Nippon Small Cap as on 3 Nov is Rs 38.93. Mutual fund investments are subject to market risks, read all scheme related documents carefully.",0,nav
"Dear customer, Parag Parikh Flexi Cap का नया फंड ऑफर 12 Oct से खुल रहा है। ऑफर डॉक्यूमेंट ध्यान से पढ़ें। Limited period: exit load waiver till 12 Oct on Parag Parikh Flexi Cap. Mutual fund investments are subject to market risks.",0,amc_offer
"DEAR SIR/MADAM, TO RELEASE YOUR PROFIT, SHARE THE OTP RECEIVED AND INSTALL ANYDESK SO OUR AGENT CAN HELP. BIT.LY/INV239 PAR DETAILS DEKHO.",1,otp_vishing
KYC PURA KARNE KE LIYE BRANCH JAYE YA OFFICIAL SITE DEKHE. OTP KISI KO NA DE.,0,kyc
VK-INFO: Fake apps and sure shot tips are scams. Never share OTP. Report fraud on 1930 or cybercrime.gov.in. 🚀,0,advisory
Nominee kaise add kare demat account me? Apne DP ki website par jaye. 👍,0,education
"Hi, Aaj ka jackpot stock call chahiye? Premium group join karo.",1,tips_group
SBI Bluechip का नया फंड ऑफर 12 Oct से खुल रहा है। ऑफर डॉक्यूमेंट ध्यान से पढ़ें। New fund offer from SBI Bluechip opens on 12 Oct. Please read the offer document. Visit the official website.,0,amc_offer
VK-INFO: Fake apps and sure shot tips are scams. Never share OTP. Report fraud on 1930 or cybercrime.gov.in. सावधान: गारंटीड रिटर्न और टिप्स वाले ग्रुप से बचें। SEBI की वेबसाइट पर सलाहकार जाँचें।,0,advisory
"बधाई हो! Download our trading app from this link to start earning: bit.ly/inv69 Pre-IPO shares at 40% discount through our institutional account, allotment guaranteed.",1,fake_app
"Namaste, Download our trading app from this link to start earning: bit.ly/inv52 Last chance, join now.",1,fake_app
"बधाई हो! 100% assured profit, zero risk, withdraw anytime. Paytm Money Pro offers special IPO allotment. Register at paytm-money.xyz. 👍",1,guaranteed
12 Oct को Axis Midcap का NAV Rs 176.97 है। म्यूचुअल फंड निवेश बाज़ार जोखिमों के अधीन हैं।,0,nav
"Dear sir/madam, आपका Groww अकाउंट अपडेट करें वरना बंद हो जाएगा: grow.co.in ऑफ़र आज खत्म, जल्दी करें। Sirf 4 seats bachi, jaldi karo!",1,fake_broker
"Namaste, Get insider stock tips from our expert team in the premium Telegram channel. Bit.ly/inv319 par details dekho. ऑफ़र आज खत्म, जल्दी करें।",1,tips_group
"Your SIP of ₹50,000 in SBI Bluechip will be processed on 12 Oct. Please maintain sufficient balance.",0,sip
"Congratulations! Pre-IPO shares sasta mil raha hai, allotment pakka, sirf kuch slots. Offer ends today.",1,preipo
VK-INFO: KYC PURA KARNE KE LIYE BRANCH JAYE YA OFFICIAL SITE DEKHE. OTP KISI KO NA DE. KYC पूरा करने के लिए आधिकारिक वेबसाइट या नज़दीकी शाखा जाएँ। OTP किसी को न बताएँ।,0,kyc
"Hello sir, एक्सपर्ट टीम से रोज़ जैकपॉट स्टॉक कॉल्स पाएँ, ग्रुप जॉइन करें। ऑफ़र आज खत्म, जल्दी करें। Last chance, join now. 👍",1,tips_group
"Hi, Happy Diwali! Wishing you and family a prosperous year. पापा, म्यूचुअल फंड की स्टेटमेंट देखी क्या? शाम को फोन करना।",0,chat
"Hi, To release your profit, share the OTP received and install AnyDesk so our agent can help. Our operator group gives jackpot stock calls every morning, join now. 👍",1,otp_vishing
Earning start karne ke liye ye app install karo: bit.ly/inv39 Aaj ka jackpot stock call chahiye? Premium group join karo. SEBI registered.,1,fake_app
"NAMASTE, PAY A REGISTRATION FEE OF ₹25,000 ON UPI INVESTPRO93@YBL TO ACTIVATE YOUR ACCOUNT. सेबी रजिस्टर्ड एक्सपर्ट।",1,fee_scam
"कमाई शुरू करने के लिए हमारा ऐप डाउनलोड करें: dl.profitapp.in/app.apk अकाउंट चालू करने के लिए 10 हज़ार रजिस्ट्रेशन फीस UPI investpro76@ybl पर भेजें। ऑफ़र आज खत्म, जल्दी करें।",1,fake_app
Your UPI payment of Rs 3049 to the merchant was successful on 5th. OTP for your transaction is 397559. Do not share it with anyone. Valid for 10 minutes. 🚀,0,bank
"Hi, KYC पूरा करने के लिए आधिकारिक वेबसाइट या नज़दीकी शाखा जाएँ। OTP किसी को न बताएँ। KYC pura karne ke liye branch jaye ya official site dekhe. OTP kisi ko na de.",0,kyc
"Hi, Pre-IPO shares at 40% discount through our institutional account, allotment guaranteed. एक्सपर्ट टीम से रोज़ जैकपॉट स्टॉक कॉल्स पाएँ, ग्रुप जॉइन करें। सेबी रजिस्टर्ड एक्सपर्ट।",1,preipo
"Dear customer, डीमैट अकाउंट में नॉमिनी जोड़ना क्यों ज़रूरी है, जानिए आधिकारिक वेबसाइट पर।",0,education
Nominee kaise add kare demat account me? Apne DP ki website par jaye.,0,education
"प्रिय ग्राहक, Nippon Small Cap का नया फंड ऑफर 25/09 से खुल रहा है। ऑफर डॉक्यूमेंट ध्यान से पढ़ें।",0,amc_offer
बधाई हो! Earning start karne ke liye ye app install karo: bit.ly/inv59 SEBI registered. 100% SEBI approved expert. 👍,1,fake_app
"DEAR CUSTOMER, सावधान: गारंटीड रिटर्न और टिप्स वाले ग्रुप से बचें। SEBI की वेबसाइट पर सलाहकार जाँचें।",0,advisory
"प्रिय ग्राहक, Limited period: exit load waiver till 3 Nov on SBI Bluechip. Mutual fund investments are subject to market risks.",0,amc_offer
"प्रिय ग्राहक, Rs 9268 debited from A/c XX3 on 25/09. If not you, call the bank helpline. Never share OTP.",0,bank
"Namaste, आपका Zerodha अकाउंट अपडेट करें वरना बंद हो जाएगा: zerodha-pro.in 10 हज़ार लगाइए और हर महीने 30% का गारंटीड मुनाफ़ा पाइए।",1,fake_broker
"सुनिए, कमाई शुरू करने के लिए हमारा ऐप डाउनलोड करें: bit.ly/inv21 Hamare VIP WhatsApp group me join karo, daily sure shot tips milenge. सिर्फ़ 4 सीट बाकी, आज ही! Last chance, join now.",1,fake_app
VK-INFO: आपकी 10 हज़ार की SIP 1st तारीख को कटेगी। खाते में बैलेंस रखें।,0,sip
"Hi, Learn what a nominee is in your demat account. Add a nominee online through your DP.",0,education
"बधाई हो! Aaj ka jackpot stock call chahiye? Premium group join karo. अकाउंट चालू करने के लिए ₹25,000 रजिस्ट्रेशन फीस UPI investpro49@ybl पर भेजें। Offer ends today. Only 3 seats left, hurry!",1,tips_group
"प्रिय ग्राहक, Beta, did you check the mutual fund statement? Call me in the evening.",0,chat
"VK-INFO: आपकी ₹50,000 की SIP 3 Nov तारीख को कटेगी। खाते में बैलेंस रखें। SIP ka ₹50,000 3 Nov ko katega, balance rakhna.",0,sip
"Namaste, To release your profit, share the OTP received and install AnyDesk so our agent can help.",1,otp_vishing
"Hi, Processing fee ₹25,000 required to unlock your profit, send to investpro26@ybl. Install the new official app trade-32.apk and get a free bonus. Offer ends today.",1,fee_scam
"Dear customer, KYC पूरा करने के लिए आधिकारिक वेबसाइट या नज़दीकी शाखा जाएँ। OTP किसी को न बताएँ।",0,kyc
"Rs 10000 lagao aur har mahine 30% pakka profit pao, risk zero.",1,guaranteed
"Hi, Double your money in 15 days, guaranteed by our fund manager. मुनाफ़ा निकालने के लिए आपके फोन पर आया OTP बताइए और AnyDesk इंस्टॉल करें। Bit.ly/inv747 par details dekho. SEBI registered.",1,guaranteed
"RS 3736 DEBITED FROM A/C XX8 ON 3 NOV. IF NOT YOU, CALL THE BANK HELPLINE. NEVER SHARE OTP.",0,bank
"Hi, डीमैट अकाउंट में नॉमिनी जोड़ना क्यों ज़रूरी है, जानिए आधिकारिक वेबसाइट पर।",0,education
New fund offer from Parag Parikh Flexi Cap opens on 1st. Please read the offer document. Visit the official website.,0,amc_offer
"10 हज़ार लगाइए और हर महीने 30% का गारंटीड मुनाफ़ा पाइए। Last chance, join now. 👍",1,guaranteed
"CONGRATULATIONS! INVEST ₹50,000 AND GET GUARANTEED 50% RETURNS EVERY MONTH. BLOCK DEAL OPPORTUNITY IN UNLISTED SHARES, LIMITED SLOTS, INVEST BEFORE LISTING.",1,guaranteed
VK-INFO: Aapke 1st ke trades ka contract note email par bhej diya gaya hai. 1st के ट्रेड का कॉन्ट्रैक्ट नोट आपके रजिस्टर्ड ईमेल पर भेजा गया है।,0,contract_note
"सुनिए, मुनाफ़ा निकालने के लिए आपके फोन पर आया OTP बताइए और AnyDesk इंस्टॉल करें। सिर्फ़ 2 सीट बाकी, आज ही!",1,otp_vishing
"Dear customer, आपकी ₹5,000 की SIP 12 Oct तारीख को कटेगी। खाते में बैलेंस रखें।",0,sip
"प्रिय ग्राहक, New fund offer from SBI Bluechip opens on 12 Oct. Please read the offer document. Visit the official website.",0,amc_offer
"Dear customer, Aapke 5th ke trades ka contract note email par bhej diya gaya hai.",0,contract_note
"Hi, Aapke 12 Oct ke trades ka contract note email par bhej diya gaya hai.",0,contract_note
"बधाई हो! BLOCK DEAL OPPORTUNITY IN UNLISTED SHARES, LIMITED SLOTS, INVEST BEFORE LISTING. INSTALL THE NEW OFFICIAL APP DL.PROFITAPP.IN/APP.APK AND GET A FREE BONUS. ऑफ़र आज खत्म, जल्दी करें।",1,preipo
"Congratulations! मुनाफ़ा निकालने के लिए आपके फोन पर आया OTP बताइए और AnyDesk इंस्टॉल करें। ऑफ़र आज खत्म, जल्दी करें।",1,otp_vishing
"Hi, Double your money in 7 days, guaranteed by our fund manager. Sirf 4 seats bachi, jaldi karo!",1,guaranteed
"BHAI KAL MILTE HAI, SIP KE BAARE ME BAAT KARNI HAI. HAPPY DIWALI! WISHING YOU AND FAMILY A PROSPEROUS YEAR. 💰",0,chat
VK-INFO: New fund offer from Parag Parikh Flexi Cap opens on 5th. Please read the offer document. Visit the official website.,0,amc_offer
"HI, NOMINEE KAISE ADD KARE DEMAT ACCOUNT ME? APNE DP KI WEBSITE PAR JAYE.",0,education
NOMINEE KAISE ADD KARE DEMAT ACCOUNT ME? APNE DP KI WEBSITE PAR JAYE.,0,education
"सुनिए, मुनाफ़ा निकालने के लिए आपके फोन पर आया OTP बताइए और AnyDesk इंस्टॉल करें।",1,otp_vishing
"सुनिए, अकाउंट चालू करने के लिए Rs 10000 रजिस्ट्रेशन फीस UPI investpro21@ybl पर भेजें। Profit withdraw karne ke liye OTP bhejo aur TeamViewer install karo. Details: t.me/inv441",1,fee_scam
"Dear customer, डीमैट अकाउंट में नॉमिनी जोड़ना क्यों ज़रूरी है, जानिए आधिकारिक वेबसाइट पर।",0,education
"Dear customer, Beta, did you check the mutual fund statement? Call me in the evening. Meeting at 5 pm, please bring the demat account documents.",0,chat
"Hello sir, पैसा दोगुना करें, कोई रिस्क नहीं, पक्का रिटर्न। Last chance, join now.",1,guaranteed
"Hello bhai, Processing fee ₹5,000 required to unlock your profit, send to 9861710961@paytm. Join our VIP Telegram group for sure shot intraday tips and daily calls. Last chance, join now.",1,fee_scam
"प्रिय ग्राहक, KYC पूरा करने के लिए आधिकारिक वेबसाइट या नज़दीकी शाखा जाएँ। OTP किसी को न बताएँ।",0,kyc
Aapke 12 Oct ke trades ka contract note email par bhej diya gaya hai. Contract note for trades done on 12 Oct has been sent to your registered email. Check your app for details.,0,contract_note
"CONGRATULATIONS! BLOCK DEAL OPPORTUNITY IN UNLISTED SHARES, LIMITED SLOTS, INVEST BEFORE LISTING. DETAILS: T.ME/INV599 ONLY 5 SEATS LEFT, HURRY!",1,preipo
"Hello bhai, Aapka Angel One account band hone wala hai, abhi update karo: angelone-kyc.com सेबी रजिस्टर्ड एक्सपर्ट।",1,fake_broker
VK-INFO: OTP for your transaction is 184389. Do not share it with anyone. Valid for 10 minutes.,0,bank
"सुनिए, Pre-IPO shares sasta mil raha hai, allotment pakka, sirf kuch slots. Sirf 7 seats bachi, jaldi karo!",1,preipo
"Hello sir, Pre-IPO shares at 40% discount through our institutional account, allotment guaranteed. Only 8 seats left, hurry! Last chance, join now.",1,preipo
25/09 के ट्रेड का कॉन्ट्रैक्ट नोट आपके रजिस्टर्ड ईमेल पर भेजा गया है।,0,contract_note
"Dear customer, NAV of SBI Bluechip as on 25/09 is Rs 144.4. Mutual fund investments are subject to market risks, read all scheme related documents carefully.",0,nav
Groww Pro offers special IPO allotment. Register at groww-app.in. Send your PIN and OTP to complete KYC verification now. 👍,1,fake_broker
"Download our trading app from this link to start earning: trade-93.apk Last chance, join now.",1,fake_app
"Pre-IPO shares at 40% discount through our institutional account, allotment guaranteed. Limited slots. Reply YES to confirm.",1,preipo
"Dear investor, ₹25,000 lagao aur har mahine 15% pakka profit pao, risk zero. सेबी रजिस्टर्ड एक्सपर्ट। 100% SEBI approved expert.",1,guaranteed
"Dear sir/madam, पैसा दोगुना करें, कोई रिस्क नहीं, पक्का रिटर्न। हमारे VIP WhatsApp ग्रुप में जुड़ें, रोज़ पक्के इंट्राडे टिप्स मिलेंगे।",1,guaranteed
"बधाई हो! Your Angel One account needs urgent update. Login at angelone-kyc.com to avoid suspension. Offer ends today. Last chance, join now. 👍",1,fake_broker
"Dear customer, New fund offer from Nippon Small Cap opens on 3 Nov. Please read the offer document. Visit the official website. Nippon Small Cap का नया फंड ऑफर 3 Nov से खुल रहा है। ऑफर डॉक्यूमेंट ध्यान से पढ़ें।",0,amc_offer
"₹50,000 lagao aur har mahine 300% pakka profit pao, risk zero. Offer ends today.",1,guaranteed
"सुनिए, Your Zerodha account needs urgent update. Login at zer0dha.com to avoid suspension. Hamare VIP Telegram group me join karo, daily sure shot tips milenge. Limited slots. Reply YES to confirm.",1,fake_broker
"Namaste, हमारे VIP WhatsApp ग्रुप में जुड़ें, रोज़ पक्के इंट्राडे टिप्स मिलेंगे। मुनाफ़ा निकालने के लिए आपके फोन पर आया OTP बताइए और AnyDesk इंस्टॉल करें।",1,tips_group
"Dear sir/madam, Invest ₹50,000 and get guaranteed 50% returns every month. सिर्फ़ 7 सीट बाकी, आज ही! Only 7 seats left, hurry!",1,guaranteed
कमाई शुरू करने के लिए हमारा ऐप डाउनलोड करें: dl.profitapp.in/app.apk,1,fake_app
"NAMASTE, PROFIT WITHDRAW KARNE KE LIYE OTP BHEJO AUR TEAMVIEWER INSTALL KARO. LAST CHANCE, JOIN NOW. BIT.LY/INV317 PAR DETAILS DEKHO.",1,otp_vishing
SEBI advisory: Beware of guaranteed returns and unregistered tips groups. Verify advisers on the SEBI website.,0,advisory
12 Oct को Parag Parikh Flexi Cap का NAV Rs 395.15 है। म्यूचुअल फंड निवेश बाज़ार जोखिमों के अधीन हैं। 12 Oct को Parag Parikh Flexi Cap का NAV Rs 395.15 है। म्यूचुअल फंड निवेश बाज़ार जोखिमों के अधीन हैं।,0,nav
VK-INFO: New fund offer from HDFC Flexi Cap opens on 25/09. Please read the offer document. Visit the official website.,0,amc_offer
"Dear customer, Your SIP of Rs 10000 in Parag Parikh Flexi Cap will be processed on 3 Nov. Please maintain sufficient balance.",0,sip
"VK-INFO: Your SIP of ₹50,000 in Axis Midcap will be processed on 25/09. Please maintain sufficient balance. Your SIP of ₹50,000 in Axis Midcap will be processed on 25/09. Please maintain sufficient balance. 👍",0,sip
"प्रिय ग्राहक, 1st को Nippon Small Cap का NAV Rs 308.23 है। म्यूचुअल फंड निवेश बाज़ार जोखिमों के अधीन हैं। NAV of Nippon Small Cap as on 1st is Rs 308.23. Mutual fund investments are subject to market risks, read all scheme related documents carefully.",0,nav
"Aapka Groww account band hone wala hai, abhi update karo: groww-india.xyz Account activate karne ke liye ₹5,000 fee UPI investpro89@ybl pe bhejo. सेबी रजिस्टर्ड एक्सपर्ट।",1,fake_broker
"Dear customer, Beta, did you check the mutual fund statement? Call me in the evening. 👍",0,chat
"Dear customer, SIP ka ₹25,000 25/09 ko katega, balance rakhna. आपकी ₹25,000 की SIP 25/09 तारीख को कटेगी। खाते में बैलेंस रखें।",0,sip
"Hi, पैसा दोगुना करें, कोई रिस्क नहीं, पक्का रिटर्न। Pre-IPO shares sasta mil raha hai, allotment pakka, sirf kuch slots. सिर्फ़ 9 सीट बाकी, आज ही! ऑफ़र आज खत्म, जल्दी करें।",1,guaranteed
VK-INFO: KYC PURA KARNE KE LIYE BRANCH JAYE YA OFFICIAL SITE DEKHE. OTP KISI KO NA DE.,0,kyc
"Hello sir, Profit withdraw karne ke liye OTP bhejo aur TeamViewer install karo. Sirf 2 seats bachi, jaldi karo! 💰",1,otp_vishing
"DEAR SIR/MADAM, TO RELEASE YOUR PROFIT, SHARE THE OTP RECEIVED AND INSTALL ANYDESK SO OUR AGENT CAN HELP. AAPKA ANGEL ONE ACCOUNT BAND HONE WALA HAI, ABHI UPDATE KARO: ANGELONE-KYC.COM DETAILS: T.ME/INV655",1,otp_vishing
"प्रिय ग्राहक, NAV of HDFC Flexi Cap as on 25/09 is Rs 185.12. Mutual fund investments are subject to market risks, read all scheme related documents carefully.",0,nav
"Dear customer, Contract note for trades done on 5th has been sent to your registered email. Check your app for details.",0,contract_note
"प्रिय ग्राहक, Learn what a nominee is in your demat account. Add a nominee online through your DP. Nominee kaise add kare demat account me? Apne DP ki website par jaye.",0,education
"VK-INFO: Rs 6635 debited from A/c XX9 on 5th. If not you, call the bank helpline. Never share OTP.",0,bank
"Dear investor, Send your PIN and OTP to complete KYC verification now. Processing fee 10 हज़ार required to unlock your profit, send to 9831750502@paytm. Sirf 7 seats bachi, jaldi karo! 💰",1,otp_vishing
Fake apps and sure shot tips are scams. Never share OTP. Report fraud on 1930 or cybercrime.gov.in.,0,advisory
आपके खाते XX4 से Rs 5961 5th को डेबिट हुए। OTP किसी से साझा न करें।,0,bank
"Dear customer, Your SIP of 10 हज़ार in Axis Midcap will be processed on 3 Nov. Please maintain sufficient balance.",0,sip
"VK-INFO: NAV of Nippon Small Cap as on 5th is Rs 109.69. Mutual fund investments are subject to market risks, read all scheme related documents carefully. NAV of Nippon Small Cap as on 5th is Rs 109.69. Mutual fund investments are subject to market risks, read all scheme related documents carefully.",0,nav
VK-INFO: OTP for your transaction is 825228. Do not share it with anyone. Valid for 10 minutes.,0,bank
"RS 3096 DEBITED FROM A/C XX7 ON 3 NOV. IF NOT YOU, CALL THE BANK HELPLINE. NEVER SHARE OTP.",0,bank
"AAJ KA JACKPOT STOCK CALL CHAHIYE? PREMIUM GROUP JOIN KARO. INVEST ₹25,000 AND GET GUARANTEED 10% RETURNS EVERY MONTH.",1,tips_group
"Dear sir/madam, एक्सपर्ट टीम से रोज़ जैकपॉट स्टॉक कॉल्स पाएँ, ग्रुप जॉइन करें।",1,tips_group
"प्रिय ग्राहक, KYC pura karne ke liye branch jaye ya official site dekhe. OTP kisi ko na de.",0,kyc
PLEASE COMPLETE YOUR KYC AT OUR OFFICIAL WEBSITE OR NEAREST BRANCH. DO NOT SHARE OTP WITH ANYONE.,0,kyc
"Namaste, प्री-IPO शेयर 40% सस्ते, इंस्टिट्यूशनल अकाउंट से अलॉटमेंट पक्का। अकाउंट चालू करने के लिए ₹50,000 रजिस्ट्रेशन फीस UPI 9869819106@paytm पर भेजें। सेबी रजिस्टर्ड एक्सपर्ट। SEBI registered. 💰",1,preipo
"DEAR CUSTOMER, KYC PURA KARNE KE LIYE BRANCH JAYE YA OFFICIAL SITE DEKHE. OTP KISI KO NA DE.",0,kyc
"प्री-IPO शेयर 40% सस्ते, इंस्टिट्यूशनल अकाउंट से अलॉटमेंट पक्का। INSTALL THE NEW OFFICIAL APP DL.PROFITAPP.IN/APP.APK AND GET A FREE BONUS. LIMITED SLOTS. REPLY YES TO CONFIRM. सिर्फ़ 6 सीट बाकी, आज ही!",1,preipo
"Meeting at 5 pm, please bring the demat account documents. Happy Diwali! Wishing you and family a prosperous year.",0,chat
"Dear customer, SIP ka ₹25,000 12 Oct ko katega, balance rakhna. Your SIP of ₹25,000 in Nippon Small Cap will be processed on 12 Oct. Please maintain sufficient balance.",0,sip
KYC pura karne ke liye branch jaye ya official site dekhe. OTP kisi ko na de. KYC पूरा करने के लिए आधिकारिक वेबसाइट या नज़दीकी शाखा जाएँ। OTP किसी को न बताएँ।,0,kyc
"Hi, Limited period: exit load waiver till 1st on Axis Midcap. Mutual fund investments are subject to market risks.",0,amc_offer
"Dear customer, SIP ka ₹25,000 3 Nov ko katega, balance rakhna. Your SIP of ₹25,000 in Parag Parikh Flexi Cap will be processed on 3 Nov. Please maintain sufficient balance.",0,sip
"Dear investor, Our operator group gives jackpot stock calls every morning, join now. 100% SEBI approved expert.",1,tips_group
बधाई हो! YOUR ANGEL ONE ACCOUNT NEEDS URGENT UPDATE. LOGIN AT ANGEL0NE.IN TO AVOID SUSPENSION. OFFER ENDS TODAY.,1,fake_broker
"प्रिय ग्राहक, Please complete your KYC at our official website or nearest branch. Do not share OTP with anyone.",0,kyc
"Namaste, Join our VIP Telegram group for sure shot intraday tips and daily calls. कमाई शुरू करने के लिए हमारा ऐप डाउनलोड करें: bit.ly/inv52 🚀",1,tips_group
Learn what a nominee is in your demat account. Add a nominee online through your DP.,0,education
"Hi, SIP ka 10 हज़ार 25/09 ko katega, balance rakhna.",0,sip
"प्रिय ग्राहक, पापा, म्यूचुअल फंड की स्टेटमेंट देखी क्या? शाम को फोन करना। Meeting at 5 pm, please bring the demat account documents.",0,chat
"Dear customer, आपकी ₹50,000 की SIP 1st तारीख को कटेगी। खाते में बैलेंस रखें। Your SIP of ₹50,000 in HDFC Flexi Cap will be processed on 1st. Please maintain sufficient balance.",0,sip
"Hello sir, मुनाफ़ा निकालने के लिए आपके फोन पर आया OTP बताइए और AnyDesk इंस्टॉल करें। प्री-IPO शेयर 40% सस्ते, इंस्टिट्यूशनल अकाउंट से अलॉटमेंट पक्का। Sirf 2 seats bachi, jaldi karo! 100% SEBI approved expert.",1,otp_vishing
"बधाई हो! To release your profit, share the OTP received and install AnyDesk so our agent can help. Pay a registration fee of ₹25,000 on UPI 9877860099@paytm to activate your account. Only 3 seats left, hurry!",1,otp_vishing
"Dear sir/madam, मुनाफ़ा निकालने के लिए आपके फोन पर आया OTP बताइए और AnyDesk इंस्टॉल करें। Account activate karne ke liye 10 हज़ार fee UPI investpro56@ybl pe bhejo. SEBI registered.",1,otp_vishing
"Congratulations! Account activate karne ke liye ₹5,000 fee UPI investpro44@ybl pe bhejo.",1,fee_scam
"SIP ka ₹5,000 12 Oct ko katega, balance rakhna.",0,sip
Please complete your KYC at our official website or nearest branch. Do not share OTP with anyone. 👍,0,kyc
VK-INFO: Contract note for trades done on 25/09 has been sent to your registered email. Check your app for details. Contract note for trades done on 25/09 has been sent to your registered email. Check your app for details.,0,contract_note
"HI, अकाउंट चालू करने के लिए 10 हज़ार रजिस्ट्रेशन फीस UPI INVESTPRO6@YBL पर भेजें। SIRF 7 SEATS BACHI, JALDI KARO! ऑफ़र आज खत्म, जल्दी करें।",1,fee_scam
"Hi, Bhai kal milte hai, SIP ke baare me baat karni hai. Bhai kal milte hai, SIP ke baare me baat karni hai.",0,chat
Dhokhe se bacho: pakka profit ka vaada karne wale group se door rahe. Sirf SEBI registered se milo. 👍,0,advisory
"Namaste, To release your profit, share the OTP received and install AnyDesk so our agent can help. Upstox Pro offers special IPO allotment. Register at upst0x.com. सिर्फ़ 6 सीट बाकी, आज ही!",1,otp_vishing
LIMITED PERIOD: EXIT LOAD WAIVER TILL 3 NOV ON SBI BLUECHIP. MUTUAL FUND INVESTMENTS ARE SUBJECT TO MARKET RISKS.,0,amc_offer
"NAV of Parag Parikh Flexi Cap as on 12 Oct is Rs 370.98. Mutual fund investments are subject to market risks, read all scheme related documents carefully.",0,nav
"Dear customer, Please complete your KYC at our official website or nearest branch. Do not share OTP with anyone.",0,kyc
"Dear customer, 12 Oct को Nippon Small Cap का NAV Rs 319.92 है। म्यूचुअल फंड निवेश बाज़ार जोखिमों के अधीन हैं।",0,nav
Limited period: exit load waiver till 3 Nov on SBI Bluechip. Mutual fund investments are subject to market risks.,0,amc_offer
Your SIP of Rs 10000 in Parag Parikh Flexi Cap will be processed on 3 Nov. Please maintain sufficient balance.,0,sip
"Congratulations! Account activate karne ke liye ₹5,000 fee UPI investpro38@ybl pe bhejo. Your Groww account needs urgent update. Login at groww-app.in to avoid suspension. Limited slots. Reply YES to confirm.",1,fee_scam
VK-INFO: YOUR SIP OF 10 हज़ार IN PARAG PARIKH FLEXI CAP WILL BE PROCESSED ON 1ST. PLEASE MAINTAIN SUFFICIENT BALANCE.,0,sip
"Pre-IPO shares sasta mil raha hai, allotment pakka, sirf kuch slots. Profit withdraw karne ke liye OTP bhejo aur TeamViewer install karo.",1,preipo
"Aapka Upstox account band hone wala hai, abhi update karo: upst0x.com Only 2 seats left, hurry! Sirf 2 seats bachi, jaldi karo! 💰",1,fake_broker
"VK-INFO: आपकी ₹50,000 की SIP 12 Oct तारीख को कटेगी। खाते में बैलेंस रखें।",0,sip
मुनाफ़ा निकालने के लिए आपके फोन पर आया OTP बताइए और ANYDESK इंस्टॉल करें। सेबी रजिस्टर्ड एक्सपर्ट। 👍,1,otp_vishing
"Double your money in 30 days, guaranteed by our fund manager. Sirf 5 seats bachi, jaldi karo!",1,guaranteed
"सुनिए, Processing fee ₹25,000 required to unlock your profit, send to 9857625041@paytm. Last chance, join now. सेबी रजिस्टर्ड एक्सपर्ट।",1,fee_scam
"Hi, मुनाफ़ा निकालने के लिए आपके फोन पर आया OTP बताइए और AnyDesk इंस्टॉल करें।",1,otp_vishing
"सुनिए, Earning start karne ke liye ye app install karo: bit.ly/inv29 सेबी रजिस्टर्ड एक्सपर्ट। Only 6 seats left, hurry!",1,fake_app
"हमारे VIP WhatsApp ग्रुप में जुड़ें, रोज़ पक्के इंट्राडे टिप्स मिलेंगे। आपका Upstox अकाउंट अपडेट करें वरना बंद हो जाएगा: upstox-login.in Offer ends today.",1,tips_group
Download our trading app from this link to start earning: dl.profitapp.in/app.apk Bit.ly/inv897 par details dekho. 💰,1,fake_app
"Hello sir, कमाई शुरू करने के लिए हमारा ऐप डाउनलोड करें: bit.ly/inv98 Sirf 6 seats bachi, jaldi karo!",1,fake_app
"Hi, डीमैट अकाउंट में नॉमिनी जोड़ना क्यों ज़रूरी है, जानिए आधिकारिक वेबसाइट पर।",0,education
"Hi, Pay a registration fee of ₹50,000 on UPI investpro23@ybl to activate your account. Only 2 seats left, hurry!",1,fee_scam
"Dear sir/madam, Aapka Angel One account band hone wala hai, abhi update karo: angelone-kyc.com Only 3 seats left, hurry!",1,fake_broker
"Dear investor, Processing fee ₹50,000 required to unlock your profit, send to investpro36@ybl. SEBI registered.",1,fee_scam
"बधाई हो! ₹5,000 लगाइए और हर महीने 50% का गारंटीड मुनाफ़ा पाइए। Profit withdraw karne ke liye OTP bhejo aur TeamViewer install karo. सिर्फ़ 6 सीट बाकी, आज ही!",1,guaranteed
"HI, RS 7070 DEBITED FROM A/C XX3 ON 25/09. IF NOT YOU, CALL THE BANK HELPLINE. NEVER SHARE OTP.",0,bank
"Double your money in 7 days, guaranteed by our fund manager. हमारे VIP WhatsApp ग्रुप में जुड़ें, रोज़ पक्के इंट्राडे टिप्स मिलेंगे।",1,guaranteed
"Hi, आपकी ₹25,000 की SIP 5th तारीख को कटेगी। खाते में बैलेंस रखें।",0,sip
"Dear customer, Your UPI payment of Rs 5304 to the merchant was successful on 25/09. आपके खाते XX6 से Rs 5304 25/09 को डेबिट हुए। OTP किसी से साझा न करें। 🚀",0,bank
"Hi, Limited period: exit load waiver till 3 Nov on Axis Midcap. Mutual fund investments are subject to market risks. Limited period: exit load waiver till 3 Nov on Axis Midcap. Mutual fund investments are subject to market risks.",0,amc_offer
"CONGRATULATIONS! एक्सपर्ट टीम से रोज़ जैकपॉट स्टॉक कॉल्स पाएँ, ग्रुप जॉइन करें। ONLY 3 SEATS LEFT, HURRY! सिर्फ़ 3 सीट बाकी, आज ही! 💰",1,tips_group
"DEAR CUSTOMER, डीमैट अकाउंट में नॉमिनी जोड़ना क्यों ज़रूरी है, जानिए आधिकारिक वेबसाइट पर। डीमैट अकाउंट में नॉमिनी जोड़ना क्यों ज़रूरी है, जानिए आधिकारिक वेबसाइट पर।",0,education
"Hello sir, Pre-IPO shares at 40% discount through our institutional account, allotment guaranteed.",1,preipo
"Hello bhai, कमाई शुरू करने के लिए हमारा ऐप डाउनलोड करें: bit.ly/inv58 सेबी रजिस्टर्ड एक्सपर्ट। Limited slots. Reply YES to confirm.",1,fake_app
"बधाई हो! मुनाफ़ा निकालने के लिए आपके फोन पर आया OTP बताइए और AnyDesk इंस्टॉल करें। 100% SEBI approved expert. Only 7 seats left, hurry! 🚀",1,otp_vishing
"VK-INFO: NAV of SBI Bluechip as on 5th is Rs 169.52. Mutual fund investments are subject to market risks, read all scheme related documents carefully.",0,nav
"Hi, Fake apps and sure shot tips are scams. Never share OTP. Report fraud on 1930 or cybercrime.gov.in.",0,advisory
"मुनाफ़ा निकालने के लिए आपके फोन पर आया OTP बताइए और ANYDESK इंस्टॉल करें। PAISA DOUBLE IN 30 DIN, GUARANTEE KE SAATH. 100% SEBI APPROVED EXPERT.",1,otp_vishing
"Dear investor, अकाउंट चालू करने के लिए Rs 10000 रजिस्ट्रेशन फीस UPI 9840696509@paytm पर भेजें। Pre-IPO shares at 40% discount through our institutional account, allotment guaranteed. 100% SEBI approved expert.",1,fee_scam
"प्रिय ग्राहक, Aapke 12 Oct ke trades ka contract note email par bhej diya gaya hai.",0,contract_note
"Hello sir, To release your profit, share the OTP received and install AnyDesk so our agent can help. Last chance, join now.",1,otp_vishing
"सुनिए, Pay a registration fee of Rs 10000 on UPI 9860154926@paytm to activate your account. Block deal opportunity in unlisted shares, limited slots, invest before listing.",1,fee_scam
"Hello bhai, Block deal opportunity in unlisted shares, limited slots, invest before listing. Our operator group gives jackpot stock calls every morning, join now. Last chance, join now. Offer ends today.",1,preipo
"सुनिए, Aapka Angel One account band hone wala hai, abhi update karo: angel0ne.in Details: t.me/inv872",1,fake_broker
Please complete your KYC at our official website or nearest branch. Do not share OTP with anyone.,0,kyc
Learn what a nominee is in your demat account. Add a nominee online through your DP.,0,education
VK-INFO: Please complete your KYC at our official website or nearest branch. Do not share OTP with anyone.,0,kyc
"डीमैट अकाउंट में नॉमिनी जोड़ना क्यों ज़रूरी है, जानिए आधिकारिक वेबसाइट पर।",0,education
"Congratulations! Our operator group gives jackpot stock calls every morning, join now. Account activate karne ke liye Rs 10000 fee UPI 9863396793@paytm pe bhejo. Sirf 3 seats bachi, jaldi karo!",1,tips_group
"Hi, Double your money in 30 days, guaranteed by our fund manager. Bit.ly/inv180 par details dekho.",1,guaranteed
"Hi, NAV of Nippon Small Cap as on 12 Oct is Rs 385.45. Mutual fund investments are subject to market risks, read all scheme related documents carefully. NAV of Nippon Small Cap as on 12 Oct is Rs 385.45. Mutual fund investments are subject to market risks, read all scheme related documents carefully.",0,nav
"पैसा दोगुना करें, कोई रिस्क नहीं, पक्का रिटर्न।",1,guaranteed
"Hi, Nominee kaise add kare demat account me? Apne DP ki website par jaye. Nominee kaise add kare demat account me? Apne DP ki website par jaye.",0,education
"प्रिय ग्राहक, Learn what a nominee is in your demat account. Add a nominee online through your DP.",0,education
VK-INFO: Aapke 5th ke trades ka contract note email par bhej diya gaya hai.,0,contract_note
"Dear investor, Pay a registration fee of ₹50,000 on UPI investpro60@ybl to activate your account. एक्सपर्ट टीम से रोज़ जैकपॉट स्टॉक कॉल्स पाएँ, ग्रुप जॉइन करें। ऑफ़र आज खत्म, जल्दी करें।",1,fee_scam
"Hi, HDFC Flexi Cap का नया फंड ऑफर 12 Oct से खुल रहा है। ऑफर डॉक्यूमेंट ध्यान से पढ़ें।",0,amc_offer
"Namaste, Pay a registration fee of ₹25,000 on UPI 9860386706@paytm to activate your account. ऑफ़र आज खत्म, जल्दी करें। 🚀",1,fee_scam
KYC pura karne ke liye branch jaye ya official site dekhe. OTP kisi ko na de.,0,kyc
"बधाई हो! Aapka Groww account band hone wala hai, abhi update karo: grow.co.in Aaj ka jackpot stock call chahiye? Premium group join karo. Offer ends today. 👍",1,fake_broker
"Namaste, Earning start karne ke liye ye app install karo: bit.ly/inv48 Send your PIN and OTP to complete KYC verification now. Offer ends today. 💰",1,fake_app
Aapke 1st ke trades ka contract note email par bhej diya gaya hai. Contract note for trades done on 1st has been sent to your registered email. Check your app for details. 💰,0,contract_note
"CONGRATULATIONS! YOUR UPSTOX ACCOUNT NEEDS URGENT UPDATE. LOGIN AT UPSTOX-LOGIN.IN TO AVOID SUSPENSION. EARNING START KARNE KE LIYE YE APP INSTALL KARO: TRADE-55.APK ONLY 6 SEATS LEFT, HURRY!",1,fake_broker
Learn what a nominee is in your demat account. Add a nominee online through your DP.,0,education
"SIP ka ₹50,000 12 Oct ko katega, balance rakhna.",0,sip
"Processing fee 10 हज़ार required to unlock your profit, send to investpro11@ybl. Send your PIN and OTP to complete KYC verification now. Sirf 7 seats bachi, jaldi karo!",1,fee_scam
"Hello sir, Angel One Pro offers special IPO allotment. Register at angelone-kyc.com. Only 4 seats left, hurry! Sirf 4 seats bachi, jaldi karo!",1,fake_broker
"Install the new official app bit.ly/inv35 and get a free bonus. Aapka Upstox account band hone wala hai, abhi update karo: upstox-login.in Sirf 5 seats bachi, jaldi karo!",1,fake_app
"DEAR INVESTOR, INVEST RS 10000 AND GET GUARANTEED 20% RETURNS EVERY MONTH. अकाउंट चालू करने के लिए RS 10000 रजिस्ट्रेशन फीस UPI 9827917305@PAYTM पर भेजें।",1,guaranteed
KYC पूरा करने के लिए आधिकारिक वेबसाइट या नज़दीकी शाखा जाएँ। OTP किसी को न बताएँ।,0,kyc
"Hi, Join our VIP Telegram group for sure shot intraday tips and daily calls. Only 8 seats left, hurry!",1,tips_group
"Bhai kal milte hai, SIP ke baare me baat karni hai. Happy Diwali! Wishing you and family a prosperous year.",0,chat
"HI, 1ST के ट्रेड का कॉन्ट्रैक्ट नोट आपके रजिस्टर्ड ईमेल पर भेजा गया है। CONTRACT NOTE FOR TRADES DONE ON 1ST HAS BEEN SENT TO YOUR REGISTERED EMAIL. CHECK YOUR APP FOR DETAILS.",0,contract_note
बधाई हो! SEND YOUR PIN AND OTP TO COMPLETE KYC VERIFICATION NOW. DETAILS: T.ME/INV568 सेबी रजिस्टर्ड एक्सपर्ट।,1,otp_vishing
"Dear sir/madam, Block deal opportunity in unlisted shares, limited slots, invest before listing. Bit.ly/inv146 par details dekho.",1,preipo
"Upstox Pro offers special IPO allotment. Register at upstox-login.in. Only 9 seats left, hurry!",1,fake_broker
"बधाई हो! Pay a registration fee of Rs 10000 on UPI investpro93@ybl to activate your account. Pre-IPO shares sasta mil raha hai, allotment pakka, sirf kuch slots. Offer ends today.",1,fee_scam
"VK-INFO: Beta, did you check the mutual fund statement? Call me in the evening. 💰",0,chat
"Hello sir, Your Zerodha account needs urgent update. Login at zerodha-pro.in to avoid suspension.",1,fake_broker
"प्रिय ग्राहक, SIP ka ₹50,000 1st ko katega, balance rakhna.",0,sip
"Hello bhai, ₹50,000 lagao aur har mahine 300% pakka profit pao, risk zero. Only 9 seats left, hurry!",1,guaranteed
"Namaste, Aapka Angel One account band hone wala hai, abhi update karo: angelone-kyc.com Last chance, join now. सेबी रजिस्टर्ड एक्सपर्ट।",1,fake_broker
"सुनिए, Send your PIN and OTP to complete KYC verification now. Limited slots. Reply YES to confirm. 👍",1,otp_vishing
"बधाई हो! अकाउंट चालू करने के लिए 10 हज़ार रजिस्ट्रेशन फीस UPI INVESTPRO15@YBL पर भेजें। LAST CHANCE, JOIN NOW. SIRF 9 SEATS BACHI, JALDI KARO!",1,fee_scam
"Hi, Beta, did you check the mutual fund statement? Call me in the evening.",0,chat
"Hello bhai, Account activate karne ke liye ₹5,000 fee UPI investpro95@ybl pe bhejo. Details: t.me/inv368 👍",1,fee_scam
FAKE APPS AND SURE SHOT TIPS ARE SCAMS. NEVER SHARE OTP. REPORT FRAUD ON 1930 OR CYBERCRIME.GOV.IN.,0,advisory
"प्रिय ग्राहक, पापा, म्यूचुअल फंड की स्टेटमेंट देखी क्या? शाम को फोन करना।",0,chat
"प्रिय ग्राहक, BETA, DID YOU CHECK THE MUTUAL FUND STATEMENT? CALL ME IN THE EVENING. 💰",0,chat
"Congratulations! Send your PIN and OTP to complete KYC verification now. Sirf 3 seats bachi, jaldi karo!",1,otp_vishing
"Pre-IPO shares sasta mil raha hai, allotment pakka, sirf kuch slots.",1,preipo
"सुनिए, Pre-IPO shares sasta mil raha hai, allotment pakka, sirf kuch slots. सेबी रजिस्टर्ड एक्सपर्ट। Offer ends today. 💰",1,preipo
5th को Parag Parikh Flexi Cap का NAV Rs 316.77 है। म्यूचुअल फंड निवेश बाज़ार जोखिमों के अधीन हैं।,0,nav
"Hi, SIP ka 10 हज़ार 25/09 ko katega, balance rakhna. SIP ka 10 हज़ार 25/09 ko katega, balance rakhna.",0,sip
SEBI advisory: Beware of guaranteed returns and unregistered tips groups. Verify advisers on the SEBI website. 👍,0,advisory
"Dear customer, NAV of Nippon Small Cap as on 3 Nov is Rs 33.23. Mutual fund investments are subject to market risks, read all scheme related documents carefully.",0,nav
"Meeting at 5 pm, please bring the demat account documents.",0,chat
"Hi, प्री-IPO शेयर 40% सस्ते, इंस्टिट्यूशनल अकाउंट से अलॉटमेंट पक्का। Bit.ly/inv357 par details dekho. 100% SEBI approved expert.",1,preipo
"Hi, Nippon Small Cap का नया फंड ऑफर 25/09 से खुल रहा है। ऑफर डॉक्यूमेंट ध्यान से पढ़ें। Nippon Small Cap का नया फंड ऑफर 25/09 से खुल रहा है। ऑफर डॉक्यूमेंट ध्यान से पढ़ें। 💰",0,amc_offer
"HI, PLEASE COMPLETE YOUR KYC AT OUR OFFICIAL WEBSITE OR NEAREST BRANCH. DO NOT SHARE OTP WITH ANYONE.",0,kyc
Upstox Pro offers special IPO allotment. Register at upst0x.com.,1,fake_broker
"पैसा दोगुना करें, कोई रिस्क नहीं, पक्का रिटर्न। अकाउंट चालू करने के लिए ₹25,000 रजिस्ट्रेशन फीस UPI investpro16@ybl पर भेजें।",1,guaranteed
"प्रिय ग्राहक, आपके खाते XX6 से Rs 8813 3 Nov को डेबिट हुए। OTP किसी से साझा न करें।",0,bank
"सुनिए, Profit withdraw karne ke liye OTP bhejo aur TeamViewer install karo. 100% SEBI approved expert. Sirf 6 seats bachi, jaldi karo!",1,otp_vishing
VK-INFO: Please complete your KYC at our official website or nearest branch. Do not share OTP with anyone.,0,kyc
"VK-INFO: डीमैट अकाउंट में नॉमिनी जोड़ना क्यों ज़रूरी है, जानिए आधिकारिक वेबसाइट पर। 🚀",0,education
"Dear customer, SEBI advisory: Beware of guaranteed returns and unregistered tips groups. Verify advisers on the SEBI website.",0,advisory
"सुनिए, AAPKA UPSTOX ACCOUNT BAND HONE WALA HAI, ABHI UPDATE KARO: UPST0X.COM OFFER ENDS TODAY.",1,fake_broker
Earning start karne ke liye ye app install karo: bit.ly/inv63 Bit.ly/inv863 par details dekho. Details: t.me/inv863,1,fake_app
"प्रिय ग्राहक, Bhai kal milte hai, SIP ke baare me baat karni hai. 🚀",0,chat
SEBI advisory: Beware of guaranteed returns and unregistered tips groups. Verify advisers on the SEBI website.,0,advisory
"VK-INFO: Your UPI payment of Rs 7037 to the merchant was successful on 25/09. Rs 7037 debited from A/c XX9 on 25/09. If not you, call the bank helpline. Never share OTP.",0,bank
"Dear customer, Aapke 3 Nov ke trades ka contract note email par bhej diya gaya hai. 3 Nov के ट्रेड का कॉन्ट्रैक्ट नोट आपके रजिस्टर्ड ईमेल पर भेजा गया है। 💰",0,contract_note
VK-INFO: Contract note for trades done on 25/09 has been sent to your registered email. Check your app for details. Contract note for trades done on 25/09 has been sent to your registered email. Check your app for details. 💰,0,contract_note
"बधाई हो! Aaj ka jackpot stock call chahiye? Premium group join karo. Only 3 seats left, hurry! Offer ends today.",1,tips_group
OTP for your transaction is 680335. Do not share it with anyone. Valid for 10 minutes. 💰,0,bank
Aapke 25/09 ke trades ka contract note email par bhej diya gaya hai.,0,contract_note
"प्रिय ग्राहक, Beta, did you check the mutual fund statement? Call me in the evening. 👍",0,chat
"प्रिय ग्राहक, New fund offer from Parag Parikh Flexi Cap opens on 5th. Please read the offer document. Visit the official website.",0,amc_offer
"प्रिय ग्राहक, Your SIP of ₹25,000 in HDFC Flexi Cap will be processed on 25/09. Please maintain sufficient balance.",0,sip
"Hello sir, Join our VIP Telegram group for sure shot intraday tips and daily calls. Your Paytm Money account needs urgent update. Login at paytmmoney-pro.in to avoid suspension. Bit.ly/inv551 par details dekho. 🚀",1,tips_group
"Dear sir/madam, ₹5,000 लगाइए और हर महीने 50% का गारंटीड मुनाफ़ा पाइए।",1,guaranteed
बधाई हो! आपका ZERODHA अकाउंट अपडेट करें वरना बंद हो जाएगा: ZER0DHA.COM,1,fake_broker
"HI, आपके खाते XX5 से RS 4786 5TH को डेबिट हुए। OTP किसी से साझा न करें।",0,bank
Fake apps and sure shot tips are scams. Never share OTP. Report fraud on 1930 or cybercrime.gov.in. Fake apps and sure shot tips are scams. Never share OTP. Report fraud on 1930 or cybercrime.gov.in.,0,advisory
VK-INFO: HDFC Flexi Cap का नया फंड ऑफर 12 Oct से खुल रहा है। ऑफर डॉक्यूमेंट ध्यान से पढ़ें।,0,amc_offer
New fund offer from Parag Parikh Flexi Cap opens on 1st. Please read the offer document. Visit the official website.,0,amc_offer
"Bhai kal milte hai, SIP ke baare me baat karni hai. 👍",0,chat
"Dear sir/madam, Processing fee ₹50,000 required to unlock your profit, send to 9893287613@paytm.",1,fee_scam
VK-INFO: KYC पूरा करने के लिए आधिकारिक वेबसाइट या नज़दीकी शाखा जाएँ। OTP किसी को न बताएँ।,0,kyc
"प्रिय ग्राहक, NAV of Axis Midcap as on 3 Nov is Rs 126.1. Mutual fund investments are subject to market risks, read all scheme related documents carefully. NAV of Axis Midcap as on 3 Nov is Rs 126.1. Mutual fund investments are subject to market risks, read all scheme related documents carefully.",0,nav
"Hi, आपकी ₹25,000 की SIP 12 Oct तारीख को कटेगी। खाते में बैलेंस रखें।",0,sip
"HI, MEETING AT 5 PM, PLEASE BRING THE DEMAT ACCOUNT DOCUMENTS. HAPPY DIWALI! WISHING YOU AND FAMILY A PROSPEROUS YEAR.",0,chat
"Hi, Beta, did you check the mutual fund statement? Call me in the evening.",0,chat
"Dear customer, Nippon Small Cap का नया फंड ऑफर 1st से खुल रहा है। ऑफर डॉक्यूमेंट ध्यान से पढ़ें।",0,amc_offer
"Our operator group gives jackpot stock calls every morning, join now. Sirf 4 seats bachi, jaldi karo!",1,tips_group
"Dear customer, Contract note for trades done on 5th has been sent to your registered email. Check your app for details. Aapke 5th ke trades ka contract note email par bhej diya gaya hai.",0,contract_note
"Hi, Profit withdraw karne ke liye OTP bhejo aur TeamViewer install karo. Sirf 3 seats bachi, jaldi karo! Last chance, join now.",1,otp_vishing
Learn what a nominee is in your demat account. Add a nominee online through your DP.,0,education
1st के ट्रेड का कॉन्ट्रैक्ट नोट आपके रजिस्टर्ड ईमेल पर भेजा गया है। 🚀,0,contract_note
"Dear customer, OTP for your transaction is 377743. Do not share it with anyone. Valid for 10 minutes. 👍",0,bank
"Dear customer, KYC pura karne ke liye branch jaye ya official site dekhe. OTP kisi ko na de.",0,kyc
"प्रिय ग्राहक, Please complete your KYC at our official website or nearest branch. Do not share OTP with anyone.",0,kyc
"Hi, To release your profit, share the OTP received and install AnyDesk so our agent can help. Offer ends today.",1,otp_vishing
"Hi, OTP for your transaction is 485913. Do not share it with anyone. Valid for 10 minutes.",0,bank
Send your PIN and OTP to complete KYC verification now.,1,otp_vishing
"DEAR SIR/MADAM, INVEST ₹25,000 AND GET GUARANTEED 300% RETURNS EVERY MONTH. SIRF 9 SEATS BACHI, JALDI KARO!",1,guaranteed
PLEASE COMPLETE YOUR KYC AT OUR OFFICIAL WEBSITE OR NEAREST BRANCH. DO NOT SHARE OTP WITH ANYONE. KYC PURA KARNE KE LIYE BRANCH JAYE YA OFFICIAL SITE DEKHE. OTP KISI KO NA DE.,0,kyc
"बधाई हो! Your Angel One account needs urgent update. Login at angel0ne.in to avoid suspension. सिर्फ़ 9 सीट बाकी, आज ही!",1,fake_broker
"Dear sir/madam, Pre-IPO shares sasta mil raha hai, allotment pakka, sirf kuch slots. Limited slots. Reply YES to confirm.",1,preipo
"Hi, Nominee kaise add kare demat account me? Apne DP ki website par jaye.",0,education
"Dear customer, NAV of HDFC Flexi Cap as on 25/09 is Rs 97.11. Mutual fund investments are subject to market risks, read all scheme related documents carefully.",0,nav
"Dear sir/madam, Aapka Zerodha account band hone wala hai, abhi update karo: zerodha-kyc.net Double your money in 10 days, guaranteed by our fund manager. SEBI registered.",1,fake_broker
"Hello sir, कमाई शुरू करने के लिए हमारा ऐप डाउनलोड करें: trade-36.apk आपका Zerodha अकाउंट अपडेट करें वरना बंद हो जाएगा: zerodha-pro.in Offer ends today.",1,fake_app
AAPKE 25/09 KE TRADES KA CONTRACT NOTE EMAIL PAR BHEJ DIYA GAYA HAI.,0,contract_note
KYC पूरा करने के लिए आधिकारिक वेबसाइट या नज़दीकी शाखा जाएँ। OTP किसी को न बताएँ।,0,kyc
"Hello sir, To release your profit, share the OTP received and install AnyDesk so our agent can help. Last chance, join now.",1,otp_vishing
अकाउंट चालू करने के लिए 10 हज़ार रजिस्ट्रेशन फीस UPI investpro14@ybl पर भेजें। Download our trading app from this link to start earning: bit.ly/inv67,1,fee_scam
"VK-INFO: आपकी ₹25,000 की SIP 1st तारीख को कटेगी। खाते में बैलेंस रखें। 👍",0,sip
"HI, EARNING START KARNE KE LIYE YE APP INSTALL KARO: DL.PROFITAPP.IN/APP.APK 100% SEBI APPROVED EXPERT. ONLY 2 SEATS LEFT, HURRY!",1,fake_app
"सुनिए, Hamare VIP WhatsApp group me join karo, daily sure shot tips milenge. Bit.ly/inv935 par details dekho. सेबी रजिस्टर्ड एक्सपर्ट।",1,tips_group
"प्रिय ग्राहक, Fake apps and sure shot tips are scams. Never share OTP. Report fraud on 1930 or cybercrime.gov.in.",0,advisory
"HELLO BHAI, PAYTM MONEY PRO OFFERS SPECIAL IPO ALLOTMENT. REGISTER AT PAYTM-MONEY.XYZ. 🚀",1,fake_broker
"ZERODHA PRO OFFERS SPECIAL IPO ALLOTMENT. REGISTER AT ZERODHA-PRO.IN. प्री-IPO शेयर 40% सस्ते, इंस्टिट्यूशनल अकाउंट से अलॉटमेंट पक्का। DETAILS: T.ME/INV887",1,fake_broker
"सुनिए, Aaj ka jackpot stock call chahiye? Premium group join karo. Limited slots. Reply YES to confirm.",1,tips_group
"Hi, Paytm Money Pro offers special IPO allotment. Register at paytmmoney-pro.in. पैसा दोगुना करें, कोई रिस्क नहीं, पक्का रिटर्न। Last chance, join now. SEBI registered.",1,fake_broker
"Happy Diwali! Wishing you and family a prosperous year. Beta, did you check the mutual fund statement? Call me in the evening.",0,chat
"Dear investor, To release your profit, share the OTP received and install AnyDesk so our agent can help. Processing fee Rs 10000 required to unlock your profit, send to 9806258426@paytm. 100% SEBI approved expert.",1,otp_vishing
"Namaste, कमाई शुरू करने के लिए हमारा ऐप डाउनलोड करें: dl.profitapp.in/app.apk Last chance, join now.",1,fake_app
"सुनिए, Our operator group gives jackpot stock calls every morning, join now. आपका Upstox अकाउंट अपडेट करें वरना बंद हो जाएगा: upst0x.com",1,tips_group
Fake apps and sure shot tips are scams. Never share OTP. Report fraud on 1930 or cybercrime.gov.in. 👍,0,advisory
Aapke 5th ke trades ka contract note email par bhej diya gaya hai.,0,contract_note
"NAV of Nippon Small Cap as on 25/09 is Rs 209.42. Mutual fund investments are subject to market risks, read all scheme related documents carefully.",0,nav
"Dear customer, Please complete your KYC at our official website or nearest branch. Do not share OTP with anyone. KYC पूरा करने के लिए आधिकारिक वेबसाइट या नज़दीकी शाखा जाएँ। OTP किसी को न बताएँ। 🚀",0,kyc
"Send your PIN and OTP to complete KYC verification now. Block deal opportunity in unlisted shares, limited slots, invest before listing.",1,otp_vishing
KYC पूरा करने के लिए आधिकारिक वेबसाइट या नज़दीकी शाखा जाएँ। OTP किसी को न बताएँ।,0,kyc
"Namaste, आपका Zerodha अकाउंट अपडेट करें वरना बंद हो जाएगा: zerodha-kyc.net ऑफ़र आज खत्म, जल्दी करें। सेबी रजिस्टर्ड एक्सपर्ट।",1,fake_broker
"Hi, Processing fee ₹5,000 required to unlock your profit, send to investpro77@ybl. Profit withdraw karne ke liye OTP bhejo aur TeamViewer install karo. सेबी रजिस्टर्ड एक्सपर्ट।",1,fee_scam
"Dear customer, पापा, म्यूचुअल फंड की स्टेटमेंट देखी क्या? शाम को फोन करना। Meeting at 5 pm, please bring the demat account documents.",0,chat
"HI, NAV OF SBI BLUECHIP AS ON 1ST IS RS 119.95. MUTUAL FUND INVESTMENTS ARE SUBJECT TO MARKET RISKS, READ ALL SCHEME RELATED DOCUMENTS CAREFULLY.",0,nav
"Hi, Invest 10 हज़ार and get guaranteed 15% returns every month. Pre-IPO shares at 40% discount through our institutional account, allotment guaranteed. Only 4 seats left, hurry!",1,guaranteed
"Namaste, एक्सपर्ट टीम से रोज़ जैकपॉट स्टॉक कॉल्स पाएँ, ग्रुप जॉइन करें। Last chance, join now. SEBI registered.",1,tips_group
"Hi, आपका Paytm Money अकाउंट अपडेट करें वरना बंद हो जाएगा: paytm-money.xyz Processing fee ₹50,000 required to unlock your profit, send to investpro31@ybl. Details: t.me/inv254",1,fake_broker
"प्रिय ग्राहक, New fund offer from SBI Bluechip opens on 12 Oct. Please read the offer document. Visit the official website.",0,amc_offer
VK-INFO: New fund offer from Axis Midcap opens on 3 Nov. Please read the offer document. Visit the official website. 👍,0,amc_offer
"Dear sir/madam, प्री-IPO शेयर 40% सस्ते, इंस्टिट्यूशनल अकाउंट से अलॉटमेंट पक्का। अकाउंट चालू करने के लिए ₹25,000 रजिस्ट्रेशन फीस UPI 9895600931@paytm पर भेजें। 100% SEBI approved expert.",1,preipo
"Dear investor, Earning start karne ke liye ye app install karo: trade-75.apk Pre-IPO shares sasta mil raha hai, allotment pakka, sirf kuch slots. Bit.ly/inv649 par details dekho. Offer ends today.",1,fake_app
"Hello sir, Aaj ka jackpot stock call chahiye? Premium group join karo. Only 2 seats left, hurry! 👍",1,tips_group
"Hi, Rs 3525 debited from A/c XX3 on 12 Oct. If not you, call the bank helpline. Never share OTP. 🚀",0,bank
"Hi, आपकी ₹50,000 की SIP 25/09 तारीख को कटेगी। खाते में बैलेंस रखें।",0,sip
"Namaste, Double your money in 30 days, guaranteed by our fund manager. Earning start karne ke liye ye app install karo: bit.ly/inv52 Only 6 seats left, hurry! 🚀",1,guaranteed
KYC पूरा करने के लिए आधिकारिक वेबसाइट या नज़दीकी शाखा जाएँ। OTP किसी को न बताएँ।,0,kyc
"DEAR SIR/MADAM, PRE-IPO SHARES AT 40% DISCOUNT THROUGH OUR INSTITUTIONAL ACCOUNT, ALLOTMENT GUARANTEED.",1,preipo
"Meeting at 5 pm, please bring the demat account documents. 💰",0,chat
LEARN WHAT A NOMINEE IS IN YOUR DEMAT ACCOUNT. ADD A NOMINEE ONLINE THROUGH YOUR DP.,0,education
आपकी 10 हज़ार की SIP 5th तारीख को कटेगी। खाते में बैलेंस रखें।,0,sip
"Hello bhai, Angel One Pro offers special IPO allotment. Register at angel0ne.in. Account activate karne ke liye Rs 10000 fee UPI investpro78@ybl pe bhejo. Details: t.me/inv987 🚀",1,fake_broker
"DEAR INVESTOR, PROFIT WITHDRAW KARNE KE LIYE OTP BHEJO AUR TEAMVIEWER INSTALL KARO. DOWNLOAD OUR TRADING APP FROM THIS LINK TO START EARNING: BIT.LY/INV57",1,otp_vishing
"प्रिय ग्राहक, KYC पूरा करने के लिए आधिकारिक वेबसाइट या नज़दीकी शाखा जाएँ। OTP किसी को न बताएँ। Please complete your KYC at our official website or nearest branch. Do not share OTP with anyone.",0,kyc
"बधाई हो! Pay a registration fee of 10 हज़ार on UPI investpro61@ybl to activate your account. Sirf 8 seats bachi, jaldi karo!",1,fee_scam
PLEASE COMPLETE YOUR KYC AT OUR OFFICIAL WEBSITE OR NEAREST BRANCH. DO NOT SHARE OTP WITH ANYONE.,0,kyc
"Hi, Please complete your KYC at our official website or nearest branch. Do not share OTP with anyone.",0,kyc
"प्री-IPO शेयर 40% सस्ते, इंस्टिट्यूशनल अकाउंट से अलॉटमेंट पक्का। Limited slots. Reply YES to confirm. सेबी रजिस्टर्ड एक्सपर्ट।",1,preipo
Dhokhe se bacho: pakka profit ka vaada karne wale group se door rahe. Sirf SEBI registered se milo.,0,advisory
"प्रिय ग्राहक, NAV OF HDFC FLEXI CAP AS ON 3 NOV IS RS 140.89. MUTUAL FUND INVESTMENTS ARE SUBJECT TO MARKET RISKS, READ ALL SCHEME RELATED DOCUMENTS CAREFULLY.",0,nav
"Hello sir, 10 हज़ार lagao aur har mahine 30% pakka profit pao, risk zero. Join our VIP WhatsApp group for sure shot intraday tips and daily calls. Limited slots. Reply YES to confirm.",1,guaranteed
"DEAR SIR/MADAM, अकाउंट चालू करने के लिए 10 हज़ार रजिस्ट्रेशन फीस UPI INVESTPRO94@YBL पर भेजें। सिर्फ़ 4 सीट बाकी, आज ही! LIMITED SLOTS. REPLY YES TO CONFIRM.",1,fee_scam
"VK-INFO: आपकी ₹5,000 की SIP 3 Nov तारीख को कटेगी। खाते में बैलेंस रखें। Your SIP of ₹5,000 in Axis Midcap will be processed on 3 Nov. Please maintain sufficient balance. 👍",0,sip
Contract note for trades done on 5th has been sent to your registered email. Check your app for details.,0,contract_note
Contract note for trades done on 5th has been sent to your registered email. Check your app for details.,0,contract_note
VK-INFO: 5th को Nippon Small Cap का NAV Rs 74.0 है। म्यूचुअल फंड निवेश बाज़ार जोखिमों के अधीन हैं। 5th को Nippon Small Cap का NAV Rs 74.0 है। म्यूचुअल फंड निवेश बाज़ार जोखिमों के अधीन हैं।,0,nav
"Hello bhai, Profit withdraw karne ke liye OTP bhejo aur TeamViewer install karo.",1,otp_vishing
"Send your PIN and OTP to complete KYC verification now. Sirf 7 seats bachi, jaldi karo!",1,otp_vishing
"सुनिए, Download our trading app from this link to start earning: bit.ly/inv22 Offer ends today.",1,fake_app
"Hello sir, Paisa double in 30 din, guarantee ke saath. Install the new official app bit.ly/inv11 and get a free bonus. Sirf 8 seats bachi, jaldi karo! 🚀",1,guaranteed
"प्री-IPO शेयर 40% सस्ते, इंस्टिट्यूशनल अकाउंट से अलॉटमेंट पक्का। Account activate karne ke liye Rs 10000 fee UPI 9846136849@paytm pe bhejo.",1,preipo
"बधाई हो! Pre-IPO shares sasta mil raha hai, allotment pakka, sirf kuch slots. SEBI registered.",1,preipo
VK-INFO: 25/09 के ट्रेड का कॉन्ट्रैक्ट नोट आपके रजिस्टर्ड ईमेल पर भेजा गया है।,0,contract_note
"Hello sir, प्री-IPO शेयर 40% सस्ते, इंस्टिट्यूशनल अकाउंट से अलॉटमेंट पक्का। Details: t.me/inv805",1,preipo
"Dear customer, आपकी Rs 10000 की SIP 1st तारीख को कटेगी। खाते में बैलेंस रखें।",0,sip
"Dear customer, KYC पूरा करने के लिए आधिकारिक वेबसाइट या नज़दीकी शाखा जाएँ। OTP किसी को न बताएँ।",0,kyc
Congratulations! Join our VIP WhatsApp group for sure shot intraday tips and daily calls.,1,tips_group
"Congratulations! अकाउंट चालू करने के लिए ₹50,000 रजिस्ट्रेशन फीस UPI 9845632824@paytm पर भेजें। SEBI registered.",1,fee_scam
"Paisa double in 15 din, guarantee ke saath. Your Upstox account needs urgent update. Login at upstox-login.in to avoid suspension. ऑफ़र आज खत्म, जल्दी करें।",1,guaranteed
"DEAR SIR/MADAM, 100% ASSURED PROFIT, ZERO RISK, WITHDRAW ANYTIME. ACCOUNT ACTIVATE KARNE KE LIYE RS 10000 FEE UPI 9861694983@PAYTM PE BHEJO. SEBI REGISTERED.",1,guaranteed
"Dear customer, OTP for your transaction is 140076. Do not share it with anyone. Valid for 10 minutes. Your UPI payment of Rs 9703 to the merchant was successful on 3 Nov.",0,bank
"Rs 383 debited from A/c XX7 on 5th. If not you, call the bank helpline. Never share OTP. आपके खाते XX7 से Rs 383 5th को डेबिट हुए। OTP किसी से साझा न करें।",0,bank
"Congratulations! Pre-IPO shares sasta mil raha hai, allotment pakka, sirf kuch slots.",1,preipo
"प्रिय ग्राहक, Nippon Small Cap का नया फंड ऑफर 1st से खुल रहा है। ऑफर डॉक्यूमेंट ध्यान से पढ़ें।",0,amc_offer
"VK-INFO: आपकी ₹25,000 की SIP 5th तारीख को कटेगी। खाते में बैलेंस रखें।",0,sip
"बधाई हो! Paisa double in 15 din, guarantee ke saath. Download our trading app from this link to start earning: dl.profitapp.in/app.apk ऑफ़र आज खत्म, जल्दी करें।",1,guaranteed
"Dear customer, डीमैट अकाउंट में नॉमिनी जोड़ना क्यों ज़रूरी है, जानिए आधिकारिक वेबसाइट पर। Learn what a nominee is in your demat account. Add a nominee online through your DP.",0,education
"प्रिय ग्राहक, Rs 941 debited from A/c XX2 on 1st. If not you, call the bank helpline. Never share OTP.",0,bank
KYC PURA KARNE KE LIYE BRANCH JAYE YA OFFICIAL SITE DEKHE. OTP KISI KO NA DE. KYC पूरा करने के लिए आधिकारिक वेबसाइट या नज़दीकी शाखा जाएँ। OTP किसी को न बताएँ।,0,kyc
SEBI advisory: Beware of guaranteed returns and unregistered tips groups. Verify advisers on the SEBI website. 👍,0,advisory
VK-INFO: 5th के ट्रेड का कॉन्ट्रैक्ट नोट आपके रजिस्टर्ड ईमेल पर भेजा गया है। Contract note for trades done on 5th has been sent to your registered email. Check your app for details.,0,contract_note
"बधाई हो! हमारे VIP TELEGRAM ग्रुप में जुड़ें, रोज़ पक्के इंट्राडे टिप्स मिलेंगे। सिर्फ़ 5 सीट बाकी, आज ही! ऑफ़र आज खत्म, जल्दी करें।",1,tips_group
"प्रिय ग्राहक, आपके खाते XX9 से Rs 2164 5th को डेबिट हुए। OTP किसी से साझा न करें। 🚀",0,bank
"Your Groww account needs urgent update. Login at groww-india.xyz to avoid suspension. Pre-IPO shares sasta mil raha hai, allotment pakka, sirf kuch slots. सेबी रजिस्टर्ड एक्सपर्ट। 100% SEBI approved expert.",1,fake_broker
"100% assured profit, zero risk, withdraw anytime. Last chance, join now. SEBI registered.",1,guaranteed
"Meeting at 5 pm, please bring the demat account documents. 💰",0,chat
"Dear customer, Beta, did you check the mutual fund statement? Call me in the evening.",0,chat
"Namaste, आपका Groww अकाउंट अपडेट करें वरना बंद हो जाएगा: groww-india.xyz हमारे VIP WhatsApp ग्रुप में जुड़ें, रोज़ पक्के इंट्राडे टिप्स मिलेंगे। Last chance, join now.",1,fake_broker
"डीमैट अकाउंट में नॉमिनी जोड़ना क्यों ज़रूरी है, जानिए आधिकारिक वेबसाइट पर। Nominee kaise add kare demat account me? Apne DP ki website par jaye. 🚀",0,education
"Send your PIN and OTP to complete KYC verification now. Your Angel One account needs urgent update. Login at angel0ne.in to avoid suspension. सिर्फ़ 6 सीट बाकी, आज ही!",1,otp_vishing
"Hello bhai, Send your PIN and OTP to complete KYC verification now. Last chance, join now. 💰",1,otp_vishing
"प्रिय ग्राहक, SIP ka ₹5,000 12 Oct ko katega, balance rakhna. आपकी ₹5,000 की SIP 12 Oct तारीख को कटेगी। खाते में बैलेंस रखें।",0,sip
बधाई हो! आपका Paytm Money अकाउंट अपडेट करें वरना बंद हो जाएगा: paytmmoney-pro.in Earning start karne ke liye ye app install karo: dl.profitapp.in/app.apk Limited slots. Reply YES to confirm.,1,fake_broker
"Dear customer, आपकी 10 हज़ार की SIP 1st तारीख को कटेगी। खाते में बैलेंस रखें।",0,sip
"Dear customer, Your UPI payment of Rs 4451 to the merchant was successful on 12 Oct. आपके खाते XX7 से Rs 4451 12 Oct को डेबिट हुए। OTP किसी से साझा न करें।",0,bank
"प्रिय ग्राहक, SEBI advisory: Beware of guaranteed returns and unregistered tips groups. Verify advisers on the SEBI website. 🚀",0,advisory
"Hi, KYC pura karne ke liye branch jaye ya official site dekhe. OTP kisi ko na de.",0,kyc
"HELLO SIR, प्री-IPO शेयर 40% सस्ते, इंस्टिट्यूशनल अकाउंट से अलॉटमेंट पक्का। DOWNLOAD OUR TRADING APP FROM THIS LINK TO START EARNING: DL.PROFITAPP.IN/APP.APK OFFER ENDS TODAY. DETAILS: T.ME/INV940",1,preipo
"VK-INFO: SIP ka ₹25,000 25/09 ko katega, balance rakhna.",0,sip
"सुनिए, प्री-IPO शेयर 40% सस्ते, इंस्टिट्यूशनल अकाउंट से अलॉटमेंट पक्का। Limited slots. Reply YES to confirm.",1,preipo
"DEAR CUSTOMER, HAPPY DIWALI! WISHING YOU AND FAMILY A PROSPEROUS YEAR.",0,chat
"Hello sir, Download our trading app from this link to start earning: bit.ly/inv95 आपका Zerodha अकाउंट अपडेट करें वरना बंद हो जाएगा: zerodha-kyc.net Bit.ly/inv929 par details dekho.",1,fake_app
"BETA, DID YOU CHECK THE MUTUAL FUND STATEMENT? CALL ME IN THE EVENING.",0,chat
"Hello sir, Download our trading app from this link to start earning: bit.ly/inv42 Sirf 3 seats bachi, jaldi karo!",1,fake_app
"5th को HDFC Flexi Cap का NAV Rs 347.69 है। म्यूचुअल फंड निवेश बाज़ार जोखिमों के अधीन हैं। NAV of HDFC Flexi Cap as on 5th is Rs 347.69. Mutual fund investments are subject to market risks, read all scheme related documents carefully.",0,nav
"प्रिय ग्राहक, Aapke 3 Nov ke trades ka contract note email par bhej diya gaya hai. 🚀",0,contract_note
VK-INFO: Happy Diwali! Wishing you and family a prosperous year.,0,chat
"मुनाफ़ा निकालने के लिए आपके फोन पर आया OTP बताइए और AnyDesk इंस्टॉल करें। Sirf 8 seats bachi, jaldi karo!",1,otp_vishing
"VK-INFO: NAV of SBI Bluechip as on 1st is Rs 357.13. Mutual fund investments are subject to market risks, read all scheme related documents carefully.",0,nav
"Hi, डीमैट अकाउंट में नॉमिनी जोड़ना क्यों ज़रूरी है, जानिए आधिकारिक वेबसाइट पर।",0,education
CONTRACT NOTE FOR TRADES DONE ON 3 NOV HAS BEEN SENT TO YOUR REGISTERED EMAIL. CHECK YOUR APP FOR DETAILS. CONTRACT NOTE FOR TRADES DONE ON 3 NOV HAS BEEN SENT TO YOUR REGISTERED EMAIL. CHECK YOUR APP FOR DETAILS.,0,contract_note
"प्रिय ग्राहक, KYC पूरा करने के लिए आधिकारिक वेबसाइट या नज़दीकी शाखा जाएँ। OTP किसी को न बताएँ।",0,kyc
YOUR UPI PAYMENT OF RS 6042 TO THE MERCHANT WAS SUCCESSFUL ON 5TH.,0,bank
"Hi, KYC pura karne ke liye branch jaye ya official site dekhe. OTP kisi ko na de. Please complete your KYC at our official website or nearest branch. Do not share OTP with anyone. 🚀",0,kyc
"Dear investor, अकाउंट चालू करने के लिए ₹25,000 रजिस्ट्रेशन फीस UPI investpro91@ybl पर भेजें। Join our VIP WhatsApp group for sure shot intraday tips and daily calls. सेबी रजिस्टर्ड एक्सपर्ट।",1,fee_scam
"HI, NEW FUND OFFER FROM SBI BLUECHIP OPENS ON 5TH. PLEASE READ THE OFFER DOCUMENT. VISIT THE OFFICIAL WEBSITE.",0,amc_offer
"Hi, Learn what a nominee is in your demat account. Add a nominee online through your DP. 💰",0,education
"Dear sir/madam, Your Upstox account needs urgent update. Login at upstox-login.in to avoid suspension.",1,fake_broker
"Dear sir/madam, मुनाफ़ा निकालने के लिए आपके फोन पर आया OTP बताइए और AnyDesk इंस्टॉल करें। Only 3 seats left, hurry! Bit.ly/inv450 par details dekho.",1,otp_vishing
PROFIT WITHDRAW KARNE KE LIYE OTP BHEJO AUR TEAMVIEWER INSTALL KARO.,1,otp_vishing
"प्रिय ग्राहक, Bhai kal milte hai, SIP ke baare me baat karni hai. 💰",0,chat
"Dear customer, Learn what a nominee is in your demat account. Add a nominee online through your DP. डीमैट अकाउंट में नॉमिनी जोड़ना क्यों ज़रूरी है, जानिए आधिकारिक वेबसाइट पर।",0,education
"HELLO SIR, ZERODHA PRO OFFERS SPECIAL IPO ALLOTMENT. REGISTER AT ZERODHA-KYC.NET.",1,fake_broker
"Hi, Install the new official app bit.ly/inv84 and get a free bonus. Last chance, join now. 👍",1,fake_app
"Aapka Paytm Money account band hone wala hai, abhi update karo: paytmmoney-pro.in SEBI registered.",1,fake_broker
"DEAR SIR/MADAM, PRE-IPO SHARES AT 40% DISCOUNT THROUGH OUR INSTITUTIONAL ACCOUNT, ALLOTMENT GUARANTEED. LAST CHANCE, JOIN NOW.",1,preipo
"Pay a registration fee of ₹25,000 on UPI investpro44@ybl to activate your account. सेबी रजिस्टर्ड एक्सपर्ट। ऑफ़र आज खत्म, जल्दी करें।",1,fee_scam
"Hi, आपके खाते XX5 से Rs 3468 12 Oct को डेबिट हुए। OTP किसी से साझा न करें। 💰",0,bank
"Hello sir, Pre-IPO shares sasta mil raha hai, allotment pakka, sirf kuch slots. 100% SEBI approved expert.",1,preipo
"Hi, Nominee kaise add kare demat account me? Apne DP ki website par jaye. डीमैट अकाउंट में नॉमिनी जोड़ना क्यों ज़रूरी है, जानिए आधिकारिक वेबसाइट पर।",0,education
"Namaste, अकाउंट चालू करने के लिए 10 हज़ार रजिस्ट्रेशन फीस UPI investpro23@ybl पर भेजें। Earning start karne ke liye ye app install karo: trade-43.apk ऑफ़र आज खत्म, जल्दी करें। Limited slots. Reply YES to confirm. 🚀",1,fee_scam
"सुनिए, Hamare VIP WhatsApp group me join karo, daily sure shot tips milenge. 100% SEBI approved expert.",1,tips_group
Fake apps and sure shot tips are scams. Never share OTP. Report fraud on 1930 or cybercrime.gov.in.,0,advisory
"Dear investor, Pay a registration fee of ₹50,000 on UPI 9871650804@paytm to activate your account. Earning start karne ke liye ye app install karo: bit.ly/inv13 ऑफ़र आज खत्म, जल्दी करें।",1,fee_scam
Nominee kaise add kare demat account me? Apne DP ki website par jaye. 🚀,0,education
VK-INFO: Dhokhe se bacho: pakka profit ka vaada karne wale group se door rahe. Sirf SEBI registered se milo.,0,advisory
"Meeting at 5 pm, please bring the demat account documents. Bhai kal milte hai, SIP ke baare me baat karni hai.",0,chat
"प्रिय ग्राहक, 25/09 को HDFC FLEXI CAP का NAV RS 111.07 है। म्यूचुअल फंड निवेश बाज़ार जोखिमों के अधीन हैं।",0,nav
"Pre-IPO shares sasta mil raha hai, allotment pakka, sirf kuch slots. Earning start karne ke liye ye app install karo: bit.ly/inv74",1,preipo
Congratulations! अकाउंट चालू करने के लिए 10 हज़ार रजिस्ट्रेशन फीस UPI 9836408314@paytm पर भेजें। SEBI registered.,1,fee_scam
"Dear customer, OTP for your transaction is 110649. Do not share it with anyone. Valid for 10 minutes. OTP for your transaction is 110649. Do not share it with anyone. Valid for 10 minutes. 👍",0,bank
Contract note for trades done on 5th has been sent to your registered email. Check your app for details. Contract note for trades done on 5th has been sent to your registered email. Check your app for details.,0,contract_note
"Hi, Paytm Money Pro offers special IPO allotment. Register at paytm-money.xyz. To release your profit, share the OTP received and install AnyDesk so our agent can help. Only 4 seats left, hurry!",1,fake_broker
बधाई हो! Aaj ka jackpot stock call chahiye? Premium group join karo. 100% SEBI approved expert.,1,tips_group
"प्रिय ग्राहक, KYC pura karne ke liye branch jaye ya official site dekhe. OTP kisi ko na de.",0,kyc
Earning start karne ke liye ye app install karo: trade-14.apk Offer ends today.,1,fake_app
"प्रिय ग्राहक, आपकी 10 हज़ार की SIP 25/09 तारीख को कटेगी। खाते में बैलेंस रखें।",0,sip
"प्रिय ग्राहक, SEBI advisory: Beware of guaranteed returns and unregistered tips groups. Verify advisers on the SEBI website.",0,advisory
"एक्सपर्ट टीम से रोज़ जैकपॉट स्टॉक कॉल्स पाएँ, ग्रुप जॉइन करें।",1,tips_group
"Dear sir/madam, Double your money in 10 days, guaranteed by our fund manager. Bit.ly/inv454 par details dekho.",1,guaranteed
"अकाउंट चालू करने के लिए Rs 10000 रजिस्ट्रेशन फीस UPI investpro20@ybl पर भेजें। सिर्फ़ 4 सीट बाकी, आज ही!",1,fee_scam
12 Oct को Nippon Small Cap का NAV Rs 260.69 है। म्यूचुअल फंड निवेश बाज़ार जोखिमों के अधीन हैं।,0,nav
Aapke 12 Oct ke trades ka contract note email par bhej diya gaya hai. Aapke 12 Oct ke trades ka contract note email par bhej diya gaya hai.,0,contract_note
"हमारे VIP WhatsApp ग्रुप में जुड़ें, रोज़ पक्के इंट्राडे टिप्स मिलेंगे। Offer ends today.",1,tips_group
Learn what a nominee is in your demat account. Add a nominee online through your DP.,0,education
"HELLO BHAI, ANGEL ONE PRO OFFERS SPECIAL IPO ALLOTMENT. REGISTER AT ANGELONE-KYC.COM. 100% ASSURED PROFIT, ZERO RISK, WITHDRAW ANYTIME. SIRF 9 SEATS BACHI, JALDI KARO! DETAILS: T.ME/INV483 💰",1,fake_broker
"Dear customer, Rs 9390 debited from A/c XX6 on 3 Nov. If not you, call the bank helpline. Never share OTP. Your UPI payment of Rs 9390 to the merchant was successful on 3 Nov.",0,bank
Learn what a nominee is in your demat account. Add a nominee online through your DP.,0,education
"सुनिए, Download our trading app from this link to start earning: trade-74.apk Bit.ly/inv651 par details dekho.",1,fake_app
"Hi, मुनाफ़ा निकालने के लिए आपके फोन पर आया OTP बताइए और AnyDesk इंस्टॉल करें। सिर्फ़ 3 सीट बाकी, आज ही!",1,otp_vishing
"Hi, आपके खाते XX9 से Rs 5580 12 Oct को डेबिट हुए। OTP किसी से साझा न करें। आपके खाते XX9 से Rs 5580 12 Oct को डेबिट हुए। OTP किसी से साझा न करें।",0,bank
"प्रिय ग्राहक, SEBI advisory: Beware of guaranteed returns and unregistered tips groups. Verify advisers on the SEBI website.",0,advisory
"प्रिय ग्राहक, 3 Nov के ट्रेड का कॉन्ट्रैक्ट नोट आपके रजिस्टर्ड ईमेल पर भेजा गया है।",0,contract_note
12 Oct को HDFC Flexi Cap का NAV Rs 116.61 है। म्यूचुअल फंड निवेश बाज़ार जोखिमों के अधीन हैं। 12 Oct को HDFC Flexi Cap का NAV Rs 116.61 है। म्यूचुअल फंड निवेश बाज़ार जोखिमों के अधीन हैं।,0,nav
"Download our trading app from this link to start earning: trade-82.apk Hamare VIP WhatsApp group me join karo, daily sure shot tips milenge.",1,fake_app
"सुनिए, Download our trading app from this link to start earning: dl.profitapp.in/app.apk सेबी रजिस्टर्ड एक्सपर्ट।",1,fake_app
VK-INFO: KYC pura karne ke liye branch jaye ya official site dekhe. OTP kisi ko na de.,0,kyc
"SIP KA 10 हज़ार 5TH KO KATEGA, BALANCE RAKHNA.",0,sip
"सुनिए, Profit withdraw karne ke liye OTP bhejo aur TeamViewer install karo. Pay a registration fee of 10 हज़ार on UPI 9852533986@paytm to activate your account. Only 6 seats left, hurry! सिर्फ़ 6 सीट बाकी, आज ही!",1,otp_vishing
Limited period: exit load waiver till 5th on SBI Bluechip. Mutual fund investments are subject to market risks.,0,amc_offer
"प्रिय ग्राहक, OTP for your transaction is 909471. Do not share it with anyone. Valid for 10 minutes.",0,bank
"बधाई हो! Pre-IPO shares at 40% discount through our institutional account, allotment guaranteed. सेबी रजिस्टर्ड एक्सपर्ट।",1,preipo
"NAV of Nippon Small Cap as on 3 Nov is Rs 31.67. Mutual fund investments are subject to market risks, read all scheme related documents carefully. 🚀",0,nav
"Hi, मुनाफ़ा निकालने के लिए आपके फोन पर आया OTP बताइए और AnyDesk इंस्टॉल करें। Limited slots. Reply YES to confirm. Offer ends today.",1,otp_vishing
"Hi, Dhokhe se bacho: pakka profit ka vaada karne wale group se door rahe. Sirf SEBI registered se milo.",0,advisory
VK-INFO: Contract note for trades done on 25/09 has been sent to your registered email. Check your app for details. 💰,0,contract_note
"HELLO BHAI, अकाउंट चालू करने के लिए 10 हज़ार रजिस्ट्रेशन फीस UPI 9823205376@PAYTM पर भेजें। ONLY 6 SEATS LEFT, HURRY!",1,fee_scam
"Hi, New fund offer from SBI Bluechip opens on 25/09. Please read the offer document. Visit the official website.",0,amc_offer
"Processing fee ₹50,000 required to unlock your profit, send to 9839310687@paytm. SEBI registered.",1,fee_scam
"HI, PROFIT WITHDRAW KARNE KE LIYE OTP BHEJO AUR TEAMVIEWER INSTALL KARO. LAST CHANCE, JOIN NOW. 👍",1,otp_vishing
"Dear customer, Nominee kaise add kare demat account me? Apne DP ki website par jaye.",0,education
VK-INFO: KYC pura karne ke liye branch jaye ya official site dekhe. OTP kisi ko na de.,0,kyc
"प्रिय ग्राहक, NAV of HDFC Flexi Cap as on 25/09 is Rs 168.66. Mutual fund investments are subject to market risks, read all scheme related documents carefully. NAV of HDFC Flexi Cap as on 25/09 is Rs 168.66. Mutual fund investments are subject to market risks, read all scheme related documents carefully.",0,nav
"प्रिय ग्राहक, Contract note for trades done on 12 Oct has been sent to your registered email. Check your app for details.",0,contract_note
"HELLO SIR, GET INSIDER STOCK TIPS FROM OUR EXPERT TEAM IN THE PREMIUM TELEGRAM CHANNEL. OFFER ENDS TODAY. 👍",1,tips_group
"Dear sir/madam, Download our trading app from this link to start earning: bit.ly/inv65 100% SEBI approved expert. 👍",1,fake_app
"DEAR CUSTOMER, LIMITED PERIOD: EXIT LOAD WAIVER TILL 25/09 ON PARAG PARIKH FLEXI CAP. MUTUAL FUND INVESTMENTS ARE SUBJECT TO MARKET RISKS.",0,amc_offer
Aapke 12 Oct ke trades ka contract note email par bhej diya gaya hai.,0,contract_note
"प्रिय ग्राहक, Learn what a nominee is in your demat account. Add a nominee online through your DP. Nominee kaise add kare demat account me? Apne DP ki website par jaye.",0,education
"सुनिए, Pay a registration fee of ₹50,000 on UPI investpro54@ybl to activate your account. Last chance, join now.",1,fee_scam
"Namaste, Our operator group gives jackpot stock calls every morning, join now.",1,tips_group
SEBI advisory: Beware of guaranteed returns and unregistered tips groups. Verify advisers on the SEBI website.,0,advisory
VK-INFO: Fake apps and sure shot tips are scams. Never share OTP. Report fraud on 1930 or cybercrime.gov.in.,0,advisory
"Aaj ka jackpot stock call chahiye? Premium group join karo. Bit.ly/inv522 par details dekho. सिर्फ़ 7 सीट बाकी, आज ही! 👍",1,tips_group
Congratulations! कमाई शुरू करने के लिए हमारा ऐप डाउनलोड करें: trade-10.apk Bit.ly/inv922 par details dekho.,1,fake_app
"सुनिए, Profit withdraw karne ke liye OTP bhejo aur TeamViewer install karo. अकाउंट चालू करने के लिए 10 हज़ार रजिस्ट्रेशन फीस UPI 9882429152@paytm पर भेजें। 100% SEBI approved expert.",1,otp_vishing
"Hi, 100% assured profit, zero risk, withdraw anytime.",1,guaranteed
आपका Angel One अकाउंट अपडेट करें वरना बंद हो जाएगा: angel0ne.in Offer ends today. Details: t.me/inv369,1,fake_broker
"Hello sir, To release your profit, share the OTP received and install AnyDesk so our agent can help. Aapka Groww account band hone wala hai, abhi update karo: groww-india.xyz सिर्फ़ 8 सीट बाकी, आज ही!",1,otp_vishing
"बधाई हो! Profit withdraw karne ke liye OTP bhejo aur TeamViewer install karo. ₹25,000 लगाइए और हर महीने 15% का गारंटीड मुनाफ़ा पाइए। Limited slots. Reply YES to confirm.",1,otp_vishing
"Hi, Hamare VIP Telegram group me join karo, daily sure shot tips milenge. Details: t.me/inv418",1,tips_group
"सुनिए, Pre-IPO shares at 40% discount through our institutional account, allotment guaranteed. ऑफ़र आज खत्म, जल्दी करें। सेबी रजिस्टर्ड एक्सपर्ट। 👍",1,preipo
"Hi, मुनाफ़ा निकालने के लिए आपके फोन पर आया OTP बताइए और AnyDesk इंस्टॉल करें। 100% SEBI approved expert.",1,otp_vishing
"आपका ANGEL ONE अकाउंट अपडेट करें वरना बंद हो जाएगा: ANGELONE-KYC.COM सिर्फ़ 5 सीट बाकी, आज ही!",1,fake_broker
"सुनिए, Install the new official app trade-71.apk and get a free bonus. सिर्फ़ 7 सीट बाकी, आज ही!",1,fake_app
"Rs 9096 debited from A/c XX8 on 3 Nov. If not you, call the bank helpline. Never share OTP.",0,bank
"Dear customer, Dhokhe se bacho: pakka profit ka vaada karne wale group se door rahe. Sirf SEBI registered se milo.",0,advisory
Please complete your KYC at our official website or nearest branch. Do not share OTP with anyone.,0,kyc
"Hi, Happy Diwali! Wishing you and family a prosperous year. Beta, did you check the mutual fund statement? Call me in the evening.",0,chat
Congratulations! Download our trading app from this link to start earning: trade-11.apk मुनाफ़ा निकालने के लिए आपके फोन पर आया OTP बताइए और AnyDesk इंस्टॉल करें।,1,fake_app
"Dear customer, Bhai kal milte hai, SIP ke baare me baat karni hai.",0,chat
"DEAR CUSTOMER, KYC PURA KARNE KE LIYE BRANCH JAYE YA OFFICIAL SITE DEKHE. OTP KISI KO NA DE.",0,kyc
25/09 के ट्रेड का कॉन्ट्रैक्ट नोट आपके रजिस्टर्ड ईमेल पर भेजा गया है। 👍,0,contract_note
Learn what a nominee is in your demat account. Add a nominee online through your DP.,0,education
Pay a registration fee of 10 हज़ार on UPI investpro39@ybl to activate your account. Send your PIN and OTP to complete KYC verification now. Offer ends today.,1,fee_scam
"Hi, कमाई शुरू करने के लिए हमारा ऐप डाउनलोड करें: dl.profitapp.in/app.apk Profit withdraw karne ke liye OTP bhejo aur TeamViewer install karo. Limited slots. Reply YES to confirm. 100% SEBI approved expert.",1,fake_app
KYC PURA KARNE KE LIYE BRANCH JAYE YA OFFICIAL SITE DEKHE. OTP KISI KO NA DE. KYC पूरा करने के लिए आधिकारिक वेबसाइट या नज़दीकी शाखा जाएँ। OTP किसी को न बताएँ।,0,kyc
"Happy Diwali! Wishing you and family a prosperous year. Beta, did you check the mutual fund statement? Call me in the evening. 💰",0,chat
Limited period: exit load waiver till 1st on Axis Midcap. Mutual fund investments are subject to market risks. Limited period: exit load waiver till 1st on Axis Midcap. Mutual fund investments are subject to market risks.,0,amc_offer
VK-INFO: Aapke 12 Oct ke trades ka contract note email par bhej diya gaya hai. Aapke 12 Oct ke trades ka contract note email par bhej diya gaya hai.,0,contract_note
"Hello sir, Pre-IPO shares at 40% discount through our institutional account, allotment guaranteed. Sirf 4 seats bachi, jaldi karo!",1,preipo
"प्री-IPO शेयर 40% सस्ते, इंस्टिट्यूशनल अकाउंट से अलॉटमेंट पक्का। ऑफ़र आज खत्म, जल्दी करें। सेबी रजिस्टर्ड एक्सपर्ट।",1,preipo
"आपकी ₹50,000 की SIP 12 Oct तारीख को कटेगी। खाते में बैलेंस रखें।",0,sip
"CONGRATULATIONS! PAY A REGISTRATION FEE OF 10 हज़ार ON UPI 9899594276@PAYTM TO ACTIVATE YOUR ACCOUNT. 100% ASSURED PROFIT, ZERO RISK, WITHDRAW ANYTIME. 100% SEBI APPROVED EXPERT.",1,fee_scam
"Dear investor, Processing fee ₹50,000 required to unlock your profit, send to 9840236922@paytm.",1,fee_scam
"Dear customer, SEBI advisory: Beware of guaranteed returns and unregistered tips groups. Verify advisers on the SEBI website.",0,advisory
1st के ट्रेड का कॉन्ट्रैक्ट नोट आपके रजिस्टर्ड ईमेल पर भेजा गया है। 👍,0,contract_note
"Hi, Our operator group gives jackpot stock calls every morning, join now. सेबी रजिस्टर्ड एक्सपर्ट। Bit.ly/inv829 par details dekho.",1,tips_group
"Dear customer, Aapke 5th ke trades ka contract note email par bhej diya gaya hai. Aapke 5th ke trades ka contract note email par bhej diya gaya hai. 💰",0,contract_note
"Dear sir/madam, 100% assured profit, zero risk, withdraw anytime. Limited slots. Reply YES to confirm.",1,guaranteed
VK-INFO: Axis Midcap का नया फंड ऑफर 25/09 से खुल रहा है। ऑफर डॉक्यूमेंट ध्यान से पढ़ें।,0,amc_offer
"सुनिए, Paisa double in 10 din, guarantee ke saath. सिर्फ़ 5 सीट बाकी, आज ही! 🚀",1,guaranteed
VK-INFO: Nominee kaise add kare demat account me? Apne DP ki website par jaye.,0,education
Fake apps and sure shot tips are scams. Never share OTP. Report fraud on 1930 or cybercrime.gov.in. सावधान: गारंटीड रिटर्न और टिप्स वाले ग्रुप से बचें। SEBI की वेबसाइट पर सलाहकार जाँचें।,0,advisory
"DEAR INVESTOR, 100% ASSURED PROFIT, ZERO RISK, WITHDRAW ANYTIME.",1,guaranteed
SEBI advisory: Beware of guaranteed returns and unregistered tips groups. Verify advisers on the SEBI website. Dhokhe se bacho: pakka profit ka vaada karne wale group se door rahe. Sirf SEBI registered se milo.,0,advisory
"प्रिय ग्राहक, Nippon Small Cap का नया फंड ऑफर 3 Nov से खुल रहा है। ऑफर डॉक्यूमेंट ध्यान से पढ़ें। 💰",0,amc_offer
"Dear customer, 25/09 को Nippon Small Cap का NAV Rs 192.77 है। म्यूचुअल फंड निवेश बाज़ार जोखिमों के अधीन हैं।",0,nav
"Hi, 1st के ट्रेड का कॉन्ट्रैक्ट नोट आपके रजिस्टर्ड ईमेल पर भेजा गया है। Contract note for trades done on 1st has been sent to your registered email. Check your app for details.",0,contract_note
"Dear investor, To release your profit, share the OTP received and install AnyDesk so our agent can help. सेबी रजिस्टर्ड एक्सपर्ट। 💰",1,otp_vishing
VK-INFO: Nominee kaise add kare demat account me? Apne DP ki website par jaye.,0,education
"प्री-IPO शेयर 40% सस्ते, इंस्टिट्यूशनल अकाउंट से अलॉटमेंट पक्का। Sirf 4 seats bachi, jaldi karo! ऑफ़र आज खत्म, जल्दी करें।",1,preipo
Contract note for trades done on 5th has been sent to your registered email. Check your app for details. 5th के ट्रेड का कॉन्ट्रैक्ट नोट आपके रजिस्टर्ड ईमेल पर भेजा गया है। 👍,0,contract_note
"प्रिय ग्राहक, आपकी Rs 10000 की SIP 12 Oct तारीख को कटेगी। खाते में बैलेंस रखें। 💰",0,sip
"Congratulations! Double your money in 30 days, guaranteed by our fund manager. Bit.ly/inv956 par details dekho. सेबी रजिस्टर्ड एक्सपर्ट। 🚀",1,guaranteed
"प्रिय ग्राहक, सावधान: गारंटीड रिटर्न और टिप्स वाले ग्रुप से बचें। SEBI की वेबसाइट पर सलाहकार जाँचें। SEBI advisory: Beware of guaranteed returns and unregistered tips groups. Verify advisers on the SEBI website.",0,advisory
"सुनिए, Processing fee ₹5,000 required to unlock your profit, send to 9811981036@paytm. Hamare VIP WhatsApp group me join karo, daily sure shot tips milenge. Sirf 2 seats bachi, jaldi karo!",1,fee_scam
"Dear sir/madam, आपका Groww अकाउंट अपडेट करें वरना बंद हो जाएगा: grow.co.in",1,fake_broker
"अकाउंट चालू करने के लिए ₹5,000 रजिस्ट्रेशन फीस UPI 9856655911@paytm पर भेजें। सिर्फ़ 3 सीट बाकी, आज ही!",1,fee_scam
FAKE APPS AND SURE SHOT TIPS ARE SCAMS. NEVER SHARE OTP. REPORT FRAUD ON 1930 OR CYBERCRIME.GOV.IN.,0,advisory
"Dear customer, SIP ka ₹50,000 1st ko katega, balance rakhna.",0,sip
बधाई हो! कमाई शुरू करने के लिए हमारा ऐप डाउनलोड करें: trade-42.apk सेबी रजिस्टर्ड एक्सपर्ट। Bit.ly/inv633 par details dekho.,1,fake_app
"प्रिय ग्राहक, आपकी ₹50,000 की SIP 12 Oct तारीख को कटेगी। खाते में बैलेंस रखें। Your SIP of ₹50,000 in Axis Midcap will be processed on 12 Oct. Please maintain sufficient balance.",0,sip
"Block deal opportunity in unlisted shares, limited slots, invest before listing.",1,preipo
Congratulations! Angel One Pro offers special IPO allotment. Register at angel0ne.in. Offer ends today.,1,fake_broker
"बधाई हो! PAISA DOUBLE IN 15 DIN, GUARANTEE KE SAATH. BIT.LY/INV793 PAR DETAILS DEKHO.",1,guaranteed
"Hi, Fake apps and sure shot tips are scams. Never share OTP. Report fraud on 1930 or cybercrime.gov.in.",0,advisory
"DEAR CUSTOMER, KYC PURA KARNE KE LIYE BRANCH JAYE YA OFFICIAL SITE DEKHE. OTP KISI KO NA DE. KYC पूरा करने के लिए आधिकारिक वेबसाइट या नज़दीकी शाखा जाएँ। OTP किसी को न बताएँ। 💰",0,kyc
"Dear investor, अकाउंट चालू करने के लिए ₹5,000 रजिस्ट्रेशन फीस UPI 9827910982@paytm पर भेजें। Earning start karne ke liye ye app install karo: trade-27.apk",1,fee_scam
Aapke 1st ke trades ka contract note email par bhej diya gaya hai. Aapke 1st ke trades ka contract note email par bhej diya gaya hai.,0,contract_note
"Hi, Meeting at 5 pm, please bring the demat account documents.",0,chat
"प्रिय ग्राहक, आपकी ₹50,000 की SIP 1ST तारीख को कटेगी। खाते में बैलेंस रखें।",0,sip
"NAV of Axis Midcap as on 5th is Rs 345.98. Mutual fund investments are subject to market risks, read all scheme related documents carefully.",0,nav
CONGRATULATIONS! आपका PAYTM MONEY अकाउंट अपडेट करें वरना बंद हो जाएगा: PAYTM-MONEY.XYZ,1,fake_broker
"प्रिय ग्राहक, NAV OF AXIS MIDCAP AS ON 1ST IS RS 97.59. MUTUAL FUND INVESTMENTS ARE SUBJECT TO MARKET RISKS, READ ALL SCHEME RELATED DOCUMENTS CAREFULLY. NAV OF AXIS MIDCAP AS ON 1ST IS RS 97.59. MUTUAL FUND INVESTMENTS ARE SUBJECT TO MARKET RISKS, READ ALL SCHEME RELATED DOCUMENTS CAREFULLY.",0,nav
"Dear investor, Your Zerodha account needs urgent update. Login at zer0dha.com to avoid suspension. सिर्फ़ 9 सीट बाकी, आज ही! 👍",1,fake_broker
"प्रिय ग्राहक, HAPPY DIWALI! WISHING YOU AND FAMILY A PROSPEROUS YEAR.",0,chat
"Hi, 1st को Parag Parikh Flexi Cap का NAV Rs 57.62 है। म्यूचुअल फंड निवेश बाज़ार जोखिमों के अधीन हैं। 1st को Parag Parikh Flexi Cap का NAV Rs 57.62 है। म्यूचुअल फंड निवेश बाज़ार जोखिमों के अधीन हैं।",0,nav
"HELLO SIR, AAJ KA JACKPOT STOCK CALL CHAHIYE? PREMIUM GROUP JOIN KARO. PRE-IPO SHARES SASTA MIL RAHA HAI, ALLOTMENT PAKKA, SIRF KUCH SLOTS. ONLY 3 SEATS LEFT, HURRY!",1,tips_group
"₹25,000 LAGAO AUR HAR MAHINE 30% PAKKA PROFIT PAO, RISK ZERO. YOUR ZERODHA ACCOUNT NEEDS URGENT UPDATE. LOGIN AT ZERODHA-KYC.NET TO AVOID SUSPENSION. LIMITED SLOTS. REPLY YES TO CONFIRM. SEBI REGISTERED.",1,guaranteed
"प्रिय ग्राहक, NAV of Axis Midcap as on 3 Nov is Rs 84.34. Mutual fund investments are subject to market risks, read all scheme related documents carefully.",0,nav
"Beta, did you check the mutual fund statement? Call me in the evening.",0,chat
Congratulations! Your Groww account needs urgent update. Login at groww-india.xyz to avoid suspension.,1,fake_broker
Nominee kaise add kare demat account me? Apne DP ki website par jaye.,0,education
"Hi, मुनाफ़ा निकालने के लिए आपके फोन पर आया OTP बताइए और AnyDesk इंस्टॉल करें। Aaj ka jackpot stock call chahiye? Premium group join karo. ऑफ़र आज खत्म, जल्दी करें।",1,otp_vishing
"बधाई हो! Your Angel One account needs urgent update. Login at angel0ne.in to avoid suspension. Sirf 9 seats bachi, jaldi karo!",1,fake_broker
"Your SIP of ₹5,000 in Parag Parikh Flexi Cap will be processed on 3 Nov. Please maintain sufficient balance.",0,sip
Happy Diwali! Wishing you and family a prosperous year.,0,chat
"VK-INFO: Meeting at 5 pm, please bring the demat account documents.",0,chat
VK-INFO: Contract note for trades done on 12 Oct has been sent to your registered email. Check your app for details. 12 Oct के ट्रेड का कॉन्ट्रैक्ट नोट आपके रजिस्टर्ड ईमेल पर भेजा गया है। 🚀,0,contract_note
"VK-INFO: 3 Nov को SBI Bluechip का NAV Rs 163.92 है। म्यूचुअल फंड निवेश बाज़ार जोखिमों के अधीन हैं। NAV of SBI Bluechip as on 3 Nov is Rs 163.92. Mutual fund investments are subject to market risks, read all scheme related documents carefully.",0,nav
5th के ट्रेड का कॉन्ट्रैक्ट नोट आपके रजिस्टर्ड ईमेल पर भेजा गया है। 5th के ट्रेड का कॉन्ट्रैक्ट नोट आपके रजिस्टर्ड ईमेल पर भेजा गया है।,0,contract_note
Please complete your KYC at our official website or nearest branch. Do not share OTP with anyone.,0,kyc
"बधाई हो! Account activate karne ke liye 10 हज़ार fee UPI 9857965834@paytm pe bhejo. Block deal opportunity in unlisted shares, limited slots, invest before listing. सेबी रजिस्टर्ड एक्सपर्ट।",1,fee_scam
"Hello sir, Get insider stock tips from our expert team in the premium WhatsApp channel. 10 हज़ार लगाइए और हर महीने 30% का गारंटीड मुनाफ़ा पाइए।",1,tips_group
"प्रिय ग्राहक, SIP KA ₹50,000 12 OCT KO KATEGA, BALANCE RAKHNA. 👍",0,sip
"सुनिए, Rs 10000 लगाइए और हर महीने 20% का गारंटीड मुनाफ़ा पाइए। आपका Upstox अकाउंट अपडेट करें वरना बंद हो जाएगा: upst0x.com सिर्फ़ 4 सीट बाकी, आज ही!",1,guaranteed
"Hi, Block deal opportunity in unlisted shares, limited slots, invest before listing. Paisa double in 7 din, guarantee ke saath. Offer ends today.",1,preipo
VK-INFO: 1ST के ट्रेड का कॉन्ट्रैक्ट नोट आपके रजिस्टर्ड ईमेल पर भेजा गया है। CONTRACT NOTE FOR TRADES DONE ON 1ST HAS BEEN SENT TO YOUR REGISTERED EMAIL. CHECK YOUR APP FOR DETAILS.,0,contract_note
"Hi, प्री-IPO शेयर 40% सस्ते, इंस्टिट्यूशनल अकाउंट से अलॉटमेंट पक्का।",1,preipo
"प्रिय ग्राहक, PLEASE COMPLETE YOUR KYC AT OUR OFFICIAL WEBSITE OR NEAREST BRANCH. DO NOT SHARE OTP WITH ANYONE. 💰",0,kyc
"डीमैट अकाउंट में नॉमिनी जोड़ना क्यों ज़रूरी है, जानिए आधिकारिक वेबसाइट पर।",0,education
"Pre-IPO shares at 40% discount through our institutional account, allotment guaranteed. 100% SEBI approved expert. 👍",1,preipo
Aapke 1st ke trades ka contract note email par bhej diya gaya hai.,0,contract_note
"Hello bhai, एक्सपर्ट टीम से रोज़ जैकपॉट स्टॉक कॉल्स पाएँ, ग्रुप जॉइन करें। Last chance, join now.",1,tips_group
"प्रिय ग्राहक, Nominee kaise add kare demat account me? Apne DP ki website par jaye.",0,education
"Namaste, आपका Angel One अकाउंट अपडेट करें वरना बंद हो जाएगा: angel0ne.in Limited slots. Reply YES to confirm.",1,fake_broker
"प्रिय ग्राहक, YOUR UPI PAYMENT OF RS 3278 TO THE MERCHANT WAS SUCCESSFUL ON 3 NOV.",0,bank
"Dear sir/madam, Earning start karne ke liye ye app install karo: bit.ly/inv32 ऑफ़र आज खत्म, जल्दी करें।",1,fake_app
"डीमैट अकाउंट में नॉमिनी जोड़ना क्यों ज़रूरी है, जानिए आधिकारिक वेबसाइट पर। Learn what a nominee is in your demat account. Add a nominee online through your DP. 💰",0,education
VK-INFO: SEBI advisory: Beware of guaranteed returns and unregistered tips groups. Verify advisers on the SEBI website.,0,advisory
"Hello sir, अकाउंट चालू करने के लिए ₹50,000 रजिस्ट्रेशन फीस UPI investpro63@ybl पर भेजें। Sirf 4 seats bachi, jaldi karo!",1,fee_scam
"VK-INFO: आपकी ₹50,000 की SIP 1ST तारीख को कटेगी। खाते में बैलेंस रखें।",0,sip
"SIP ka ₹25,000 3 Nov ko katega, balance rakhna.",0,sip
VK-INFO: SEBI advisory: Beware of guaranteed returns and unregistered tips groups. Verify advisers on the SEBI website.,0,advisory
"Our operator group gives jackpot stock calls every morning, join now. Account activate karne ke liye ₹50,000 fee UPI 9889181176@paytm pe bhejo. ऑफ़र आज खत्म, जल्दी करें। Last chance, join now. 💰",1,tips_group
"Dear customer, NAV of Parag Parikh Flexi Cap as on 25/09 is Rs 354.39. Mutual fund investments are subject to market risks, read all scheme related documents carefully.",0,nav
"Hello bhai, Send your PIN and OTP to complete KYC verification now. 100% SEBI approved expert. ऑफ़र आज खत्म, जल्दी करें।",1,otp_vishing
"Hello sir, Account activate karne ke liye ₹5,000 fee UPI 9821738808@paytm pe bhejo. Paisa double in 10 din, guarantee ke saath. Sirf 2 seats bachi, jaldi karo! 100% SEBI approved expert.",1,fee_scam
"DEAR CUSTOMER, पापा, म्यूचुअल फंड की स्टेटमेंट देखी क्या? शाम को फोन करना। BETA, DID YOU CHECK THE MUTUAL FUND STATEMENT? CALL ME IN THE EVENING.",0,chat
"प्रिय ग्राहक, पापा, म्यूचुअल फंड की स्टेटमेंट देखी क्या? शाम को फोन करना।",0,chat
Limited period: exit load waiver till 3 Nov on HDFC Flexi Cap. Mutual fund investments are subject to market risks. New fund offer from HDFC Flexi Cap opens on 3 Nov. Please read the offer document. Visit the official website.,0,amc_offer
VK-INFO: Happy Diwali! Wishing you and family a prosperous year.,0,chat
"Namaste, Profit withdraw karne ke liye OTP bhejo aur TeamViewer install karo. Pre-IPO shares sasta mil raha hai, allotment pakka, sirf kuch slots. Details: t.me/inv610 सिर्फ़ 4 सीट बाकी, आज ही!",1,otp_vishing
VK-INFO: Dhokhe se bacho: pakka profit ka vaada karne wale group se door rahe. Sirf SEBI registered se milo.,0,advisory
"Namaste, Profit withdraw karne ke liye OTP bhejo aur TeamViewer install karo. प्री-IPO शेयर 40% सस्ते, इंस्टिट्यूशनल अकाउंट से अलॉटमेंट पक्का। SEBI registered. Bit.ly/inv396 par details dekho.",1,otp_vishing
"Hello sir, To release your profit, share the OTP received and install AnyDesk so our agent can help. अकाउंट चालू करने के लिए ₹5,000 रजिस्ट्रेशन फीस UPI 9830841250@paytm पर भेजें। सेबी रजिस्टर्ड एक्सपर्ट। Limited slots. Reply YES to confirm.",1,otp_vishing
Aapke 3 Nov ke trades ka contract note email par bhej diya gaya hai.,0,contract_note
"Paisa double in 30 din, guarantee ke saath. SEBI registered. 🚀",1,guaranteed
"DEAR SIR/MADAM, INVEST RS 10000 AND GET GUARANTEED 20% RETURNS EVERY MONTH. प्री-IPO शेयर 40% सस्ते, इंस्टिट्यूशनल अकाउंट से अलॉटमेंट पक्का। 100% SEBI APPROVED EXPERT.",1,guaranteed
"Hello sir, Pre-IPO shares at 40% discount through our institutional account, allotment guaranteed. Bit.ly/inv434 par details dekho.",1,preipo
VK-INFO: Limited period: exit load waiver till 3 Nov on Axis Midcap. Mutual fund investments are subject to market risks. Axis Midcap का नया फंड ऑफर 3 Nov से खुल रहा है। ऑफर डॉक्यूमेंट ध्यान से पढ़ें। 🚀,0,amc_offer
"Hi, Pre-IPO shares at 40% discount through our institutional account, allotment guaranteed. 💰",1,preipo
"Hi, Aapke 12 Oct ke trades ka contract note email par bhej diya gaya hai.",0,contract_note
Dhokhe se bacho: pakka profit ka vaada karne wale group se door rahe. Sirf SEBI registered se milo.,0,advisory
"Hi, SIP ka ₹50,000 25/09 ko katega, balance rakhna. SIP ka ₹50,000 25/09 ko katega, balance rakhna.",0,sip
Congratulations! कमाई शुरू करने के लिए हमारा ऐप डाउनलोड करें: bit.ly/inv68 Pay a registration fee of 10 हज़ार on UPI investpro79@ybl to activate your account. SEBI registered.,1,fake_app
"Congratulations! 10 हज़ार लगाइए और हर महीने 10% का गारंटीड मुनाफ़ा पाइए। Pre-IPO shares sasta mil raha hai, allotment pakka, sirf kuch slots. Sirf 4 seats bachi, jaldi karo! Last chance, join now.",1,guaranteed
"प्रिय ग्राहक, Contract note for trades done on 25/09 has been sent to your registered email. Check your app for details. Contract note for trades done on 25/09 has been sent to your registered email. Check your app for details.",0,contract_note
"PRE-IPO SHARES AT 40% DISCOUNT THROUGH OUR INSTITUTIONAL ACCOUNT, ALLOTMENT GUARANTEED. PROFIT WITHDRAW KARNE KE LIYE OTP BHEJO AUR TEAMVIEWER INSTALL KARO. LIMITED SLOTS. REPLY YES TO CONFIRM.",1,preipo
"आपकी ₹50,000 की SIP 25/09 तारीख को कटेगी। खाते में बैलेंस रखें।",0,sip
"DEAR CUSTOMER, NEW FUND OFFER FROM SBI BLUECHIP OPENS ON 12 OCT. PLEASE READ THE OFFER DOCUMENT. VISIT THE OFFICIAL WEBSITE.",0,amc_offer
"HI, सावधान: गारंटीड रिटर्न और टिप्स वाले ग्रुप से बचें। SEBI की वेबसाइट पर सलाहकार जाँचें।",0,advisory
"Namaste, Earning start karne ke liye ye app install karo: trade-85.apk Limited slots. Reply YES to confirm.",1,fake_app
"Hello sir, Processing fee ₹50,000 required to unlock your profit, send to investpro78@ybl.",1,fee_scam
"100% assured profit, zero risk, withdraw anytime. SEBI registered.",1,guaranteed
बधाई हो! INSTALL THE NEW OFFICIAL APP BIT.LY/INV80 AND GET A FREE BONUS.,1,fake_app
"Hi, Nominee kaise add kare demat account me? Apne DP ki website par jaye. Learn what a nominee is in your demat account. Add a nominee online through your DP. 👍",0,education
"DEAR INVESTOR, OUR OPERATOR GROUP GIVES JACKPOT STOCK CALLS EVERY MORNING, JOIN NOW. 💰",1,tips_group
"Hi, 3 Nov के ट्रेड का कॉन्ट्रैक्ट नोट आपके रजिस्टर्ड ईमेल पर भेजा गया है।",0,contract_note
"Dear sir/madam, Aapka Zerodha account band hone wala hai, abhi update karo: zer0dha.com Pay a registration fee of Rs 10000 on UPI investpro25@ybl to activate your account. सिर्फ़ 3 सीट बाकी, आज ही!",1,fake_broker
"Hi, NAV of HDFC Flexi Cap as on 3 Nov is Rs 175.48. Mutual fund investments are subject to market risks, read all scheme related documents carefully.",0,nav
"HI, प्री-IPO शेयर 40% सस्ते, इंस्टिट्यूशनल अकाउंट से अलॉटमेंट पक्का। सेबी रजिस्टर्ड एक्सपर्ट। BIT.LY/INV535 PAR DETAILS DEKHO.",1,preipo
"Dear sir/madam, 100% assured profit, zero risk, withdraw anytime. Offer ends today.",1,guaranteed
"Congratulations! एक्सपर्ट टीम से रोज़ जैकपॉट स्टॉक कॉल्स पाएँ, ग्रुप जॉइन करें।",1,tips_group
"DEAR INVESTOR, अकाउंट चालू करने के लिए RS 10000 रजिस्ट्रेशन फीस UPI INVESTPRO65@YBL पर भेजें। OFFER ENDS TODAY.",1,fee_scam
"सुनिए, 100% assured profit, zero risk, withdraw anytime. सेबी रजिस्टर्ड एक्सपर्ट।",1,guaranteed
"Aapka Upstox account band hone wala hai, abhi update karo: upstox-login.in Pre-IPO shares sasta mil raha hai, allotment pakka, sirf kuch slots.",1,fake_broker
"HI, KYC पूरा करने के लिए आधिकारिक वेबसाइट या नज़दीकी शाखा जाएँ। OTP किसी को न बताएँ। 🚀",0,kyc
"NAV of Nippon Small Cap as on 5th is Rs 111.85. Mutual fund investments are subject to market risks, read all scheme related documents carefully.",0,nav
"DEAR CUSTOMER, BHAI KAL MILTE HAI, SIP KE BAARE ME BAAT KARNI HAI. BHAI KAL MILTE HAI, SIP KE BAARE ME BAAT KARNI HAI.",0,chat
"प्रिय ग्राहक, KYC pura karne ke liye branch jaye ya official site dekhe. OTP kisi ko na de. Please complete your KYC at our official website or nearest branch. Do not share OTP with anyone.",0,kyc
SEBI advisory: Beware of guaranteed returns and unregistered tips groups. Verify advisers on the SEBI website.,0,advisory
"प्रिय ग्राहक, 12 OCT के ट्रेड का कॉन्ट्रैक्ट नोट आपके रजिस्टर्ड ईमेल पर भेजा गया है।",0,contract_note
"Hi, Paisa double in 30 din, guarantee ke saath. Only 9 seats left, hurry!",1,guaranteed
"Hi, Your SIP of ₹25,000 in Nippon Small Cap will be processed on 12 Oct. Please maintain sufficient balance.",0,sip
"प्रिय ग्राहक, Contract note for trades done on 3 Nov has been sent to your registered email. Check your app for details.",0,contract_note
"Hi, आपका Paytm Money अकाउंट अपडेट करें वरना बंद हो जाएगा: paytm-money.xyz सेबी रजिस्टर्ड एक्सपर्ट।",1,fake_broker
"एक्सपर्ट टीम से रोज़ जैकपॉट स्टॉक कॉल्स पाएँ, ग्रुप जॉइन करें। ऑफ़र आज खत्म, जल्दी करें।",1,tips_group
"Dear investor, Your Paytm Money account needs urgent update. Login at paytmmoney-pro.in to avoid suspension.",1,fake_broker
आपके खाते XX3 से Rs 1998 3 Nov को डेबिट हुए। OTP किसी से साझा न करें।,0,bank
"प्री-IPO शेयर 40% सस्ते, इंस्टिट्यूशनल अकाउंट से अलॉटमेंट पक्का। मुनाफ़ा निकालने के लिए आपके फोन पर आया OTP बताइए और AnyDesk इंस्टॉल करें। Last chance, join now. 💰",1,preipo
"SIP ka 10 हज़ार 5th ko katega, balance rakhna. आपकी 10 हज़ार की SIP 5th तारीख को कटेगी। खाते में बैलेंस रखें।",0,sip
"प्रिय ग्राहक, Rs 8594 debited from A/c XX5 on 3 Nov. If not you, call the bank helpline. Never share OTP.",0,bank
"Hi, Beta, did you check the mutual fund statement? Call me in the evening.",0,chat
"Hi, ₹25,000 lagao aur har mahine 50% pakka profit pao, risk zero. Block deal opportunity in unlisted shares, limited slots, invest before listing.",1,guaranteed
"Dear customer, Rs 4238 debited from A/c XX7 on 3 Nov. If not you, call the bank helpline. Never share OTP. Rs 4238 debited from A/c XX7 on 3 Nov. If not you, call the bank helpline. Never share OTP.",0,bank
"Namaste, Block deal opportunity in unlisted shares, limited slots, invest before listing. Download our trading app from this link to start earning: bit.ly/inv87 Limited slots. Reply YES to confirm. ऑफ़र आज खत्म, जल्दी करें।",1,preipo
"Dear customer, Please complete your KYC at our official website or nearest branch. Do not share OTP with anyone. KYC पूरा करने के लिए आधिकारिक वेबसाइट या नज़दीकी शाखा जाएँ। OTP किसी को न बताएँ।",0,kyc
"HI, 25/09 के ट्रेड का कॉन्ट्रैक्ट नोट आपके रजिस्टर्ड ईमेल पर भेजा गया है।",0,contract_note
"Dear investor, प्री-IPO शेयर 40% सस्ते, इंस्टिट्यूशनल अकाउंट से अलॉटमेंट पक्का।",1,preipo
"VK-INFO: पापा, म्यूचुअल फंड की स्टेटमेंट देखी क्या? शाम को फोन करना। MEETING AT 5 PM, PLEASE BRING THE DEMAT ACCOUNT DOCUMENTS. 🚀",0,chat
Happy Diwali! Wishing you and family a prosperous year.,0,chat
"Hi, 100% assured profit, zero risk, withdraw anytime. Only 8 seats left, hurry!",1,guaranteed
"Pre-IPO shares at 40% discount through our institutional account, allotment guaranteed. 100% SEBI approved expert.",1,preipo
New fund offer from Parag Parikh Flexi Cap opens on 1st. Please read the offer document. Visit the official website.,0,amc_offer
VK-INFO: New fund offer from Axis Midcap opens on 12 Oct. Please read the offer document. Visit the official website.,0,amc_offer
"NAV of Parag Parikh Flexi Cap as on 12 Oct is Rs 309.49. Mutual fund investments are subject to market risks, read all scheme related documents carefully.",0,nav
"पापा, म्यूचुअल फंड की स्टेटमेंट देखी क्या? शाम को फोन करना।",0,chat
VK-INFO: Limited period: exit load waiver till 5th on HDFC Flexi Cap. Mutual fund investments are subject to market risks. New fund offer from HDFC Flexi Cap opens on 5th. Please read the offer document. Visit the official website.,0,amc_offer
"बधाई हो! EARNING START KARNE KE LIYE YE APP INSTALL KARO: DL.PROFITAPP.IN/APP.APK हमारे VIP TELEGRAM ग्रुप में जुड़ें, रोज़ पक्के इंट्राडे टिप्स मिलेंगे। OFFER ENDS TODAY. SIRF 2 SEATS BACHI, JALDI KARO! 👍",1,fake_app
"CONGRATULATIONS! आपका ANGEL ONE अकाउंट अपडेट करें वरना बंद हो जाएगा: ANGEL0NE.IN ONLY 9 SEATS LEFT, HURRY! OFFER ENDS TODAY.",1,fake_broker
"HELLO SIR, ₹25,000 लगाइए और हर महीने 300% का गारंटीड मुनाफ़ा पाइए। PAY A REGISTRATION FEE OF ₹25,000 ON UPI 9847976436@PAYTM TO ACTIVATE YOUR ACCOUNT. SEBI REGISTERED. DETAILS: T.ME/INV267",1,guaranteed
"Dear investor, Invest ₹5,000 and get guaranteed 300% returns every month. Account activate karne ke liye ₹5,000 fee UPI investpro21@ybl pe bhejo.",1,guaranteed
"DEAR INVESTOR, AAPKA GROWW ACCOUNT BAND HONE WALA HAI, ABHI UPDATE KARO: GROWW-APP.IN सेबी रजिस्टर्ड एक्सपर्ट।",1,fake_broker
"Hello sir, मुनाफ़ा निकालने के लिए आपके फोन पर आया OTP बताइए और AnyDesk इंस्टॉल करें। Pay a registration fee of ₹5,000 on UPI 9897683648@paytm to activate your account. SEBI registered.",1,otp_vishing
"Hi, Limited period: exit load waiver till 3 Nov on Axis Midcap. Mutual fund investments are subject to market risks. New fund offer from Axis Midcap opens on 3 Nov. Please read the offer document. Visit the official website.",0,amc_offer
"सुनिए, Paisa double in 7 din, guarantee ke saath. Last chance, join now. 👍",1,guaranteed
"VK-INFO: Beta, did you check the mutual fund statement? Call me in the evening. Beta, did you check the mutual fund statement? Call me in the evening.",0,chat
"Dear customer, Fake apps and sure shot tips are scams. Never share OTP. Report fraud on 1930 or cybercrime.gov.in. Fake apps and sure shot tips are scams. Never share OTP. Report fraud on 1930 or cybercrime.gov.in.",0,advisory
"Hamare VIP WhatsApp group me join karo, daily sure shot tips milenge. ऑफ़र आज खत्म, जल्दी करें।",1,tips_group
बधाई हो! Pay a registration fee of 10 हज़ार on UPI investpro11@ybl to activate your account. Aaj ka jackpot stock call chahiye? Premium group join karo. Bit.ly/inv540 par details dekho.,1,fee_scam
"Dear customer, Learn what a nominee is in your demat account. Add a nominee online through your DP.",0,education
"Dear customer, New fund offer from Nippon Small Cap opens on 1st. Please read the offer document. Visit the official website.",0,amc_offer
Contract note for trades done on 5th has been sent to your registered email. Check your app for details.,0,contract_note
आपका Angel One अकाउंट अपडेट करें वरना बंद हो जाएगा: angel0ne.in,1,fake_broker
Dhokhe se bacho: pakka profit ka vaada karne wale group se door rahe. Sirf SEBI registered se milo. SEBI advisory: Beware of guaranteed returns and unregistered tips groups. Verify advisers on the SEBI website.,0,advisory
"Hi, KYC पूरा करने के लिए आधिकारिक वेबसाइट या नज़दीकी शाखा जाएँ। OTP किसी को न बताएँ।",0,kyc
"प्रिय ग्राहक, Your SIP of ₹25,000 in Parag Parikh Flexi Cap will be processed on 25/09. Please maintain sufficient balance.",0,sip
"Meeting at 5 pm, please bring the demat account documents. Bhai kal milte hai, SIP ke baare me baat karni hai. 👍",0,chat
"Download our trading app from this link to start earning: trade-32.apk प्री-IPO शेयर 40% सस्ते, इंस्टिट्यूशनल अकाउंट से अलॉटमेंट पक्का। Details: t.me/inv536 💰",1,fake_app
"Block deal opportunity in unlisted shares, limited slots, invest before listing. Last chance, join now. 👍",1,preipo
"Dear investor, कमाई शुरू करने के लिए हमारा ऐप डाउनलोड करें: trade-63.apk Block deal opportunity in unlisted shares, limited slots, invest before listing.",1,fake_app
"CONGRATULATIONS! AAPKA ZERODHA ACCOUNT BAND HONE WALA HAI, ABHI UPDATE KARO: ZERODHA-PRO.IN OFFER ENDS TODAY.",1,fake_broker
"अकाउंट चालू करने के लिए Rs 10000 रजिस्ट्रेशन फीस UPI 9869933360@paytm पर भेजें। सिर्फ़ 3 सीट बाकी, आज ही!",1,fee_scam
"Hi, 1st के ट्रेड का कॉन्ट्रैक्ट नोट आपके रजिस्टर्ड ईमेल पर भेजा गया है। Contract note for trades done on 1st has been sent to your registered email. Check your app for details.",0,contract_note
"Congratulations! ₹5,000 लगाइए और हर महीने 50% का गारंटीड मुनाफ़ा पाइए। Your Upstox account needs urgent update. Login at upstox-login.in to avoid suspension. 100% SEBI approved expert.",1,guaranteed
"प्रिय ग्राहक, Your SIP of 10 हज़ार in SBI Bluechip will be processed on 5th. Please maintain sufficient balance. SIP ka 10 हज़ार 5th ko katega, balance rakhna.",0,sip
Install the new official app trade-91.apk and get a free bonus. 100% SEBI approved expert.,1,fake_app
"HI, पापा, म्यूचुअल फंड की स्टेटमेंट देखी क्या? शाम को फोन करना। HAPPY DIWALI! WISHING YOU AND FAMILY A PROSPEROUS YEAR.",0,chat
"Meeting at 5 pm, please bring the demat account documents. Bhai kal milte hai, SIP ke baare me baat karni hai.",0,chat
"Congratulations! Processing fee ₹50,000 required to unlock your profit, send to 9847983831@paytm. Pre-IPO shares sasta mil raha hai, allotment pakka, sirf kuch slots. सिर्फ़ 4 सीट बाकी, आज ही!",1,fee_scam
"Groww Pro offers special IPO allotment. Register at grow.co.in. Pre-IPO shares at 40% discount through our institutional account, allotment guaranteed. Sirf 8 seats bachi, jaldi karo! 🚀",1,fake_broker
"सुनिए, Earning start karne ke liye ye app install karo: dl.profitapp.in/app.apk Sirf 7 seats bachi, jaldi karo!",1,fake_app
25/09 को Nippon Small Cap का NAV Rs 375.83 है। म्यूचुअल फंड निवेश बाज़ार जोखिमों के अधीन हैं।,0,nav
"Congratulations! Our operator group gives jackpot stock calls every morning, join now.",1,tips_group
"सुनिए, अकाउंट चालू करने के लिए ₹25,000 रजिस्ट्रेशन फीस UPI INVESTPRO64@YBL पर भेजें। सिर्फ़ 4 सीट बाकी, आज ही!",1,fee_scam
आपका Paytm Money अकाउंट अपडेट करें वरना बंद हो जाएगा: paytm-money.xyz Bit.ly/inv411 par details dekho.,1,fake_broker
"Hi, Download our trading app from this link to start earning: dl.profitapp.in/app.apk Hamare VIP WhatsApp group me join karo, daily sure shot tips milenge. Details: t.me/inv666 👍",1,fake_app
"DEAR INVESTOR, TO RELEASE YOUR PROFIT, SHARE THE OTP RECEIVED AND INSTALL ANYDESK SO OUR AGENT CAN HELP. ONLY 3 SEATS LEFT, HURRY! 100% SEBI APPROVED EXPERT.",1,otp_vishing
Limited period: exit load waiver till 1st on Parag Parikh Flexi Cap. Mutual fund investments are subject to market risks.,0,amc_offer
"प्रिय ग्राहक, 5TH को SBI BLUECHIP का NAV RS 26.67 है। म्यूचुअल फंड निवेश बाज़ार जोखिमों के अधीन हैं। 5TH को SBI BLUECHIP का NAV RS 26.67 है। म्यूचुअल फंड निवेश बाज़ार जोखिमों के अधीन हैं।",0,nav
VK-INFO: Please complete your KYC at our official website or nearest branch. Do not share OTP with anyone.,0,kyc
"VK-INFO: Bhai kal milte hai, SIP ke baare me baat karni hai.",0,chat
"सुनिए, मुनाफ़ा निकालने के लिए आपके फोन पर आया OTP बताइए और AnyDesk इंस्टॉल करें। Details: t.me/inv283",1,otp_vishing
"Hi, Learn what a nominee is in your demat account. Add a nominee online through your DP. 💰",0,education
"Namaste, Profit withdraw karne ke liye OTP bhejo aur TeamViewer install karo. आपका Upstox अकाउंट अपडेट करें वरना बंद हो जाएगा: upst0x.com सेबी रजिस्टर्ड एक्सपर्ट।",1,otp_vishing
"RS 9839 DEBITED FROM A/C XX5 ON 1ST. IF NOT YOU, CALL THE BANK HELPLINE. NEVER SHARE OTP.",0,bank
"Dear sir/madam, Profit withdraw karne ke liye OTP bhejo aur TeamViewer install karo. Limited slots. Reply YES to confirm. 👍",1,otp_vishing
"Dear sir/madam, Get insider stock tips from our expert team in the premium WhatsApp channel. आपका Paytm Money अकाउंट अपडेट करें वरना बंद हो जाएगा: paytmmoney-pro.in ऑफ़र आज खत्म, जल्दी करें।",1,tips_group
"Hi, 5th के ट्रेड का कॉन्ट्रैक्ट नोट आपके रजिस्टर्ड ईमेल पर भेजा गया है।",0,contract_note
"प्रिय ग्राहक, 25/09 के ट्रेड का कॉन्ट्रैक्ट नोट आपके रजिस्टर्ड ईमेल पर भेजा गया है। CONTRACT NOTE FOR TRADES DONE ON 25/09 HAS BEEN SENT TO YOUR REGISTERED EMAIL. CHECK YOUR APP FOR DETAILS.",0,contract_note
OTP for your transaction is 676406. Do not share it with anyone. Valid for 10 minutes.,0,bank
"सुनिए, Block deal opportunity in unlisted shares, limited slots, invest before listing. सिर्फ़ 6 सीट बाकी, आज ही!",1,preipo
"Hello bhai, एक्सपर्ट टीम से रोज़ जैकपॉट स्टॉक कॉल्स पाएँ, ग्रुप जॉइन करें। सेबी रजिस्टर्ड एक्सपर्ट। Details: t.me/inv201",1,tips_group
Congratulations! Download our trading app from this link to start earning: bit.ly/inv90 Offer ends today. 🚀,1,fake_app
Contract note for trades done on 3 Nov has been sent to your registered email. Check your app for details. 3 Nov के ट्रेड का कॉन्ट्रैक्ट नोट आपके रजिस्टर्ड ईमेल पर भेजा गया है।,0,contract_note
CONGRATULATIONS! PAY A REGISTRATION FEE OF RS 10000 ON UPI 9895741049@PAYTM TO ACTIVATE YOUR ACCOUNT.,1,fee_scam
"सुनिए, मुनाफ़ा निकालने के लिए आपके फोन पर आया OTP बताइए और AnyDesk इंस्टॉल करें। प्री-IPO शेयर 40% सस्ते, इंस्टिट्यूशनल अकाउंट से अलॉटमेंट पक्का।",1,otp_vishing
"RS 6367 DEBITED FROM A/C XX7 ON 3 NOV. IF NOT YOU, CALL THE BANK HELPLINE. NEVER SHARE OTP. OTP FOR YOUR TRANSACTION IS 814596. DO NOT SHARE IT WITH ANYONE. VALID FOR 10 MINUTES. 👍",0,bank
"Hello bhai, आपका Angel One अकाउंट अपडेट करें वरना बंद हो जाएगा: angelone-kyc.com To release your profit, share the OTP received and install AnyDesk so our agent can help. Limited slots. Reply YES to confirm. 👍",1,fake_broker
"Dear investor, अकाउंट चालू करने के लिए 10 हज़ार रजिस्ट्रेशन फीस UPI investpro33@ybl पर भेजें। Your Angel One account needs urgent update. Login at angel0ne.in to avoid suspension. Sirf 6 seats bachi, jaldi karo!",1,fee_scam
"Dear investor, कमाई शुरू करने के लिए हमारा ऐप डाउनलोड करें: dl.profitapp.in/app.apk Double your money in 15 days, guaranteed by our fund manager. Bit.ly/inv883 par details dekho.",1,fake_app
"पापा, म्यूचुअल फंड की स्टेटमेंट देखी क्या? शाम को फोन करना।",0,chat
बधाई हो! अकाउंट चालू करने के लिए Rs 10000 रजिस्ट्रेशन फीस UPI 9893518105@paytm पर भेजें। Details: t.me/inv356 100% SEBI approved expert.,1,fee_scam
"Hi, 1st को HDFC Flexi Cap का NAV Rs 300.01 है। म्यूचुअल फंड निवेश बाज़ार जोखिमों के अधीन हैं। 1st को HDFC Flexi Cap का NAV Rs 300.01 है। म्यूचुअल फंड निवेश बाज़ार जोखिमों के अधीन हैं।",0,nav
"प्रिय ग्राहक, Contract note for trades done on 3 Nov has been sent to your registered email. Check your app for details.",0,contract_note
Your Paytm Money account needs urgent update. Login at paytm-money.xyz to avoid suspension. SEBI registered.,1,fake_broker
"सुनिए, Account activate karne ke liye ₹25,000 fee UPI investpro95@ybl pe bhejo. पैसा दोगुना करें, कोई रिस्क नहीं, पक्का रिटर्न। Only 4 seats left, hurry! 💰",1,fee_scam
"सुनिए, YOUR ZERODHA ACCOUNT NEEDS URGENT UPDATE. LOGIN AT ZERODHA-KYC.NET TO AVOID SUSPENSION. AAJ KA JACKPOT STOCK CALL CHAHIYE? PREMIUM GROUP JOIN KARO. LIMITED SLOTS. REPLY YES TO CONFIRM.",1,fake_broker
"Hi, Profit withdraw karne ke liye OTP bhejo aur TeamViewer install karo. कमाई शुरू करने के लिए हमारा ऐप डाउनलोड करें: trade-59.apk Only 9 seats left, hurry! सेबी रजिस्टर्ड एक्सपर्ट।",1,otp_vishing
"Dear sir/madam, पैसा दोगुना करें, कोई रिस्क नहीं, पक्का रिटर्न। हमारे VIP Telegram ग्रुप में जुड़ें, रोज़ पक्के इंट्राडे टिप्स मिलेंगे।",1,guaranteed
"Namaste, Send your PIN and OTP to complete KYC verification now. एक्सपर्ट टीम से रोज़ जैकपॉट स्टॉक कॉल्स पाएँ, ग्रुप जॉइन करें। ऑफ़र आज खत्म, जल्दी करें।",1,otp_vishing
"Congratulations! Your Paytm Money account needs urgent update. Login at paytm-money.xyz to avoid suspension. ₹5,000 लगाइए और हर महीने 20% का गारंटीड मुनाफ़ा पाइए। Limited slots. Reply YES to confirm.",1,fake_broker
"DEAR INVESTOR, YOUR PAYTM MONEY ACCOUNT NEEDS URGENT UPDATE. LOGIN AT PAYTMMONEY-PRO.IN TO AVOID SUSPENSION. BLOCK DEAL OPPORTUNITY IN UNLISTED SHARES, LIMITED SLOTS, INVEST BEFORE LISTING. सेबी रजिस्टर्ड एक्सपर्ट।",1,fake_broker
"Namaste, प्री-IPO शेयर 40% सस्ते, इंस्टिट्यूशनल अकाउंट से अलॉटमेंट पक्का। Offer ends today.",1,preipo
"Namaste, Invest ₹5,000 and get guaranteed 10% returns every month. Offer ends today.",1,guaranteed
"DEAR CUSTOMER, पापा, म्यूचुअल फंड की स्टेटमेंट देखी क्या? शाम को फोन करना।",0,chat
"प्रिय ग्राहक, सावधान: गारंटीड रिटर्न और टिप्स वाले ग्रुप से बचें। SEBI की वेबसाइट पर सलाहकार जाँचें। 💰",0,advisory
"सुनिए, ₹50,000 lagao aur har mahine 15% pakka profit pao, risk zero. Aapka Paytm Money account band hone wala hai, abhi update karo: paytmmoney-pro.in",1,guaranteed
"Bhai kal milte hai, SIP ke baare me baat karni hai. Happy Diwali! Wishing you and family a prosperous year.",0,chat
"VK-INFO: NAV of Nippon Small Cap as on 5th is Rs 274.3. Mutual fund investments are subject to market risks, read all scheme related documents carefully.",0,nav
"Hi, आपकी ₹50,000 की SIP 25/09 तारीख को कटेगी। खाते में बैलेंस रखें। आपकी ₹50,000 की SIP 25/09 तारीख को कटेगी। खाते में बैलेंस रखें।",0,sip
"Our operator group gives jackpot stock calls every morning, join now. 100% SEBI approved expert.",1,tips_group
"Hi, Profit withdraw karne ke liye OTP bhejo aur TeamViewer install karo. Details: t.me/inv804 Limited slots. Reply YES to confirm.",1,otp_vishing
"Dear sir/madam, Paisa double in 30 din, guarantee ke saath. सेबी रजिस्टर्ड एक्सपर्ट।",1,guaranteed
"सुनिए, कमाई शुरू करने के लिए हमारा ऐप डाउनलोड करें: TRADE-79.APK DOUBLE YOUR MONEY IN 7 DAYS, GUARANTEED BY OUR FUND MANAGER. ONLY 5 SEATS LEFT, HURRY!",1,fake_app
"बधाई हो! हमारे VIP WHATSAPP ग्रुप में जुड़ें, रोज़ पक्के इंट्राडे टिप्स मिलेंगे। ऑफ़र आज खत्म, जल्दी करें।",1,tips_group
"Dear sir/madam, Pre-IPO shares sasta mil raha hai, allotment pakka, sirf kuch slots. Limited slots. Reply YES to confirm.",1,preipo
"प्रिय ग्राहक, Limited period: exit load waiver till 12 Oct on Nippon Small Cap. Mutual fund investments are subject to market risks.",0,amc_offer
"प्रिय ग्राहक, Meeting at 5 pm, please bring the demat account documents.",0,chat
"प्रिय ग्राहक, New fund offer from Nippon Small Cap opens on 12 Oct. Please read the offer document. Visit the official website. Limited period: exit load waiver till 12 Oct on Nippon Small Cap. Mutual fund investments are subject to market risks.",0,amc_offer
LEARN WHAT A NOMINEE IS IN YOUR DEMAT ACCOUNT. ADD A NOMINEE ONLINE THROUGH YOUR DP.,0,education
"बधाई हो! Pre-IPO shares at 40% discount through our institutional account, allotment guaranteed. Invest Rs 10000 and get guaranteed 300% returns every month.",1,preipo
VK-INFO: Aapke 5th ke trades ka contract note email par bhej diya gaya hai.,0,contract_note
"Hello bhai, अकाउंट चालू करने के लिए ₹25,000 रजिस्ट्रेशन फीस UPI investpro25@ybl पर भेजें। Pre-IPO shares at 40% discount through our institutional account, allotment guaranteed. SEBI registered. Limited slots. Reply YES to confirm.",1,fee_scam
"Dear investor, To release your profit, share the OTP received and install AnyDesk so our agent can help.",1,otp_vishing
"प्रिय ग्राहक, Fake apps and sure shot tips are scams. Never share OTP. Report fraud on 1930 or cybercrime.gov.in. Fake apps and sure shot tips are scams. Never share OTP. Report fraud on 1930 or cybercrime.gov.in.",0,advisory
"HI, NAV OF SBI BLUECHIP AS ON 1ST IS RS 220.14. MUTUAL FUND INVESTMENTS ARE SUBJECT TO MARKET RISKS, READ ALL SCHEME RELATED DOCUMENTS CAREFULLY. 1ST को SBI BLUECHIP का NAV RS 220.14 है। म्यूचुअल फंड निवेश बाज़ार जोखिमों के अधीन हैं।",0,nav
"Hello sir, आपका Paytm Money अकाउंट अपडेट करें वरना बंद हो जाएगा: paytm-money.xyz Invest ₹5,000 and get guaranteed 30% returns every month. Limited slots. Reply YES to confirm.",1,fake_broker
VK-INFO: OTP for your transaction is 575159. Do not share it with anyone. Valid for 10 minutes.,0,bank
"Hello sir, Earning start karne ke liye ye app install karo: trade-77.apk Block deal opportunity in unlisted shares, limited slots, invest before listing. 100% SEBI approved expert. SEBI registered.",1,fake_app
"Hello sir, कमाई शुरू करने के लिए हमारा ऐप डाउनलोड करें: bit.ly/inv55 Last chance, join now. 🚀",1,fake_app
"Congratulations! हमारे VIP WhatsApp ग्रुप में जुड़ें, रोज़ पक्के इंट्राडे टिप्स मिलेंगे। Profit withdraw karne ke liye OTP bhejo aur TeamViewer install karo. Bit.ly/inv240 par details dekho.",1,tips_group
"Dear customer, 25/09 को HDFC Flexi Cap का NAV Rs 270.59 है। म्यूचुअल फंड निवेश बाज़ार जोखिमों के अधीन हैं। 25/09 को HDFC Flexi Cap का NAV Rs 270.59 है। म्यूचुअल फंड निवेश बाज़ार जोखिमों के अधीन हैं। 👍",0,nav
"प्री-IPO शेयर 40% सस्ते, इंस्टिट्यूशनल अकाउंट से अलॉटमेंट पक्का। Bit.ly/inv333 par details dekho. Only 4 seats left, hurry!",1,preipo
"Namaste, हमारे VIP WhatsApp ग्रुप में जुड़ें, रोज़ पक्के इंट्राडे टिप्स मिलेंगे। Only 5 seats left, hurry!",1,tips_group
"NAMASTE, EARNING START KARNE KE LIYE YE APP INSTALL KARO: TRADE-49.APK 🚀",1,fake_app
"Hello bhai, अकाउंट चालू करने के लिए 10 हज़ार रजिस्ट्रेशन फीस UPI 9873953818@paytm पर भेजें। Offer ends today. 🚀",1,fee_scam
"Dear investor, 100% assured profit, zero risk, withdraw anytime. Pay a registration fee of 10 हज़ार on UPI investpro42@ybl to activate your account.",1,guaranteed
"NAMASTE, DOUBLE YOUR MONEY IN 7 DAYS, GUARANTEED BY OUR FUND MANAGER. 💰",1,guaranteed
"Hi, Limited period: exit load waiver till 12 Oct on Nippon Small Cap. Mutual fund investments are subject to market risks.",0,amc_offer
"Namaste, Aapka Groww account band hone wala hai, abhi update karo: groww-app.in Double your money in 10 days, guaranteed by our fund manager. Details: t.me/inv441",1,fake_broker
Limited period: exit load waiver till 3 Nov on HDFC Flexi Cap. Mutual fund investments are subject to market risks.,0,amc_offer
"Hello bhai, अकाउंट चालू करने के लिए Rs 10000 रजिस्ट्रेशन फीस UPI investpro71@ybl पर भेजें। 100% SEBI approved expert.",1,fee_scam
"प्रिय ग्राहक, Nominee kaise add kare demat account me? Apne DP ki website par jaye.",0,education
"Namaste, Your Zerodha account needs urgent update. Login at zerodha-kyc.net to avoid suspension. एक्सपर्ट टीम से रोज़ जैकपॉट स्टॉक कॉल्स पाएँ, ग्रुप जॉइन करें। SEBI registered.",1,fake_broker
Happy Diwali! Wishing you and family a prosperous year.,0,chat
Your UPI payment of Rs 8772 to the merchant was successful on 25/09. OTP for your transaction is 861963. Do not share it with anyone. Valid for 10 minutes.,0,bank
"Pay a registration fee of ₹50,000 on UPI investpro90@ybl to activate your account. ऑफ़र आज खत्म, जल्दी करें। सिर्फ़ 8 सीट बाकी, आज ही!",1,fee_scam
"Hi, KYC पूरा करने के लिए आधिकारिक वेबसाइट या नज़दीकी शाखा जाएँ। OTP किसी को न बताएँ।",0,kyc
"Namaste, Block deal opportunity in unlisted shares, limited slots, invest before listing. SEBI registered. 🚀",1,preipo
"HI, NOMINEE KAISE ADD KARE DEMAT ACCOUNT ME? APNE DP KI WEBSITE PAR JAYE.",0,education
"प्रिय ग्राहक, KYC पूरा करने के लिए आधिकारिक वेबसाइट या नज़दीकी शाखा जाएँ। OTP किसी को न बताएँ। KYC pura karne ke liye branch jaye ya official site dekhe. OTP kisi ko na de.",0,kyc
"प्रिय ग्राहक, Your UPI payment of Rs 758 to the merchant was successful on 5th. OTP for your transaction is 815423. Do not share it with anyone. Valid for 10 minutes.",0,bank
"DEAR INVESTOR, TO RELEASE YOUR PROFIT, SHARE THE OTP RECEIVED AND INSTALL ANYDESK SO OUR AGENT CAN HELP. PRE-IPO SHARES AT 40% DISCOUNT THROUGH OUR INSTITUTIONAL ACCOUNT, ALLOTMENT GUARANTEED. सिर्फ़ 6 सीट बाकी, आज ही!",1,otp_vishing
PLEASE COMPLETE YOUR KYC AT OUR OFFICIAL WEBSITE OR NEAREST BRANCH. DO NOT SHARE OTP WITH ANYONE. KYC पूरा करने के लिए आधिकारिक वेबसाइट या नज़दीकी शाखा जाएँ। OTP किसी को न बताएँ।,0,kyc
"Hi, आपकी Rs 10000 की SIP 1st तारीख को कटेगी। खाते में बैलेंस रखें। आपकी Rs 10000 की SIP 1st तारीख को कटेगी। खाते में बैलेंस रखें।",0,sip
"Hello sir, Install the new official app bit.ly/inv18 and get a free bonus. Only 7 seats left, hurry!",1,fake_app
"YOUR SIP OF ₹25,000 IN HDFC FLEXI CAP WILL BE PROCESSED ON 12 OCT. PLEASE MAINTAIN SUFFICIENT BALANCE.",0,sip
VK-INFO: आपके खाते XX2 से Rs 9058 5th को डेबिट हुए। OTP किसी से साझा न करें।,0,bank
"Dear customer, पापा, म्यूचुअल फंड की स्टेटमेंट देखी क्या? शाम को फोन करना।",0,chat
"Hi, NAV of Axis Midcap as on 25/09 is Rs 389.98. Mutual fund investments are subject to market risks, read all scheme related documents carefully.",0,nav
"प्रिय ग्राहक, Rs 1467 debited from A/c XX3 on 12 Oct. If not you, call the bank helpline. Never share OTP.",0,bank
"Hi, डीमैट अकाउंट में नॉमिनी जोड़ना क्यों ज़रूरी है, जानिए आधिकारिक वेबसाइट पर।",0,education
"Hi, Fake apps and sure shot tips are scams. Never share OTP. Report fraud on 1930 or cybercrime.gov.in.",0,advisory
"Hello bhai, Our operator group gives jackpot stock calls every morning, join now. Download our trading app from this link to start earning: bit.ly/inv56 सेबी रजिस्टर्ड एक्सपर्ट।",1,tips_group
"Hello bhai, Install the new official app trade-75.apk and get a free bonus. प्री-IPO शेयर 40% सस्ते, इंस्टिट्यूशनल अकाउंट से अलॉटमेंट पक्का।",1,fake_app
1st के ट्रेड का कॉन्ट्रैक्ट नोट आपके रजिस्टर्ड ईमेल पर भेजा गया है। 💰,0,contract_note
"Congratulations! Our operator group gives jackpot stock calls every morning, join now. सेबी रजिस्टर्ड एक्सपर्ट। Bit.ly/inv135 par details dekho.",1,tips_group
"प्रिय ग्राहक, NAV of Axis Midcap as on 12 Oct is Rs 54.76. Mutual fund investments are subject to market risks, read all scheme related documents carefully.",0,nav
"Beta, did you check the mutual fund statement? Call me in the evening. Beta, did you check the mutual fund statement? Call me in the evening.",0,chat
"Congratulations! Pre-IPO shares at 40% discount through our institutional account, allotment guaranteed. Earning start karne ke liye ye app install karo: bit.ly/inv17 ऑफ़र आज खत्म, जल्दी करें।",1,preipo
"Dear sir/madam, Aapka Groww account band hone wala hai, abhi update karo: groww-app.in Pay a registration fee of ₹25,000 on UPI investpro37@ybl to activate your account.",1,fake_broker
Congratulations! Send your PIN and OTP to complete KYC verification now. Limited slots. Reply YES to confirm. Bit.ly/inv663 par details dekho.,1,otp_vishing
"Hi, आपके खाते XX3 से Rs 1577 3 Nov को डेबिट हुए। OTP किसी से साझा न करें।",0,bank
"Hi, Processing fee ₹50,000 required to unlock your profit, send to 9844220379@paytm. Bit.ly/inv943 par details dekho.",1,fee_scam
आपका Angel One अकाउंट अपडेट करें वरना बंद हो जाएगा: angelone-kyc.com,1,fake_broker
"Dear sir/madam, Aaj ka jackpot stock call chahiye? Premium group join karo. Last chance, join now. Sirf 6 seats bachi, jaldi karo! 👍",1,tips_group
"Hi, Pre-IPO shares at 40% discount through our institutional account, allotment guaranteed. आपका Angel One अकाउंट अपडेट करें वरना बंद हो जाएगा: angelone-kyc.com",1,preipo
"सुनिए, Rs 10000 लगाइए और हर महीने 10% का गारंटीड मुनाफ़ा पाइए। 🚀",1,guaranteed
"Hello bhai, मुनाफ़ा निकालने के लिए आपके फोन पर आया OTP बताइए और AnyDesk इंस्टॉल करें। Pre-IPO shares sasta mil raha hai, allotment pakka, sirf kuch slots. SEBI registered. Bit.ly/inv140 par details dekho.",1,otp_vishing
कमाई शुरू करने के लिए हमारा ऐप डाउनलोड करें: trade-68.apk Bit.ly/inv795 par details dekho.,1,fake_app
"प्रिय ग्राहक, पापा, म्यूचुअल फंड की स्टेटमेंट देखी क्या? शाम को फोन करना। Meeting at 5 pm, please bring the demat account documents.",0,chat
"सुनिए, मुनाफ़ा निकालने के लिए आपके फोन पर आया OTP बताइए और AnyDesk इंस्टॉल करें। Only 7 seats left, hurry!",1,otp_vishing
"Pre-IPO shares sasta mil raha hai, allotment pakka, sirf kuch slots. To release your profit, share the OTP received and install AnyDesk so our agent can help. Only 7 seats left, hurry! 🚀",1,preipo
"25/09 को Parag Parikh Flexi Cap का NAV Rs 141.82 है। म्यूचुअल फंड निवेश बाज़ार जोखिमों के अधीन हैं। NAV of Parag Parikh Flexi Cap as on 25/09 is Rs 141.82. Mutual fund investments are subject to market risks, read all scheme related documents carefully.",0,nav
Congratulations! मुनाफ़ा निकालने के लिए आपके फोन पर आया OTP बताइए और AnyDesk इंस्टॉल करें।,1,otp_vishing
"प्रिय ग्राहक, Limited period: exit load waiver till 5th on HDFC Flexi Cap. Mutual fund investments are subject to market risks. New fund offer from HDFC Flexi Cap opens on 5th. Please read the offer document. Visit the official website.",0,amc_offer
"Hi, Meeting at 5 pm, please bring the demat account documents.",0,chat
"Dear investor, एक्सपर्ट टीम से रोज़ जैकपॉट स्टॉक कॉल्स पाएँ, ग्रुप जॉइन करें।",1,tips_group
"बधाई हो! Account activate karne ke liye Rs 10000 fee UPI investpro18@ybl pe bhejo. ऑफ़र आज खत्म, जल्दी करें।",1,fee_scam
Send your PIN and OTP to complete KYC verification now. SEBI registered.,1,otp_vishing
"Hi, To release your profit, share the OTP received and install AnyDesk so our agent can help.",1,otp_vishing
"CONGRATULATIONS! BLOCK DEAL OPPORTUNITY IN UNLISTED SHARES, LIMITED SLOTS, INVEST BEFORE LISTING. JOIN OUR VIP TELEGRAM GROUP FOR SURE SHOT INTRADAY TIPS AND DAILY CALLS. OFFER ENDS TODAY.",1,preipo
आपके खाते XX8 से Rs 7125 25/09 को डेबिट हुए। OTP किसी से साझा न करें। 💰,0,bank
"Dear sir/madam, आपका Upstox अकाउंट अपडेट करें वरना बंद हो जाएगा: upstox-login.in Limited slots. Reply YES to confirm. 100% SEBI approved expert.",1,fake_broker
"Dear customer, OTP for your transaction is 266869. Do not share it with anyone. Valid for 10 minutes.",0,bank
"DEAR CUSTOMER, आपके खाते XX9 से RS 3518 3 NOV को डेबिट हुए। OTP किसी से साझा न करें।",0,bank
"पापा, म्यूचुअल फंड की स्टेटमेंट देखी क्या? शाम को फोन करना। Happy Diwali! Wishing you and family a prosperous year.",0,chat
"HI, PAY A REGISTRATION FEE OF 10 हज़ार ON UPI 9871696357@PAYTM TO ACTIVATE YOUR ACCOUNT. 100% SEBI APPROVED EXPERT.",1,fee_scam
"Dear investor, Your Upstox account needs urgent update. Login at upst0x.com to avoid suspension. Block deal opportunity in unlisted shares, limited slots, invest before listing. Only 7 seats left, hurry! 💰",1,fake_broker
"Dear customer, 3 Nov को Parag Parikh Flexi Cap का NAV Rs 331.63 है। म्यूचुअल फंड निवेश बाज़ार जोखिमों के अधीन हैं। 3 Nov को Parag Parikh Flexi Cap का NAV Rs 331.63 है। म्यूचुअल फंड निवेश बाज़ार जोखिमों के अधीन हैं। 💰",0,nav
VK-INFO: सावधान: गारंटीड रिटर्न और टिप्स वाले ग्रुप से बचें। SEBI की वेबसाइट पर सलाहकार जाँचें।,0,advisory
Invest Rs 10000 and get guaranteed 30% returns every month. Get insider stock tips from our expert team in the premium WhatsApp channel. Bit.ly/inv774 par details dekho. Details: t.me/inv774,1,guaranteed
"Hi, 100% assured profit, zero risk, withdraw anytime. SEBI registered.",1,guaranteed
"NAMASTE, PRE-IPO SHARES SASTA MIL RAHA HAI, ALLOTMENT PAKKA, SIRF KUCH SLOTS. ONLY 8 SEATS LEFT, HURRY!",1,preipo
"प्रिय ग्राहक, Fake apps and sure shot tips are scams. Never share OTP. Report fraud on 1930 or cybercrime.gov.in.",0,advisory
आपके खाते XX3 से Rs 1349 1st को डेबिट हुए। OTP किसी से साझा न करें। Your UPI payment of Rs 1349 to the merchant was successful on 1st.,0,bank
"Hi, आपकी ₹5,000 की SIP 3 Nov तारीख को कटेगी। खाते में बैलेंस रखें। SIP ka ₹5,000 3 Nov ko katega, balance rakhna.",0,sip
"प्रिय ग्राहक, Aapke 1st ke trades ka contract note email par bhej diya gaya hai.",0,contract_note
"Namaste, अकाउंट चालू करने के लिए ₹25,000 रजिस्ट्रेशन फीस UPI investpro93@ybl पर भेजें। Your Angel One account needs urgent update. Login at angelone-kyc.com to avoid suspension.",1,fee_scam
"प्रिय ग्राहक, Rs 232 debited from A/c XX7 on 1st. If not you, call the bank helpline. Never share OTP. Rs 232 debited from A/c XX7 on 1st. If not you, call the bank helpline. Never share OTP.",0,bank
"Paisa double in 7 din, guarantee ke saath. Pay a registration fee of ₹25,000 on UPI investpro22@ybl to activate your account. Bit.ly/inv839 par details dekho. 100% SEBI approved expert.",1,guaranteed
"HELLO BHAI, OUR OPERATOR GROUP GIVES JACKPOT STOCK CALLS EVERY MORNING, JOIN NOW. ₹50,000 LAGAO AUR HAR MAHINE 20% PAKKA PROFIT PAO, RISK ZERO.",1,tips_group
"Your Upstox account needs urgent update. Login at upst0x.com to avoid suspension. Our operator group gives jackpot stock calls every morning, join now. Only 9 seats left, hurry!",1,fake_broker
"बधाई हो! Install the new official app bit.ly/inv27 and get a free bonus. Pre-IPO shares sasta mil raha hai, allotment pakka, sirf kuch slots. Sirf 8 seats bachi, jaldi karo!",1,fake_app
"Hi, 12 Oct को Parag Parikh Flexi Cap का NAV Rs 33.42 है। म्यूचुअल फंड निवेश बाज़ार जोखिमों के अधीन हैं।",0,nav
"सुनिए, Invest ₹25,000 and get guaranteed 15% returns every month. अकाउंट चालू करने के लिए ₹25,000 रजिस्ट्रेशन फीस UPI 9887212484@paytm पर भेजें। Limited slots. Reply YES to confirm. Last chance, join now.",1,guaranteed
"Hello bhai, Pre-IPO shares at 40% discount through our institutional account, allotment guaranteed. एक्सपर्ट टीम से रोज़ जैकपॉट स्टॉक कॉल्स पाएँ, ग्रुप जॉइन करें। सिर्फ़ 3 सीट बाकी, आज ही!",1,preipo
"Congratulations! Processing fee 10 हज़ार required to unlock your profit, send to 9810703752@paytm. Get insider stock tips from our expert team in the premium Telegram channel. 100% SEBI approved expert. Last chance, join now. 🚀",1,fee_scam
"Hi, 3 Nov के ट्रेड का कॉन्ट्रैक्ट नोट आपके रजिस्टर्ड ईमेल पर भेजा गया है।",0,contract_note
"Dear customer, डीमैट अकाउंट में नॉमिनी जोड़ना क्यों ज़रूरी है, जानिए आधिकारिक वेबसाइट पर।",0,education
"प्रिय ग्राहक, 5th को Axis Midcap का NAV Rs 303.6 है। म्यूचुअल फंड निवेश बाज़ार जोखिमों के अधीन हैं। 5th को Axis Midcap का NAV Rs 303.6 है। म्यूचुअल फंड निवेश बाज़ार जोखिमों के अधीन हैं।",0,nav
"प्रिय ग्राहक, डीमैट अकाउंट में नॉमिनी जोड़ना क्यों ज़रूरी है, जानिए आधिकारिक वेबसाइट पर।",0,education
"Namaste, Install the new official app bit.ly/inv28 and get a free bonus. To release your profit, share the OTP received and install AnyDesk so our agent can help. सिर्फ़ 9 सीट बाकी, आज ही!",1,fake_app
"Namaste, हमारे VIP WhatsApp ग्रुप में जुड़ें, रोज़ पक्के इंट्राडे टिप्स मिलेंगे। Limited slots. Reply YES to confirm. 💰",1,tips_group
"Dear customer, Bhai kal milte hai, SIP ke baare me baat karni hai. Beta, did you check the mutual fund statement? Call me in the evening. 💰",0,chat
"प्रिय ग्राहक, AAPKE 12 OCT KE TRADES KA CONTRACT NOTE EMAIL PAR BHEJ DIYA GAYA HAI.",0,contract_note
"प्रिय ग्राहक, Learn what a nominee is in your demat account. Add a nominee online through your DP. Learn what a nominee is in your demat account. Add a nominee online through your DP.",0,education
"VK-INFO: Rs 6049 debited from A/c XX4 on 5th. If not you, call the bank helpline. Never share OTP.",0,bank
"CONGRATULATIONS! पैसा दोगुना करें, कोई रिस्क नहीं, पक्का रिटर्न। BIT.LY/INV954 PAR DETAILS DEKHO.",1,guaranteed
"VK-INFO: SIP ka 10 हज़ार 5th ko katega, balance rakhna. SIP ka 10 हज़ार 5th ko katega, balance rakhna. 💰",0,sip
Fake apps and sure shot tips are scams. Never share OTP. Report fraud on 1930 or cybercrime.gov.in. SEBI advisory: Beware of guaranteed returns and unregistered tips groups. Verify advisers on the SEBI website. 🚀,0,advisory
"सुनिए, Get insider stock tips from our expert team in the premium Telegram channel. Details: t.me/inv467",1,tips_group
LEARN WHAT A NOMINEE IS IN YOUR DEMAT ACCOUNT. ADD A NOMINEE ONLINE THROUGH YOUR DP. LEARN WHAT A NOMINEE IS IN YOUR DEMAT ACCOUNT. ADD A NOMINEE ONLINE THROUGH YOUR DP.,0,education
"Hello bhai, Install the new official app bit.ly/inv78 and get a free bonus. Offer ends today.",1,fake_app
"Hello sir, हमारे VIP WhatsApp ग्रुप में जुड़ें, रोज़ पक्के इंट्राडे टिप्स मिलेंगे। ऑफ़र आज खत्म, जल्दी करें।",1,tips_group
"प्रिय ग्राहक, पापा, म्यूचुअल फंड की स्टेटमेंट देखी क्या? शाम को फोन करना।",0,chat
"CONGRATULATIONS! आपका UPSTOX अकाउंट अपडेट करें वरना बंद हो जाएगा: UPST0X.COM हमारे VIP TELEGRAM ग्रुप में जुड़ें, रोज़ पक्के इंट्राडे टिप्स मिलेंगे। LIMITED SLOTS. REPLY YES TO CONFIRM.",1,fake_broker
"Meeting at 5 pm, please bring the demat account documents. Beta, did you check the mutual fund statement? Call me in the evening. 👍",0,chat
"HI, 1ST के ट्रेड का कॉन्ट्रैक्ट नोट आपके रजिस्टर्ड ईमेल पर भेजा गया है। CONTRACT NOTE FOR TRADES DONE ON 1ST HAS BEEN SENT TO YOUR REGISTERED EMAIL. CHECK YOUR APP FOR DETAILS.",0,contract_note
Congratulations! Account activate karne ke liye Rs 10000 fee UPI investpro25@ybl pe bhejo.,1,fee_scam
"Dear investor, पैसा दोगुना करें, कोई रिस्क नहीं, पक्का रिटर्न। Aapka Groww account band hone wala hai, abhi update karo: groww-india.xyz Bit.ly/inv566 par details dekho.",1,guaranteed
VK-INFO: KYC PURA KARNE KE LIYE BRANCH JAYE YA OFFICIAL SITE DEKHE. OTP KISI KO NA DE.,0,kyc
"NAMASTE, कमाई शुरू करने के लिए हमारा ऐप डाउनलोड करें: DL.PROFITAPP.IN/APP.APK 100% SEBI APPROVED EXPERT. 💰",1,fake_app
"Hello sir, Pay a registration fee of ₹25,000 on UPI 9803820317@paytm to activate your account. Get insider stock tips from our expert team in the premium Telegram channel.",1,fee_scam
"Dear investor, मुनाफ़ा निकालने के लिए आपके फोन पर आया OTP बताइए और AnyDesk इंस्टॉल करें।",1,otp_vishing
OTP for your transaction is 636759. Do not share it with anyone. Valid for 10 minutes. आपके खाते XX9 से Rs 5727 5th को डेबिट हुए। OTP किसी से साझा न करें। 👍,0,bank
"VK-INFO: Beta, did you check the mutual fund statement? Call me in the evening.",0,chat
"सुनिए, Get insider stock tips from our expert team in the premium WhatsApp channel. सेबी रजिस्टर्ड एक्सपर्ट।",1,tips_group
"Hi, हमारे VIP WhatsApp ग्रुप में जुड़ें, रोज़ पक्के इंट्राडे टिप्स मिलेंगे। Earning start karne ke liye ye app install karo: dl.profitapp.in/app.apk Bit.ly/inv834 par details dekho. Last chance, join now. 👍",1,tips_group
New fund offer from SBI Bluechip opens on 3 Nov. Please read the offer document. Visit the official website.,0,amc_offer
"Hi, Earning start karne ke liye ye app install karo: bit.ly/inv39 Our operator group gives jackpot stock calls every morning, join now. Bit.ly/inv455 par details dekho.",1,fake_app
"सुनिए, Our operator group gives jackpot stock calls every morning, join now. प्री-IPO शेयर 40% सस्ते, इंस्टिट्यूशनल अकाउंट से अलॉटमेंट पक्का। सेबी रजिस्टर्ड एक्सपर्ट। Last chance, join now.",1,tips_group
"Dear sir/madam, Send your PIN and OTP to complete KYC verification now. Details: t.me/inv108",1,otp_vishing
"प्रिय ग्राहक, Limited period: exit load waiver till 3 Nov on Nippon Small Cap. Mutual fund investments are subject to market risks.",0,amc_offer
"NAMASTE, INSTALL THE NEW OFFICIAL APP BIT.LY/INV59 AND GET A FREE BONUS. PRE-IPO SHARES AT 40% DISCOUNT THROUGH OUR INSTITUTIONAL ACCOUNT, ALLOTMENT GUARANTEED. DETAILS: T.ME/INV163",1,fake_app
"प्रिय ग्राहक, SEBI advisory: Beware of guaranteed returns and unregistered tips groups. Verify advisers on the SEBI website.",0,advisory
"Hello bhai, पैसा दोगुना करें, कोई रिस्क नहीं, पक्का रिटर्न।",1,guaranteed
"प्रिय ग्राहक, New fund offer from HDFC Flexi Cap opens on 5th. Please read the offer document. Visit the official website. Limited period: exit load waiver till 5th on HDFC Flexi Cap. Mutual fund investments are subject to market risks.",0,amc_offer
"प्रिय ग्राहक, Learn what a nominee is in your demat account. Add a nominee online through your DP.",0,education
बधाई हो! Account activate karne ke liye Rs 10000 fee UPI 9893907512@paytm pe bhejo.,1,fee_scam
"CONGRATULATIONS! DOUBLE YOUR MONEY IN 30 DAYS, GUARANTEED BY OUR FUND MANAGER. सेबी रजिस्टर्ड एक्सपर्ट।",1,guaranteed
"प्रिय ग्राहक, डीमैट अकाउंट में नॉमिनी जोड़ना क्यों ज़रूरी है, जानिए आधिकारिक वेबसाइट पर।",0,education
"NAV of Parag Parikh Flexi Cap as on 1st is Rs 124.8. Mutual fund investments are subject to market risks, read all scheme related documents carefully.",0,nav
"Hi, Double your money in 10 days, guaranteed by our fund manager. आपका Upstox अकाउंट अपडेट करें वरना बंद हो जाएगा: upst0x.com Limited slots. Reply YES to confirm. Offer ends today.",1,guaranteed
VK-INFO: Please complete your KYC at our official website or nearest branch. Do not share OTP with anyone. KYC pura karne ke liye branch jaye ya official site dekhe. OTP kisi ko na de.,0,kyc
"Dear sir/madam, प्री-IPO शेयर 40% सस्ते, इंस्टिट्यूशनल अकाउंट से अलॉटमेंट पक्का। Offer ends today.",1,preipo
"DEAR CUSTOMER, RS 6668 DEBITED FROM A/C XX7 ON 3 NOV. IF NOT YOU, CALL THE BANK HELPLINE. NEVER SHARE OTP.",0,bank
"VK-INFO: NAV OF SBI BLUECHIP AS ON 25/09 IS RS 325.49. MUTUAL FUND INVESTMENTS ARE SUBJECT TO MARKET RISKS, READ ALL SCHEME RELATED DOCUMENTS CAREFULLY. 25/09 को SBI BLUECHIP का NAV RS 325.49 है। म्यूचुअल फंड निवेश बाज़ार जोखिमों के अधीन हैं। 🚀",0,nav
VK-INFO: Dhokhe se bacho: pakka profit ka vaada karne wale group se door rahe. Sirf SEBI registered se milo. सावधान: गारंटीड रिटर्न और टिप्स वाले ग्रुप से बचें। SEBI की वेबसाइट पर सलाहकार जाँचें।,0,advisory
VK-INFO: New fund offer from HDFC Flexi Cap opens on 5th. Please read the offer document. Visit the official website.,0,amc_offer
"Namaste, Account activate karne ke liye 10 हज़ार fee UPI 9890411052@paytm pe bhejo. Download our trading app from this link to start earning: trade-86.apk",1,fee_scam
"Namaste, Block deal opportunity in unlisted shares, limited slots, invest before listing. Only 7 seats left, hurry! 👍",1,preipo
"Hi, आपकी ₹5,000 की SIP 3 Nov तारीख को कटेगी। खाते में बैलेंस रखें।",0,sip
"Hi, SBI Bluechip का नया फंड ऑफर 5th से खुल रहा है। ऑफर डॉक्यूमेंट ध्यान से पढ़ें।",0,amc_offer
"Congratulations! ₹5,000 lagao aur har mahine 300% pakka profit pao, risk zero. सेबी रजिस्टर्ड एक्सपर्ट। 100% SEBI approved expert.",1,guaranteed
"Beta, did you check the mutual fund statement? Call me in the evening.",0,chat
"Congratulations! मुनाफ़ा निकालने के लिए आपके फोन पर आया OTP बताइए और AnyDesk इंस्टॉल करें। Only 8 seats left, hurry!",1,otp_vishing
"सुनिए, Pre-IPO shares sasta mil raha hai, allotment pakka, sirf kuch slots.",1,preipo
"Account activate karne ke liye ₹25,000 fee UPI investpro76@ybl pe bhejo. सिर्फ़ 8 सीट बाकी, आज ही!",1,fee_scam
VK-INFO: Fake apps and sure shot tips are scams. Never share OTP. Report fraud on 1930 or cybercrime.gov.in. Dhokhe se bacho: pakka profit ka vaada karne wale group se door rahe. Sirf SEBI registered se milo. 🚀,0,advisory
"Hi, KYC pura karne ke liye branch jaye ya official site dekhe. OTP kisi ko na de.",0,kyc
"Dear customer, OTP for your transaction is 684804. Do not share it with anyone. Valid for 10 minutes. Your UPI payment of Rs 5924 to the merchant was successful on 25/09.",0,bank
"HI, YOUR SIP OF ₹5,000 IN PARAG PARIKH FLEXI CAP WILL BE PROCESSED ON 12 OCT. PLEASE MAINTAIN SUFFICIENT BALANCE.",0,sip
VK-INFO: सावधान: गारंटीड रिटर्न और टिप्स वाले ग्रुप से बचें। SEBI की वेबसाइट पर सलाहकार जाँचें। SEBI advisory: Beware of guaranteed returns and unregistered tips groups. Verify advisers on the SEBI website.,0,advisory
"Congratulations! Pre-IPO shares at 40% discount through our institutional account, allotment guaranteed. सिर्फ़ 2 सीट बाकी, आज ही! Details: t.me/inv502",1,preipo
"HI, SEBI ADVISORY: BEWARE OF GUARANTEED RETURNS AND UNREGISTERED TIPS GROUPS. VERIFY ADVISERS ON THE SEBI WEBSITE. 💰",0,advisory
"प्रिय ग्राहक, Rs 3333 debited from A/c XX8 on 25/09. If not you, call the bank helpline. Never share OTP.",0,bank
"Hi, Dhokhe se bacho: pakka profit ka vaada karne wale group se door rahe. Sirf SEBI registered se milo.",0,advisory
"Dear sir/madam, Profit withdraw karne ke liye OTP bhejo aur TeamViewer install karo. 💰",1,otp_vishing
"Hi, सावधान: गारंटीड रिटर्न और टिप्स वाले ग्रुप से बचें। SEBI की वेबसाइट पर सलाहकार जाँचें।",0,advisory
"Dear customer, Nominee kaise add kare demat account me? Apne DP ki website par jaye.",0,education
KYC पूरा करने के लिए आधिकारिक वेबसाइट या नज़दीकी शाखा जाएँ। OTP किसी को न बताएँ।,0,kyc
"SIP ka ₹50,000 5th ko katega, balance rakhna.",0,sip
"सुनिए, हमारे VIP WhatsApp ग्रुप में जुड़ें, रोज़ पक्के इंट्राडे टिप्स मिलेंगे। Only 8 seats left, hurry!",1,tips_group
"Dear customer, Rs 7720 debited from A/c XX8 on 12 Oct. If not you, call the bank helpline. Never share OTP. Rs 7720 debited from A/c XX8 on 12 Oct. If not you, call the bank helpline. Never share OTP.",0,bank
"Hi, Invest 10 हज़ार and get guaranteed 20% returns every month. Aaj ka jackpot stock call chahiye? Premium group join karo. 100% SEBI approved expert. Details: t.me/inv206",1,guaranteed
"Invest ₹50,000 and get guaranteed 50% returns every month. Sirf 3 seats bachi, jaldi karo! सिर्फ़ 3 सीट बाकी, आज ही!",1,guaranteed
"Hi, आपके खाते XX4 से Rs 1853 3 Nov को डेबिट हुए। OTP किसी से साझा न करें।",0,bank
"VK-INFO: डीमैट अकाउंट में नॉमिनी जोड़ना क्यों ज़रूरी है, जानिए आधिकारिक वेबसाइट पर।",0,education
"Congratulations! Hamare VIP WhatsApp group me join karo, daily sure shot tips milenge. Pre-IPO shares sasta mil raha hai, allotment pakka, sirf kuch slots.",1,tips_group
Aaj ka jackpot stock call chahiye? Premium group join karo.,1,tips_group
"Hello sir, Pre-IPO shares at 40% discount through our institutional account, allotment guaranteed. Bit.ly/inv672 par details dekho. Last chance, join now.",1,preipo
"Hello sir, पैसा दोगुना करें, कोई रिस्क नहीं, पक्का रिटर्न। Your Paytm Money account needs urgent update. Login at paytmmoney-pro.in to avoid suspension. ऑफ़र आज खत्म, जल्दी करें। SEBI registered. 💰",1,guaranteed
"Dear investor, Download our trading app from this link to start earning: bit.ly/inv50 Offer ends today.",1,fake_app
Nominee kaise add kare demat account me? Apne DP ki website par jaye.,0,education
"Hi, New fund offer from Nippon Small Cap opens on 12 Oct. Please read the offer document. Visit the official website.",0,amc_offer
"प्रिय ग्राहक, KYC PURA KARNE KE LIYE BRANCH JAYE YA OFFICIAL SITE DEKHE. OTP KISI KO NA DE. KYC पूरा करने के लिए आधिकारिक वेबसाइट या नज़दीकी शाखा जाएँ। OTP किसी को न बताएँ।",0,kyc
"Hello sir, Processing fee 10 हज़ार required to unlock your profit, send to 9859790264@paytm. Install the new official app trade-64.apk and get a free bonus. Limited slots. Reply YES to confirm.",1,fee_scam
VK-INFO: 1ST के ट्रेड का कॉन्ट्रैक्ट नोट आपके रजिस्टर्ड ईमेल पर भेजा गया है। AAPKE 1ST KE TRADES KA CONTRACT NOTE EMAIL PAR BHEJ DIYA GAYA HAI.,0,contract_note
"VK-INFO: Meeting at 5 pm, please bring the demat account documents.",0,chat
"Hi, Fake apps and sure shot tips are scams. Never share OTP. Report fraud on 1930 or cybercrime.gov.in.",0,advisory
"DEAR CUSTOMER, CONTRACT NOTE FOR TRADES DONE ON 12 OCT HAS BEEN SENT TO YOUR REGISTERED EMAIL. CHECK YOUR APP FOR DETAILS. 💰",0,contract_note
"HELLO BHAI, TO RELEASE YOUR PROFIT, SHARE THE OTP RECEIVED AND INSTALL ANYDESK SO OUR AGENT CAN HELP. ऑफ़र आज खत्म, जल्दी करें। सिर्फ़ 8 सीट बाकी, आज ही!",1,otp_vishing
"Dear sir/madam, मुनाफ़ा निकालने के लिए आपके फोन पर आया OTP बताइए और AnyDesk इंस्टॉल करें। Details: t.me/inv680",1,otp_vishing
"Hello bhai, Block deal opportunity in unlisted shares, limited slots, invest before listing. सिर्फ़ 4 सीट बाकी, आज ही! Offer ends today.",1,preipo
"Dear investor, प्री-IPO शेयर 40% सस्ते, इंस्टिट्यूशनल अकाउंट से अलॉटमेंट पक्का। Limited slots. Reply YES to confirm. Details: t.me/inv867",1,preipo
"प्रिय ग्राहक, OTP for your transaction is 139906. Do not share it with anyone. Valid for 10 minutes. आपके खाते XX7 से Rs 7038 3 Nov को डेबिट हुए। OTP किसी से साझा न करें।",0,bank
"Hi, KYC पूरा करने के लिए आधिकारिक वेबसाइट या नज़दीकी शाखा जाएँ। OTP किसी को न बताएँ। KYC pura karne ke liye branch jaye ya official site dekhe. OTP kisi ko na de.",0,kyc
KYC pura karne ke liye branch jaye ya official site dekhe. OTP kisi ko na de. Please complete your KYC at our official website or nearest branch. Do not share OTP with anyone. 🚀,0,kyc
"Our operator group gives jackpot stock calls every morning, join now.",1,tips_group
Install the new official app bit.ly/inv30 and get a free bonus. SEBI registered.,1,fake_app
सावधान: गारंटीड रिटर्न और टिप्स वाले ग्रुप से बचें। SEBI की वेबसाइट पर सलाहकार जाँचें। SEBI advisory: Beware of guaranteed returns and unregistered tips groups. Verify advisers on the SEBI website.,0,advisory
"Dear sir/madam, Processing fee Rs 10000 required to unlock your profit, send to 9855142350@paytm.",1,fee_scam
"सुनिए, एक्सपर्ट टीम से रोज़ जैकपॉट स्टॉक कॉल्स पाएँ, ग्रुप जॉइन करें। Send your PIN and OTP to complete KYC verification now. Bit.ly/inv431 par details dekho.",1,tips_group
VK-INFO: KYC pura karne ke liye branch jaye ya official site dekhe. OTP kisi ko na de. Please complete your KYC at our official website or nearest branch. Do not share OTP with anyone.,0,kyc
"HI, ₹25,000 LAGAO AUR HAR MAHINE 20% PAKKA PROFIT PAO, RISK ZERO. GET INSIDER STOCK TIPS FROM OUR EXPERT TEAM IN THE PREMIUM TELEGRAM CHANNEL. DETAILS: T.ME/INV677 🚀",1,guaranteed
Limited period: exit load waiver till 3 Nov on HDFC Flexi Cap. Mutual fund investments are subject to market risks. 💰,0,amc_offer
"HI, PROFIT WITHDRAW KARNE KE LIYE OTP BHEJO AUR TEAMVIEWER INSTALL KARO. PRE-IPO SHARES AT 40% DISCOUNT THROUGH OUR INSTITUTIONAL ACCOUNT, ALLOTMENT GUARANTEED. 100% SEBI APPROVED EXPERT. सिर्फ़ 3 सीट बाकी, आज ही! 💰",1,otp_vishing
"प्रिय ग्राहक, Fake apps and sure shot tips are scams. Never share OTP. Report fraud on 1930 or cybercrime.gov.in. SEBI advisory: Beware of guaranteed returns and unregistered tips groups. Verify advisers on the SEBI website.",0,advisory
"बधाई हो! Hamare VIP Telegram group me join karo, daily sure shot tips milenge.",1,tips_group
"कमाई शुरू करने के लिए हमारा ऐप डाउनलोड करें: dl.profitapp.in/app.apk Your Groww account needs urgent update. Login at groww-app.in to avoid suspension. Last chance, join now.",1,fake_app
"सुनिए, Send your PIN and OTP to complete KYC verification now. SEBI registered.",1,otp_vishing
"सुनिए, कमाई शुरू करने के लिए हमारा ऐप डाउनलोड करें: bit.ly/inv50 100% SEBI approved expert.",1,fake_app
"CONGRATULATIONS! प्री-IPO शेयर 40% सस्ते, इंस्टिट्यूशनल अकाउंट से अलॉटमेंट पक्का। TO RELEASE YOUR PROFIT, SHARE THE OTP RECEIVED AND INSTALL ANYDESK SO OUR AGENT CAN HELP.",1,preipo
"Paisa double in 30 din, guarantee ke saath. Aaj ka jackpot stock call chahiye? Premium group join karo. Limited slots. Reply YES to confirm. Sirf 8 seats bachi, jaldi karo!",1,guaranteed
बधाई हो! Your Paytm Money account needs urgent update. Login at paytmmoney-pro.in to avoid suspension. Earning start karne ke liye ye app install karo: trade-78.apk Limited slots. Reply YES to confirm.,1,fake_broker
5th को Parag Parikh Flexi Cap का NAV Rs 375.09 है। म्यूचुअल फंड निवेश बाज़ार जोखिमों के अधीन हैं।,0,nav
"प्रिय ग्राहक, पापा, म्यूचुअल फंड की स्टेटमेंट देखी क्या? शाम को फोन करना। 🚀",0,chat
"Dear investor, Aapka Groww account band hone wala hai, abhi update karo: groww-india.xyz Bit.ly/inv826 par details dekho.",1,fake_broker
"Dear sir/madam, Send your PIN and OTP to complete KYC verification now. पैसा दोगुना करें, कोई रिस्क नहीं, पक्का रिटर्न। सेबी रजिस्टर्ड एक्सपर्ट।",1,otp_vishing
"Dear investor, Pre-IPO shares sasta mil raha hai, allotment pakka, sirf kuch slots. ₹25,000 लगाइए और हर महीने 50% का गारंटीड मुनाफ़ा पाइए। 100% SEBI approved expert.",1,preipo
"बधाई हो! Pre-IPO shares at 40% discount through our institutional account, allotment guaranteed. Angel One Pro offers special IPO allotment. Register at angel0ne.in. Last chance, join now.",1,preipo
आपका Angel One अकाउंट अपडेट करें वरना बंद हो जाएगा: angelone-kyc.com Limited slots. Reply YES to confirm.,1,fake_broker
Aapke 1st ke trades ka contract note email par bhej diya gaya hai.,0,contract_note
OTP for your transaction is 127841. Do not share it with anyone. Valid for 10 minutes.,0,bank
Rs 10000 लगाइए और हर महीने 20% का गारंटीड मुनाफ़ा पाइए।,1,guaranteed
"Hello sir, Earning start karne ke liye ye app install karo: dl.profitapp.in/app.apk 100% SEBI approved expert.",1,fake_app
"Namaste, 10 हज़ार lagao aur har mahine 10% pakka profit pao, risk zero. Your Upstox account needs urgent update. Login at upstox-login.in to avoid suspension. SEBI registered.",1,guaranteed
"Hi, Pay a registration fee of ₹5,000 on UPI 9819588043@paytm to activate your account. कमाई शुरू करने के लिए हमारा ऐप डाउनलोड करें: bit.ly/inv28",1,fee_scam
25/09 के ट्रेड का कॉन्ट्रैक्ट नोट आपके रजिस्टर्ड ईमेल पर भेजा गया है।,0,contract_note
"Dear investor, ₹50,000 lagao aur har mahine 15% pakka profit pao, risk zero. Account activate karne ke liye ₹50,000 fee UPI 9889626667@paytm pe bhejo. 100% SEBI approved expert. 👍",1,guaranteed
"Dear sir/madam, मुनाफ़ा निकालने के लिए आपके फोन पर आया OTP बताइए और AnyDesk इंस्टॉल करें। Details: t.me/inv817 💰",1,otp_vishing
"VK-INFO: पापा, म्यूचुअल फंड की स्टेटमेंट देखी क्या? शाम को फोन करना। 💰",0,chat
"डीमैट अकाउंट में नॉमिनी जोड़ना क्यों ज़रूरी है, जानिए आधिकारिक वेबसाइट पर। Nominee kaise add kare demat account me? Apne DP ki website par jaye. 💰",0,education
Fake apps and sure shot tips are scams. Never share OTP. Report fraud on 1930 or cybercrime.gov.in. 🚀,0,advisory
"25/09 को Axis Midcap का NAV Rs 99.88 है। म्यूचुअल फंड निवेश बाज़ार जोखिमों के अधीन हैं। NAV of Axis Midcap as on 25/09 is Rs 99.88. Mutual fund investments are subject to market risks, read all scheme related documents carefully.",0,nav
25/09 को Nippon Small Cap का NAV Rs 94.58 है। म्यूचुअल फंड निवेश बाज़ार जोखिमों के अधीन हैं। 🚀,0,nav
VK-INFO: 5th को SBI Bluechip का NAV Rs 165.98 है। म्यूचुअल फंड निवेश बाज़ार जोखिमों के अधीन हैं।,0,nav
"Hello bhai, Download our trading app from this link to start earning: dl.profitapp.in/app.apk सिर्फ़ 3 सीट बाकी, आज ही!",1,fake_app
"Hi, Bhai kal milte hai, SIP ke baare me baat karni hai. Bhai kal milte hai, SIP ke baare me baat karni hai.",0,chat
"Pay a registration fee of 10 हज़ार on UPI investpro1@ybl to activate your account. Earning start karne ke liye ye app install karo: trade-60.apk Only 2 seats left, hurry! SEBI registered.",1,fee_scam
"Download our trading app from this link to start earning: dl.profitapp.in/app.apk Double your money in 30 days, guaranteed by our fund manager.",1,fake_app
"Hi, डीमैट अकाउंट में नॉमिनी जोड़ना क्यों ज़रूरी है, जानिए आधिकारिक वेबसाइट पर।",0,education
Download our trading app from this link to start earning: trade-80.apk,1,fake_app
"प्रिय ग्राहक, NEW FUND OFFER FROM PARAG PARIKH FLEXI CAP OPENS ON 5TH. PLEASE READ THE OFFER DOCUMENT. VISIT THE OFFICIAL WEBSITE.",0,amc_offer
"प्रिय ग्राहक, New fund offer from SBI Bluechip opens on 3 Nov. Please read the offer document. Visit the official website. 🚀",0,amc_offer
"बधाई हो! Install the new official app dl.profitapp.in/app.apk and get a free bonus. Paisa double in 15 din, guarantee ke saath. Details: t.me/inv784",1,fake_app
"Dear sir/madam, Join our VIP Telegram group for sure shot intraday tips and daily calls. Processing fee ₹25,000 required to unlock your profit, send to 9881312189@paytm. 100% SEBI approved expert. SEBI registered.",1,tips_group
बधाई हो! Your Paytm Money account needs urgent update. Login at paytm-money.xyz to avoid suspension.,1,fake_broker
"सुनिए, Earning start karne ke liye ye app install karo: trade-55.apk Invest ₹5,000 and get guaranteed 20% returns every month. सेबी रजिस्टर्ड एक्सपर्ट। Details: t.me/inv957",1,fake_app
"Congratulations! Hamare VIP Telegram group me join karo, daily sure shot tips milenge. Aapka Upstox account band hone wala hai, abhi update karo: upst0x.com 100% SEBI approved expert. 👍",1,tips_group
"Double your money in 10 days, guaranteed by our fund manager. Sirf 9 seats bachi, jaldi karo!",1,guaranteed
SEBI advisory: Beware of guaranteed returns and unregistered tips groups. Verify advisers on the SEBI website. सावधान: गारंटीड रिटर्न और टिप्स वाले ग्रुप से बचें। SEBI की वेबसाइट पर सलाहकार जाँचें।,0,advisory
Contract note for trades done on 25/09 has been sent to your registered email. Check your app for details.,0,contract_note
Congratulations! कमाई शुरू करने के लिए हमारा ऐप डाउनलोड करें: dl.profitapp.in/app.apk,1,fake_app
"Hi, 25/09 को HDFC Flexi Cap का NAV Rs 236.11 है। म्यूचुअल फंड निवेश बाज़ार जोखिमों के अधीन हैं। 🚀",0,nav
"Namaste, Pay a registration fee of ₹50,000 on UPI 9850333833@paytm to activate your account. Limited slots. Reply YES to confirm.",1,fee_scam
"NAV of Nippon Small Cap as on 5th is Rs 355.76. Mutual fund investments are subject to market risks, read all scheme related documents carefully.",0,nav
"VK-INFO: NAV of SBI Bluechip as on 5th is Rs 155.59. Mutual fund investments are subject to market risks, read all scheme related documents carefully. 👍",0,nav
"प्रिय ग्राहक, KYC पूरा करने के लिए आधिकारिक वेबसाइट या नज़दीकी शाखा जाएँ। OTP किसी को न बताएँ। Please complete your KYC at our official website or nearest branch. Do not share OTP with anyone.",0,kyc
Dhokhe se bacho: pakka profit ka vaada karne wale group se door rahe. Sirf SEBI registered se milo.,0,advisory
"CONGRATULATIONS! ACCOUNT ACTIVATE KARNE KE LIYE ₹25,000 FEE UPI INVESTPRO29@YBL PE BHEJO.",1,fee_scam
"Hi, NAV of Axis Midcap as on 25/09 is Rs 329.5. Mutual fund investments are subject to market risks, read all scheme related documents carefully. 25/09 को Axis Midcap का NAV Rs 329.5 है। म्यूचुअल फंड निवेश बाज़ार जोखिमों के अधीन हैं।",0,nav
"Your SIP of ₹5,000 in Parag Parikh Flexi Cap will be processed on 1st. Please maintain sufficient balance.",0,sip
"VK-INFO: Bhai kal milte hai, SIP ke baare me baat karni hai. 🚀",0,chat
"Dear sir/madam, Double your money in 15 days, guaranteed by our fund manager. Pre-IPO shares sasta mil raha hai, allotment pakka, sirf kuch slots. Last chance, join now.",1,guaranteed
"बधाई हो! Pay a registration fee of ₹25,000 on UPI investpro78@ybl to activate your account. पैसा दोगुना करें, कोई रिस्क नहीं, पक्का रिटर्न।",1,fee_scam
"Hello bhai, Download our trading app from this link to start earning: trade-90.apk 100% assured profit, zero risk, withdraw anytime.",1,fake_app
"प्रिय ग्राहक, सावधान: गारंटीड रिटर्न और टिप्स वाले ग्रुप से बचें। SEBI की वेबसाइट पर सलाहकार जाँचें।",0,advisory
"प्रिय ग्राहक, LEARN WHAT A NOMINEE IS IN YOUR DEMAT ACCOUNT. ADD A NOMINEE ONLINE THROUGH YOUR DP. LEARN WHAT A NOMINEE IS IN YOUR DEMAT ACCOUNT. ADD A NOMINEE ONLINE THROUGH YOUR DP.",0,education
"Dear investor, Aaj ka jackpot stock call chahiye? Premium group join karo. Aapka Zerodha account band hone wala hai, abhi update karo: zer0dha.com सिर्फ़ 9 सीट बाकी, आज ही!",1,tips_group
SEBI ADVISORY: BEWARE OF GUARANTEED RETURNS AND UNREGISTERED TIPS GROUPS. VERIFY ADVISERS ON THE SEBI WEBSITE. सावधान: गारंटीड रिटर्न और टिप्स वाले ग्रुप से बचें। SEBI की वेबसाइट पर सलाहकार जाँचें।,0,advisory
"सुनिए, To release your profit, share the OTP received and install AnyDesk so our agent can help.",1,otp_vishing
"Hello sir, आपका Groww अकाउंट अपडेट करें वरना बंद हो जाएगा: groww-india.xyz Get insider stock tips from our expert team in the premium Telegram channel. Offer ends today.",1,fake_broker
"Hi, 3 Nov को HDFC Flexi Cap का NAV Rs 201.82 है। म्यूचुअल फंड निवेश बाज़ार जोखिमों के अधीन हैं।",0,nav
"HELLO BHAI, AAPKA ZERODHA ACCOUNT BAND HONE WALA HAI, ABHI UPDATE KARO: ZERODHA-PRO.IN",1,fake_broker
"DEAR INVESTOR, SEND YOUR PIN AND OTP TO COMPLETE KYC VERIFICATION NOW. PROCESSING FEE ₹5,000 REQUIRED TO UNLOCK YOUR PROFIT, SEND TO INVESTPRO24@YBL. ऑफ़र आज खत्म, जल्दी करें। LAST CHANCE, JOIN NOW.",1,otp_vishing
"Hi, Beta, did you check the mutual fund statement? Call me in the evening. Meeting at 5 pm, please bring the demat account documents.",0,chat
"प्रिय ग्राहक, Learn what a nominee is in your demat account. Add a nominee online through your DP.",0,education
"Dear customer, सावधान: गारंटीड रिटर्न और टिप्स वाले ग्रुप से बचें। SEBI की वेबसाइट पर सलाहकार जाँचें। सावधान: गारंटीड रिटर्न और टिप्स वाले ग्रुप से बचें। SEBI की वेबसाइट पर सलाहकार जाँचें। 🚀",0,advisory
YOUR UPSTOX ACCOUNT NEEDS URGENT UPDATE. LOGIN AT UPSTOX-LOGIN.IN TO AVOID SUSPENSION. 100% SEBI APPROVED EXPERT. 👍,1,fake_broker
"VK-INFO: Beta, did you check the mutual fund statement? Call me in the evening. Bhai kal milte hai, SIP ke baare me baat karni hai.",0,chat
"सुनिए, Your Upstox account needs urgent update. Login at upstox-login.in to avoid suspension. Install the new official app trade-75.apk and get a free bonus. 💰",1,fake_broker
"Dear sir/madam, 100% assured profit, zero risk, withdraw anytime.",1,guaranteed
"Namaste, Block deal opportunity in unlisted shares, limited slots, invest before listing. Bit.ly/inv391 par details dekho.",1,preipo
"Dear sir/madam, Pay a registration fee of Rs 10000 on UPI investpro25@ybl to activate your account. Bit.ly/inv624 par details dekho. 👍",1,fee_scam
"Dear sir/madam, Get insider stock tips from our expert team in the premium Telegram channel. Limited slots. Reply YES to confirm.",1,tips_group
VK-INFO: Limited period: exit load waiver till 1st on Axis Midcap. Mutual fund investments are subject to market risks.,0,amc_offer
"Dear customer, NAV of Nippon Small Cap as on 1st is Rs 346.27. Mutual fund investments are subject to market risks, read all scheme related documents carefully. NAV of Nippon Small Cap as on 1st is Rs 346.27. Mutual fund investments are subject to market risks, read all scheme related documents carefully.",0,nav
"DEAR CUSTOMER, FAKE APPS AND SURE SHOT TIPS ARE SCAMS. NEVER SHARE OTP. REPORT FRAUD ON 1930 OR CYBERCRIME.GOV.IN.",0,advisory
VK-INFO: Contract note for trades done on 12 Oct has been sent to your registered email. Check your app for details. Contract note for trades done on 12 Oct has been sent to your registered email. Check your app for details.,0,contract_note
"Hi, अकाउंट चालू करने के लिए 10 हज़ार रजिस्ट्रेशन फीस UPI 9868813266@paytm पर भेजें।",1,fee_scam
"Dear sir/madam, Install the new official app trade-48.apk and get a free bonus. Limited slots. Reply YES to confirm.",1,fake_app
"प्रिय ग्राहक, Aapke 1st ke trades ka contract note email par bhej diya gaya hai.",0,contract_note
"Dear customer, Nominee kaise add kare demat account me? Apne DP ki website par jaye. 👍",0,education
Congratulations! Send your PIN and OTP to complete KYC verification now. Limited slots. Reply YES to confirm.,1,otp_vishing
बधाई हो! Profit withdraw karne ke liye OTP bhejo aur TeamViewer install karo. Limited slots. Reply YES to confirm. Bit.ly/inv140 par details dekho.,1,otp_vishing
"प्रिय ग्राहक, SEBI advisory: Beware of guaranteed returns and unregistered tips groups. Verify advisers on the SEBI website. 💰",0,advisory
"Hi, ₹25,000 लगाइए और हर महीने 10% का गारंटीड मुनाफ़ा पाइए। Account activate karne ke liye ₹25,000 fee UPI 9854372745@paytm pe bhejo. सिर्फ़ 2 सीट बाकी, आज ही! 🚀",1,guaranteed
"बधाई हो! अकाउंट चालू करने के लिए ₹25,000 रजिस्ट्रेशन फीस UPI 9833716568@paytm पर भेजें। Groww Pro offers special IPO allotment. Register at groww-india.xyz. ऑफ़र आज खत्म, जल्दी करें।",1,fee_scam
"SIP ka 10 हज़ार 5th ko katega, balance rakhna.",0,sip
"सुनिए, Your Zerodha account needs urgent update. Login at zerodha-pro.in to avoid suspension. Offer ends today. Limited slots. Reply YES to confirm. 👍",1,fake_broker
"Namaste, Pre-IPO shares at 40% discount through our institutional account, allotment guaranteed. Rs 10000 लगाइए और हर महीने 15% का गारंटीड मुनाफ़ा पाइए। सिर्फ़ 7 सीट बाकी, आज ही! 🚀",1,preipo
"Dear customer, Happy Diwali! Wishing you and family a prosperous year.",0,chat
"Hi, एक्सपर्ट टीम से रोज़ जैकपॉट स्टॉक कॉल्स पाएँ, ग्रुप जॉइन करें। Only 2 seats left, hurry!",1,tips_group
"Hi, मुनाफ़ा निकालने के लिए आपके फोन पर आया OTP बताइए और AnyDesk इंस्टॉल करें। Download our trading app from this link to start earning: dl.profitapp.in/app.apk सिर्फ़ 3 सीट बाकी, आज ही!",1,otp_vishing
"Hi, आपका Angel One अकाउंट अपडेट करें वरना बंद हो जाएगा: angel0ne.in Limited slots. Reply YES to confirm. 💰",1,fake_broker
"प्रिय ग्राहक, OTP for your transaction is 800005. Do not share it with anyone. Valid for 10 minutes. 🚀",0,bank
Please complete your KYC at our official website or nearest branch. Do not share OTP with anyone.,0,kyc
"Account activate karne ke liye ₹25,000 fee UPI 9891649821@paytm pe bhejo. Last chance, join now.",1,fee_scam
"Hello bhai, अकाउंट चालू करने के लिए ₹50,000 रजिस्ट्रेशन फीस UPI investpro2@ybl पर भेजें। SEBI registered.",1,fee_scam
"Beta, did you check the mutual fund statement? Call me in the evening.",0,chat
"Dear customer, Parag Parikh Flexi Cap का नया फंड ऑफर 3 Nov से खुल रहा है। ऑफर डॉक्यूमेंट ध्यान से पढ़ें।",0,amc_offer
"Dear sir/madam, Join our VIP Telegram group for sure shot intraday tips and daily calls. मुनाफ़ा निकालने के लिए आपके फोन पर आया OTP बताइए और AnyDesk इंस्टॉल करें। Only 4 seats left, hurry!",1,tips_group
"VK-INFO: पापा, म्यूचुअल फंड की स्टेटमेंट देखी क्या? शाम को फोन करना।",0,chat
"Dear customer, Contract note for trades done on 25/09 has been sent to your registered email. Check your app for details.",0,contract_note
"सुनिए, Aaj ka jackpot stock call chahiye? Premium group join karo. Processing fee Rs 10000 required to unlock your profit, send to investpro33@ybl. Sirf 8 seats bachi, jaldi karo!",1,tips_group
"Hi, Please complete your KYC at our official website or nearest branch. Do not share OTP with anyone. KYC पूरा करने के लिए आधिकारिक वेबसाइट या नज़दीकी शाखा जाएँ। OTP किसी को न बताएँ।",0,kyc
Please complete your KYC at our official website or nearest branch. Do not share OTP with anyone.,0,kyc
"DEAR SIR/MADAM, PAISA DOUBLE IN 15 DIN, GUARANTEE KE SAATH. ACCOUNT ACTIVATE KARNE KE LIYE ₹50,000 FEE UPI 9855116101@PAYTM PE BHEJO. LAST CHANCE, JOIN NOW. ONLY 4 SEATS LEFT, HURRY! 🚀",1,guaranteed
"प्रिय ग्राहक, CONTRACT NOTE FOR TRADES DONE ON 3 NOV HAS BEEN SENT TO YOUR REGISTERED EMAIL. CHECK YOUR APP FOR DETAILS. AAPKE 3 NOV KE TRADES KA CONTRACT NOTE EMAIL PAR BHEJ DIYA GAYA HAI.",0,contract_note
"VK-INFO: NAV of HDFC Flexi Cap as on 25/09 is Rs 343.87. Mutual fund investments are subject to market risks, read all scheme related documents carefully.",0,nav
"Dear investor, Hamare VIP Telegram group me join karo, daily sure shot tips milenge. Paisa double in 7 din, guarantee ke saath. Offer ends today. Sirf 8 seats bachi, jaldi karo!",1,tips_group
"Dear customer, 1st के ट्रेड का कॉन्ट्रैक्ट नोट आपके रजिस्टर्ड ईमेल पर भेजा गया है। Aapke 1st ke trades ka contract note email par bhej diya gaya hai.",0,contract_note
"Dear sir/madam, आपका Paytm Money अकाउंट अपडेट करें वरना बंद हो जाएगा: paytm-money.xyz Last chance, join now.",1,fake_broker
"Hi, Upstox Pro offers special IPO allotment. Register at upst0x.com. SEBI registered.",1,fake_broker
"Hi, Download our trading app from this link to start earning: trade-35.apk Join our VIP Telegram group for sure shot intraday tips and daily calls. Only 5 seats left, hurry! सेबी रजिस्टर्ड एक्सपर्ट।",1,fake_app
"Hello sir, कमाई शुरू करने के लिए हमारा ऐप डाउनलोड करें: trade-97.apk",1,fake_app
"प्रिय ग्राहक, आपके खाते XX5 से Rs 6832 5th को डेबिट हुए। OTP किसी से साझा न करें।",0,bank
"VK-INFO: Rs 7577 debited from A/c XX2 on 3 Nov. If not you, call the bank helpline. Never share OTP. OTP for your transaction is 752438. Do not share it with anyone. Valid for 10 minutes.",0,bank
EARNING START KARNE KE LIYE YE APP INSTALL KARO: BIT.LY/INV80 SEBI REGISTERED. DETAILS: T.ME/INV196,1,fake_app
"Hello sir, Join our VIP Telegram group for sure shot intraday tips and daily calls. Limited slots. Reply YES to confirm. 🚀",1,tips_group
Axis Midcap का नया फंड ऑफर 12 Oct से खुल रहा है। ऑफर डॉक्यूमेंट ध्यान से पढ़ें।,0,amc_offer
"प्रिय ग्राहक, Rs 5270 debited from A/c XX9 on 25/09. If not you, call the bank helpline. Never share OTP. Your UPI payment of Rs 5270 to the merchant was successful on 25/09.",0,bank
"Congratulations! कमाई शुरू करने के लिए हमारा ऐप डाउनलोड करें: dl.profitapp.in/app.apk पैसा दोगुना करें, कोई रिस्क नहीं, पक्का रिटर्न। Sirf 6 seats bachi, jaldi karo!",1,fake_app
"सुनिए, Join our VIP WhatsApp group for sure shot intraday tips and daily calls. Details: t.me/inv789 Limited slots. Reply YES to confirm.",1,tips_group
"Dear sir/madam, हमारे VIP WhatsApp ग्रुप में जुड़ें, रोज़ पक्के इंट्राडे टिप्स मिलेंगे।",1,tips_group
"Hi, Send your PIN and OTP to complete KYC verification now. Hamare VIP Telegram group me join karo, daily sure shot tips milenge. SEBI registered. सिर्फ़ 2 सीट बाकी, आज ही!",1,otp_vishing
"Hi, आपका Paytm Money अकाउंट अपडेट करें वरना बंद हो जाएगा: paytm-money.xyz Processing fee Rs 10000 required to unlock your profit, send to investpro54@ybl. SEBI registered.",1,fake_broker
"Congratulations! आपका Groww अकाउंट अपडेट करें वरना बंद हो जाएगा: grow.co.in Pay a registration fee of ₹25,000 on UPI investpro19@ybl to activate your account. सिर्फ़ 2 सीट बाकी, आज ही! 100% SEBI approved expert.",1,fake_broker
"Congratulations! अकाउंट चालू करने के लिए 10 हज़ार रजिस्ट्रेशन फीस UPI investpro8@ybl पर भेजें। Last chance, join now. SEBI registered.",1,fee_scam
"Hello bhai, अकाउंट चालू करने के लिए ₹5,000 रजिस्ट्रेशन फीस UPI 9872963104@paytm पर भेजें। सिर्फ़ 8 सीट बाकी, आज ही!",1,fee_scam
"Dear customer, Dhokhe se bacho: pakka profit ka vaada karne wale group se door rahe. Sirf SEBI registered se milo.",0,advisory
"Hello bhai, Pay a registration fee of ₹50,000 on UPI investpro81@ybl to activate your account. 💰",1,fee_scam
"VK-INFO: SIP ka ₹25,000 3 Nov ko katega, balance rakhna.",0,sip
"Hello bhai, Profit withdraw karne ke liye OTP bhejo aur TeamViewer install karo. सिर्फ़ 6 सीट बाकी, आज ही!",1,otp_vishing
"Your SIP of ₹25,000 in Parag Parikh Flexi Cap will be processed on 12 Oct. Please maintain sufficient balance. SIP ka ₹25,000 12 Oct ko katega, balance rakhna.",0,sip
"Dear sir/madam, Pre-IPO shares sasta mil raha hai, allotment pakka, sirf kuch slots. Our operator group gives jackpot stock calls every morning, join now. 100% SEBI approved expert. 🚀",1,preipo
"पापा, म्यूचुअल फंड की स्टेटमेंट देखी क्या? शाम को फोन करना।",0,chat
"DEAR SIR/MADAM, PRE-IPO SHARES SASTA MIL RAHA HAI, ALLOTMENT PAKKA, SIRF KUCH SLOTS. ACCOUNT ACTIVATE KARNE KE LIYE ₹5,000 FEE UPI INVESTPRO83@YBL PE BHEJO.",1,preipo
"NAV of SBI Bluechip as on 3 Nov is Rs 342.89. Mutual fund investments are subject to market risks, read all scheme related documents carefully. 🚀",0,nav
"Dear investor, Install the new official app bit.ly/inv15 and get a free bonus.",1,fake_app
"DEAR SIR/MADAM, एक्सपर्ट टीम से रोज़ जैकपॉट स्टॉक कॉल्स पाएँ, ग्रुप जॉइन करें। पैसा दोगुना करें, कोई रिस्क नहीं, पक्का रिटर्न। सेबी रजिस्टर्ड एक्सपर्ट।",1,tips_group
VK-INFO: Learn what a nominee is in your demat account. Add a nominee online through your DP.,0,education
LEARN WHAT A NOMINEE IS IN YOUR DEMAT ACCOUNT. ADD A NOMINEE ONLINE THROUGH YOUR DP. LEARN WHAT A NOMINEE IS IN YOUR DEMAT ACCOUNT. ADD A NOMINEE ONLINE THROUGH YOUR DP.,0,education
आपकी 10 हज़ार की SIP 25/09 तारीख को कटेगी। खाते में बैलेंस रखें।,0,sip
"आपकी 10 हज़ार की SIP 25/09 तारीख को कटेगी। खाते में बैलेंस रखें। SIP ka 10 हज़ार 25/09 ko katega, balance rakhna.",0,sip
"बधाई हो! Block deal opportunity in unlisted shares, limited slots, invest before listing. SEBI registered.",1,preipo
"Rs 6531 debited from A/c XX4 on 3 Nov. If not you, call the bank helpline. Never share OTP.",0,bank
"Dear sir/madam, Block deal opportunity in unlisted shares, limited slots, invest before listing. Get insider stock tips from our expert team in the premium WhatsApp channel. सिर्फ़ 9 सीट बाकी, आज ही! 100% SEBI approved expert.",1,preipo
"Hello sir, Earning start karne ke liye ye app install karo: bit.ly/inv83 Offer ends today.",1,fake_app
"Dear sir/madam, Our operator group gives jackpot stock calls every morning, join now. Block deal opportunity in unlisted shares, limited slots, invest before listing. Bit.ly/inv574 par details dekho. सिर्फ़ 4 सीट बाकी, आज ही!",1,tips_group
बधाई हो! Send your PIN and OTP to complete KYC verification now.,1,otp_vishing
कमाई शुरू करने के लिए हमारा ऐप डाउनलोड करें: trade-63.apk Limited slots. Reply YES to confirm.,1,fake_app
"Dear customer, KYC pura karne ke liye branch jaye ya official site dekhe. OTP kisi ko na de.",0,kyc
"Congratulations! Earning start karne ke liye ye app install karo: trade-96.apk हमारे VIP WhatsApp ग्रुप में जुड़ें, रोज़ पक्के इंट्राडे टिप्स मिलेंगे। सिर्फ़ 5 सीट बाकी, आज ही!",1,fake_app
"DEAR INVESTOR, INSTALL THE NEW OFFICIAL APP TRADE-52.APK AND GET A FREE BONUS. DETAILS: T.ME/INV400",1,fake_app
"प्रिय ग्राहक, SEBI advisory: Beware of guaranteed returns and unregistered tips groups. Verify advisers on the SEBI website. Fake apps and sure shot tips are scams. Never share OTP. Report fraud on 1930 or cybercrime.gov.in.",0,advisory
"NAV of Nippon Small Cap as on 12 Oct is Rs 43.14. Mutual fund investments are subject to market risks, read all scheme related documents carefully.",0,nav
"प्रिय ग्राहक, पापा, म्यूचुअल फंड की स्टेटमेंट देखी क्या? शाम को फोन करना।",0,chat
"Hello sir, Aaj ka jackpot stock call chahiye? Premium group join karo. प्री-IPO शेयर 40% सस्ते, इंस्टिट्यूशनल अकाउंट से अलॉटमेंट पक्का। ऑफ़र आज खत्म, जल्दी करें।",1,tips_group
"Dear customer, Limited period: exit load waiver till 5th on SBI Bluechip. Mutual fund investments are subject to market risks.",0,amc_offer
VK-INFO: KYC पूरा करने के लिए आधिकारिक वेबसाइट या नज़दीकी शाखा जाएँ। OTP किसी को न बताएँ।,0,kyc
OTP for your transaction is 306709. Do not share it with anyone. Valid for 10 minutes.,0,bank
"Dear customer, Axis Midcap का नया फंड ऑफर 12 Oct से खुल रहा है। ऑफर डॉक्यूमेंट ध्यान से पढ़ें।",0,amc_offer
"Congratulations! Aapka Paytm Money account band hone wala hai, abhi update karo: paytm-money.xyz Install the new official app trade-62.apk and get a free bonus. Only 6 seats left, hurry!",1,fake_broker
"बधाई हो! आपका Angel One अकाउंट अपडेट करें वरना बंद हो जाएगा: angel0ne.in अकाउंट चालू करने के लिए 10 हज़ार रजिस्ट्रेशन फीस UPI investpro90@ybl पर भेजें। ऑफ़र आज खत्म, जल्दी करें। Bit.ly/inv398 par details dekho.",1,fake_broker
"Dear customer, डीमैट अकाउंट में नॉमिनी जोड़ना क्यों ज़रूरी है, जानिए आधिकारिक वेबसाइट पर।",0,education
SEBI advisory: Beware of guaranteed returns and unregistered tips groups. Verify advisers on the SEBI website.,0,advisory
"प्रिय ग्राहक, डीमैट अकाउंट में नॉमिनी जोड़ना क्यों ज़रूरी है, जानिए आधिकारिक वेबसाइट पर।",0,education
"Namaste, Pay a registration fee of ₹50,000 on UPI investpro68@ybl to activate your account. सिर्फ़ 2 सीट बाकी, आज ही! Details: t.me/inv585",1,fee_scam
"Congratulations! पैसा दोगुना करें, कोई रिस्क नहीं, पक्का रिटर्न। SEBI registered.",1,guaranteed
"Hi, कमाई शुरू करने के लिए हमारा ऐप डाउनलोड करें: trade-13.apk 100% SEBI approved expert.",1,fake_app
"Hi, Aapke 25/09 ke trades ka contract note email par bhej diya gaya hai.",0,contract_note
"Dear investor, कमाई शुरू करने के लिए हमारा ऐप डाउनलोड करें: bit.ly/inv19 Only 6 seats left, hurry!",1,fake_app
"प्रिय ग्राहक, आपके खाते XX3 से Rs 1315 12 Oct को डेबिट हुए। OTP किसी से साझा न करें। 💰",0,bank
"Hello sir, कमाई शुरू करने के लिए हमारा ऐप डाउनलोड करें: dl.profitapp.in/app.apk ऑफ़र आज खत्म, जल्दी करें।",1,fake_app
VK-INFO: Please complete your KYC at our official website or nearest branch. Do not share OTP with anyone.,0,kyc
"HI, NEW FUND OFFER FROM SBI BLUECHIP OPENS ON 5TH. PLEASE READ THE OFFER DOCUMENT. VISIT THE OFFICIAL WEBSITE.",0,amc_offer
Happy Diwali! Wishing you and family a prosperous year. Happy Diwali! Wishing you and family a prosperous year.,0,chat
"बधाई हो! प्री-IPO शेयर 40% सस्ते, इंस्टिट्यूशनल अकाउंट से अलॉटमेंट पक्का। Offer ends today. 👍",1,preipo
"Hamare VIP Telegram group me join karo, daily sure shot tips milenge. Your Upstox account needs urgent update. Login at upst0x.com to avoid suspension. Limited slots. Reply YES to confirm. 100% SEBI approved expert.",1,tips_group
VK-INFO: Contract note for trades done on 12 Oct has been sent to your registered email. Check your app for details.,0,contract_note
आपकी RS 10000 की SIP 25/09 तारीख को कटेगी। खाते में बैलेंस रखें। 💰,0,sip
"Hi, Parag Parikh Flexi Cap का नया फंड ऑफर 5th से खुल रहा है। ऑफर डॉक्यूमेंट ध्यान से पढ़ें।",0,amc_offer
"Hi, NAV of Nippon Small Cap as on 1st is Rs 219.62. Mutual fund investments are subject to market risks, read all scheme related documents carefully.",0,nav
"Congratulations! प्री-IPO शेयर 40% सस्ते, इंस्टिट्यूशनल अकाउंट से अलॉटमेंट पक्का। Our operator group gives jackpot stock calls every morning, join now. Only 8 seats left, hurry!",1,preipo
Learn what a nominee is in your demat account. Add a nominee online through your DP.,0,education
"Dear customer, Fake apps and sure shot tips are scams. Never share OTP. Report fraud on 1930 or cybercrime.gov.in.",0,advisory
"VK-INFO: डीमैट अकाउंट में नॉमिनी जोड़ना क्यों ज़रूरी है, जानिए आधिकारिक वेबसाइट पर। 💰",0,education
"Hi, Bhai kal milte hai, SIP ke baare me baat karni hai.",0,chat
"VK-INFO: आपकी ₹50,000 की SIP 1st तारीख को कटेगी। खाते में बैलेंस रखें।",0,sip
बधाई हो! मुनाफ़ा निकालने के लिए आपके फोन पर आया OTP बताइए और ANYDESK इंस्टॉल करें। BIT.LY/INV798 PAR DETAILS DEKHO. सेबी रजिस्टर्ड एक्सपर्ट।,1,otp_vishing
"प्रिय ग्राहक, LEARN WHAT A NOMINEE IS IN YOUR DEMAT ACCOUNT. ADD A NOMINEE ONLINE THROUGH YOUR DP.",0,education
VK-INFO: FAKE APPS AND SURE SHOT TIPS ARE SCAMS. NEVER SHARE OTP. REPORT FRAUD ON 1930 OR CYBERCRIME.GOV.IN. 👍,0,advisory
"Hi, Aapke 3 Nov ke trades ka contract note email par bhej diya gaya hai.",0,contract_note
"Dear investor, Block deal opportunity in unlisted shares, limited slots, invest before listing. Download our trading app from this link to start earning: trade-63.apk ऑफ़र आज खत्म, जल्दी करें।",1,preipo
"NAMASTE, GET INSIDER STOCK TIPS FROM OUR EXPERT TEAM IN THE PREMIUM TELEGRAM CHANNEL. SEBI REGISTERED. ONLY 2 SEATS LEFT, HURRY!",1,tips_group
"Dear sir/madam, Account activate karne ke liye Rs 10000 fee UPI 9870689364@paytm pe bhejo. Block deal opportunity in unlisted shares, limited slots, invest before listing. सिर्फ़ 8 सीट बाकी, आज ही!",1,fee_scam
"Congratulations! Pre-IPO shares sasta mil raha hai, allotment pakka, sirf kuch slots. Hamare VIP Telegram group me join karo, daily sure shot tips milenge. SEBI registered. Only 4 seats left, hurry!",1,preipo
"Hello sir, कमाई शुरू करने के लिए हमारा ऐप डाउनलोड करें: dl.profitapp.in/app.apk सेबी रजिस्टर्ड एक्सपर्ट। Limited slots. Reply YES to confirm.",1,fake_app
"Hi, Processing fee 10 हज़ार required to unlock your profit, send to investpro11@ybl.",1,fee_scam
"Dear sir/madam, 100% assured profit, zero risk, withdraw anytime. Hamare VIP Telegram group me join karo, daily sure shot tips milenge. Limited slots. Reply YES to confirm. Details: t.me/inv137",1,guaranteed
OTP for your transaction is 347445. Do not share it with anyone. Valid for 10 minutes. आपके खाते XX3 से Rs 681 12 Oct को डेबिट हुए। OTP किसी से साझा न करें।,0,bank
"Dear investor, Earning start karne ke liye ye app install karo: bit.ly/inv33",1,fake_app
"DEAR SIR/MADAM, INSTALL THE NEW OFFICIAL APP BIT.LY/INV33 AND GET A FREE BONUS.",1,fake_app
Upstox Pro offers special IPO allotment. Register at upstox-login.in.,1,fake_broker
VK-INFO: Aapke 25/09 ke trades ka contract note email par bhej diya gaya hai.,0,contract_note
"Congratulations! Processing fee 10 हज़ार required to unlock your profit, send to investpro56@ybl. 100% SEBI approved expert.",1,fee_scam
"Hello sir, Join our VIP WhatsApp group for sure shot intraday tips and daily calls. To release your profit, share the OTP received and install AnyDesk so our agent can help.",1,tips_group
"Hi, Rs 9453 debited from A/c XX3 on 1st. If not you, call the bank helpline. Never share OTP. आपके खाते XX3 से Rs 9453 1st को डेबिट हुए। OTP किसी से साझा न करें।",0,bank
"Hi, मुनाफ़ा निकालने के लिए आपके फोन पर आया OTP बताइए और AnyDesk इंस्टॉल करें। SEBI registered. ऑफ़र आज खत्म, जल्दी करें। 💰",1,otp_vishing
VK-INFO: KYC पूरा करने के लिए आधिकारिक वेबसाइट या नज़दीकी शाखा जाएँ। OTP किसी को न बताएँ।,0,kyc
"सुनिए, Send your PIN and OTP to complete KYC verification now.",1,otp_vishing
"Dear sir/madam, Aaj ka jackpot stock call chahiye? Premium group join karo. Paytm Money Pro offers special IPO allotment. Register at paytmmoney-pro.in. 🚀",1,tips_group
"Dear customer, 1st को Axis Midcap का NAV Rs 190.19 है। म्यूचुअल फंड निवेश बाज़ार जोखिमों के अधीन हैं।",0,nav
"Rs 610 debited from A/c XX5 on 12 Oct. If not you, call the bank helpline. Never share OTP. आपके खाते XX5 से Rs 610 12 Oct को डेबिट हुए। OTP किसी से साझा न करें।",0,bank
"Dear sir/madam, आपका Angel One अकाउंट अपडेट करें वरना बंद हो जाएगा: angelone-kyc.com Paisa double in 10 din, guarantee ke saath. 🚀",1,fake_broker
Earning start karne ke liye ye app install karo: trade-20.apk Your Zerodha account needs urgent update. Login at zer0dha.com to avoid suspension.,1,fake_app
"Hello bhai, Aapka Upstox account band hone wala hai, abhi update karo: upst0x.com सेबी रजिस्टर्ड एक्सपर्ट। 💰",1,fake_broker
Congratulations! मुनाफ़ा निकालने के लिए आपके फोन पर आया OTP बताइए और AnyDesk इंस्टॉल करें। आपका Groww अकाउंट अपडेट करें वरना बंद हो जाएगा: groww-india.xyz Bit.ly/inv450 par details dekho.,1,otp_vishing
"Hi, Block deal opportunity in unlisted shares, limited slots, invest before listing. Pay a registration fee of Rs 10000 on UPI 9891169929@paytm to activate your account. Offer ends today.",1,preipo
"To release your profit, share the OTP received and install AnyDesk so our agent can help. Double your money in 7 days, guaranteed by our fund manager. Last chance, join now. सेबी रजिस्टर्ड एक्सपर्ट।",1,otp_vishing
Congratulations! Your Angel One account needs urgent update. Login at angelone-kyc.com to avoid suspension. Send your PIN and OTP to complete KYC verification now. सेबी रजिस्टर्ड एक्सपर्ट।,1,fake_broker
Send your PIN and OTP to complete KYC verification now. 100% SEBI approved expert.,1,otp_vishing
"Dear customer, Contract note for trades done on 5th has been sent to your registered email. Check your app for details.",0,contract_note
"सुनिए, ₹25,000 LAGAO AUR HAR MAHINE 20% PAKKA PROFIT PAO, RISK ZERO. TO RELEASE YOUR PROFIT, SHARE THE OTP RECEIVED AND INSTALL ANYDESK SO OUR AGENT CAN HELP. ONLY 4 SEATS LEFT, HURRY! 👍",1,guaranteed
"डीमैट अकाउंट में नॉमिनी जोड़ना क्यों ज़रूरी है, जानिए आधिकारिक वेबसाइट पर। Learn what a nominee is in your demat account. Add a nominee online through your DP.",0,education
"Pre-IPO shares sasta mil raha hai, allotment pakka, sirf kuch slots. Aapka Angel One account band hone wala hai, abhi update karo: angelone-kyc.com Limited slots. Reply YES to confirm. ऑफ़र आज खत्म, जल्दी करें। 👍",1,preipo
Nominee kaise add kare demat account me? Apne DP ki website par jaye.,0,education
1st को Parag Parikh Flexi Cap का NAV Rs 281.86 है। म्यूचुअल फंड निवेश बाज़ार जोखिमों के अधीन हैं।,0,nav
3 Nov के ट्रेड का कॉन्ट्रैक्ट नोट आपके रजिस्टर्ड ईमेल पर भेजा गया है।,0,contract_note
12 Oct के ट्रेड का कॉन्ट्रैक्ट नोट आपके रजिस्टर्ड ईमेल पर भेजा गया है।,0,contract_note
New fund offer from Parag Parikh Flexi Cap opens on 3 Nov. Please read the offer document. Visit the official website. Limited period: exit load waiver till 3 Nov on Parag Parikh Flexi Cap. Mutual fund investments are subject to market risks. 🚀,0,amc_offer
Please complete your KYC at our official website or nearest branch. Do not share OTP with anyone. 🚀,0,kyc
"Hello bhai, कमाई शुरू करने के लिए हमारा ऐप डाउनलोड करें: dl.profitapp.in/app.apk Account activate karne ke liye 10 हज़ार fee UPI investpro16@ybl pe bhejo. Last chance, join now.",1,fake_app
"Hi, आपकी ₹50,000 की SIP 3 Nov तारीख को कटेगी। खाते में बैलेंस रखें। Your SIP of ₹50,000 in Axis Midcap will be processed on 3 Nov. Please maintain sufficient balance.",0,sip
"Congratulations! Processing fee ₹5,000 required to unlock your profit, send to 9878248080@paytm. Pre-IPO shares sasta mil raha hai, allotment pakka, sirf kuch slots. Bit.ly/inv740 par details dekho.",1,fee_scam
"Hi, 100% assured profit, zero risk, withdraw anytime. सिर्फ़ 4 सीट बाकी, आज ही! Only 4 seats left, hurry!",1,guaranteed
"Zerodha Pro offers special IPO allotment. Register at zerodha-pro.in. 100% assured profit, zero risk, withdraw anytime.",1,fake_broker
"Dear investor, आपका Upstox अकाउंट अपडेट करें वरना बंद हो जाएगा: upst0x.com 10 हज़ार लगाइए और हर महीने 300% का गारंटीड मुनाफ़ा पाइए।",1,fake_broker
KYC pura karne ke liye branch jaye ya official site dekhe. OTP kisi ko na de.,0,kyc
"Invest ₹50,000 and get guaranteed 30% returns every month. मुनाफ़ा निकालने के लिए आपके फोन पर आया OTP बताइए और AnyDesk इंस्टॉल करें। Limited slots. Reply YES to confirm. ऑफ़र आज खत्म, जल्दी करें।",1,guaranteed
VK-INFO: Your SIP of Rs 10000 in Axis Midcap will be processed on 5th. Please maintain sufficient balance.,0,sip
"Dear investor, अकाउंट चालू करने के लिए ₹25,000 रजिस्ट्रेशन फीस UPI investpro87@ybl पर भेजें। Aapka Zerodha account band hone wala hai, abhi update karo: zerodha-pro.in Limited slots. Reply YES to confirm. Offer ends today.",1,fee_scam
"Dear customer, Contract note for trades done on 25/09 has been sent to your registered email. Check your app for details.",0,contract_note
"सुनिए, 100% assured profit, zero risk, withdraw anytime.",1,guaranteed
"Hello bhai, Install the new official app trade-51.apk and get a free bonus.",1,fake_app
"प्रिय ग्राहक, KYC पूरा करने के लिए आधिकारिक वेबसाइट या नज़दीकी शाखा जाएँ। OTP किसी को न बताएँ।",0,kyc
"प्रिय ग्राहक, सावधान: गारंटीड रिटर्न और टिप्स वाले ग्रुप से बचें। SEBI की वेबसाइट पर सलाहकार जाँचें।",0,advisory
"बधाई हो! Block deal opportunity in unlisted shares, limited slots, invest before listing. Only 5 seats left, hurry! सिर्फ़ 5 सीट बाकी, आज ही!",1,preipo
"Hi, Learn what a nominee is in your demat account. Add a nominee online through your DP. Learn what a nominee is in your demat account. Add a nominee online through your DP.",0,education
"Dear sir/madam, Paisa double in 10 din, guarantee ke saath. 100% SEBI approved expert. Sirf 8 seats bachi, jaldi karo! 💰",1,guaranteed
"प्रिय ग्राहक, LEARN WHAT A NOMINEE IS IN YOUR DEMAT ACCOUNT. ADD A NOMINEE ONLINE THROUGH YOUR DP. 🚀",0,education
"Hello sir, Profit withdraw karne ke liye OTP bhejo aur TeamViewer install karo.",1,otp_vishing
Your UPI payment of Rs 4466 to the merchant was successful on 1st. Your UPI payment of Rs 4466 to the merchant was successful on 1st.,0,bank
Profit withdraw karne ke liye OTP bhejo aur TeamViewer install karo. Earning start karne ke liye ye app install karo: trade-33.apk,1,otp_vishing
"VK-INFO: Your SIP of ₹5,000 in SBI Bluechip will be processed on 3 Nov. Please maintain sufficient balance. Your SIP of ₹5,000 in SBI Bluechip will be processed on 3 Nov. Please maintain sufficient balance.",0,sip
"Pre-IPO shares sasta mil raha hai, allotment pakka, sirf kuch slots. Install the new official app bit.ly/inv81 and get a free bonus. Last chance, join now.",1,preipo
VK-INFO: Fake apps and sure shot tips are scams. Never share OTP. Report fraud on 1930 or cybercrime.gov.in.,0,advisory
"Hello sir, हमारे VIP WhatsApp ग्रुप में जुड़ें, रोज़ पक्के इंट्राडे टिप्स मिलेंगे।",1,tips_group
"Hi, Limited period: exit load waiver till 3 Nov on HDFC Flexi Cap. Mutual fund investments are subject to market risks.",0,amc_offer
"HI, PRE-IPO SHARES AT 40% DISCOUNT THROUGH OUR INSTITUTIONAL ACCOUNT, ALLOTMENT GUARANTEED.",1,preipo
"VK-INFO: Learn what a nominee is in your demat account. Add a nominee online through your DP. डीमैट अकाउंट में नॉमिनी जोड़ना क्यों ज़रूरी है, जानिए आधिकारिक वेबसाइट पर।",0,education
"प्रिय ग्राहक, Beta, did you check the mutual fund statement? Call me in the evening.",0,chat
"प्रिय ग्राहक, FAKE APPS AND SURE SHOT TIPS ARE SCAMS. NEVER SHARE OTP. REPORT FRAUD ON 1930 OR CYBERCRIME.GOV.IN. सावधान: गारंटीड रिटर्न और टिप्स वाले ग्रुप से बचें। SEBI की वेबसाइट पर सलाहकार जाँचें।",0,advisory
"Dear customer, Please complete your KYC at our official website or nearest branch. Do not share OTP with anyone. KYC pura karne ke liye branch jaye ya official site dekhe. OTP kisi ko na de.",0,kyc
"Hi, OTP for your transaction is 137690. Do not share it with anyone. Valid for 10 minutes. Your UPI payment of Rs 7740 to the merchant was successful on 1st.",0,bank
"प्रिय ग्राहक, KYC पूरा करने के लिए आधिकारिक वेबसाइट या नज़दीकी शाखा जाएँ। OTP किसी को न बताएँ।",0,kyc
"HI, KYC PURA KARNE KE LIYE BRANCH JAYE YA OFFICIAL SITE DEKHE. OTP KISI KO NA DE.",0,kyc
3 Nov के ट्रेड का कॉन्ट्रैक्ट नोट आपके रजिस्टर्ड ईमेल पर भेजा गया है। Contract note for trades done on 3 Nov has been sent to your registered email. Check your app for details.,0,contract_note
"Dear sir/madam, Pre-IPO shares at 40% discount through our institutional account, allotment guaranteed.",1,preipo
"Hello bhai, Pay a registration fee of ₹25,000 on UPI 9890074605@paytm to activate your account. Only 4 seats left, hurry!",1,fee_scam
Dhokhe se bacho: pakka profit ka vaada karne wale group se door rahe. Sirf SEBI registered se milo. सावधान: गारंटीड रिटर्न और टिप्स वाले ग्रुप से बचें। SEBI की वेबसाइट पर सलाहकार जाँचें।,0,advisory
"Dear customer, Aapke 3 Nov ke trades ka contract note email par bhej diya gaya hai. 3 Nov के ट्रेड का कॉन्ट्रैक्ट नोट आपके रजिस्टर्ड ईमेल पर भेजा गया है।",0,contract_note
"प्रिय ग्राहक, SIP ka ₹5,000 1st ko katega, balance rakhna. आपकी ₹5,000 की SIP 1st तारीख को कटेगी। खाते में बैलेंस रखें।",0,sip
"Dear investor, Our operator group gives jackpot stock calls every morning, join now. Profit withdraw karne ke liye OTP bhejo aur TeamViewer install karo. Last chance, join now.",1,tips_group
सावधान: गारंटीड रिटर्न और टिप्स वाले ग्रुप से बचें। SEBI की वेबसाइट पर सलाहकार जाँचें।,0,advisory
"सुनिए, Hamare VIP Telegram group me join karo, daily sure shot tips milenge.",1,tips_group
"Hi, अकाउंट चालू करने के लिए ₹25,000 रजिस्ट्रेशन फीस UPI 9864165395@paytm पर भेजें।",1,fee_scam
"Dear customer, SIP ka 10 हज़ार 12 Oct ko katega, balance rakhna.",0,sip
"बधाई हो! Processing fee ₹50,000 required to unlock your profit, send to investpro57@ybl. Your Angel One account needs urgent update. Login at angel0ne.in to avoid suspension.",1,fee_scam
"Hamare VIP WhatsApp group me join karo, daily sure shot tips milenge. सिर्फ़ 6 सीट बाकी, आज ही!",1,tips_group
"प्रिय ग्राहक, Your UPI payment of Rs 6824 to the merchant was successful on 5th.",0,bank
"Hi, New fund offer from SBI Bluechip opens on 12 Oct. Please read the offer document. Visit the official website.",0,amc_offer
"Dear investor, Processing fee ₹5,000 required to unlock your profit, send to 9860999778@paytm. Double your money in 7 days, guaranteed by our fund manager. ऑफ़र आज खत्म, जल्दी करें। Offer ends today.",1,fee_scam
"Hi, Nominee kaise add kare demat account me? Apne DP ki website par jaye. Learn what a nominee is in your demat account. Add a nominee online through your DP.",0,education
"प्री-IPO शेयर 40% सस्ते, इंस्टिट्यूशनल अकाउंट से अलॉटमेंट पक्का। 💰",1,preipo
"Dear customer, Your SIP of ₹5,000 in HDFC Flexi Cap will be processed on 12 Oct. Please maintain sufficient balance. SIP ka ₹5,000 12 Oct ko katega, balance rakhna.",0,sip
"Hello bhai, Pre-IPO shares sasta mil raha hai, allotment pakka, sirf kuch slots.",1,preipo
"प्रिय ग्राहक, NAV of Parag Parikh Flexi Cap as on 12 Oct is Rs 159.63. Mutual fund investments are subject to market risks, read all scheme related documents carefully. 👍",0,nav
1st के ट्रेड का कॉन्ट्रैक्ट नोट आपके रजिस्टर्ड ईमेल पर भेजा गया है। 💰,0,contract_note
"बधाई हो! Send your PIN and OTP to complete KYC verification now. Hamare VIP Telegram group me join karo, daily sure shot tips milenge. ऑफ़र आज खत्म, जल्दी करें।",1,otp_vishing
"Dear investor, Processing fee ₹5,000 required to unlock your profit, send to investpro36@ybl. सिर्फ़ 2 सीट बाकी, आज ही!",1,fee_scam
"प्रिय ग्राहक, SIP ka ₹5,000 5th ko katega, balance rakhna. 💰",0,sip
"प्रिय ग्राहक, OTP for your transaction is 895772. Do not share it with anyone. Valid for 10 minutes. OTP for your transaction is 895772. Do not share it with anyone. Valid for 10 minutes.",0,bank
"Hello bhai, Profit withdraw karne ke liye OTP bhejo aur TeamViewer install karo. 100% assured profit, zero risk, withdraw anytime.",1,otp_vishing
"Hi, Limited period: exit load waiver till 12 Oct on Axis Midcap. Mutual fund investments are subject to market risks. Limited period: exit load waiver till 12 Oct on Axis Midcap. Mutual fund investments are subject to market risks.",0,amc_offer
"हमारे VIP WHATSAPP ग्रुप में जुड़ें, रोज़ पक्के इंट्राडे टिप्स मिलेंगे। PAY A REGISTRATION FEE OF ₹50,000 ON UPI 9884499014@PAYTM TO ACTIVATE YOUR ACCOUNT. सेबी रजिस्टर्ड एक्सपर्ट।",1,tips_group
Send your PIN and OTP to complete KYC verification now. सेबी रजिस्टर्ड एक्सपर्ट। Limited slots. Reply YES to confirm. 💰,1,otp_vishing
"Hello bhai, एक्सपर्ट टीम से रोज़ जैकपॉट स्टॉक कॉल्स पाएँ, ग्रुप जॉइन करें।",1,tips_group
अकाउंट चालू करने के लिए Rs 10000 रजिस्ट्रेशन फीस UPI investpro70@ybl पर भेजें। Details: t.me/inv775,1,fee_scam
"To release your profit, share the OTP received and install AnyDesk so our agent can help. Limited slots. Reply YES to confirm. SEBI registered.",1,otp_vishing
25/09 के ट्रेड का कॉन्ट्रैक्ट नोट आपके रजिस्टर्ड ईमेल पर भेजा गया है।,0,contract_note
"Hi, कमाई शुरू करने के लिए हमारा ऐप डाउनलोड करें: bit.ly/inv14",1,fake_app
SBI Bluechip का नया फंड ऑफर 3 Nov से खुल रहा है। ऑफर डॉक्यूमेंट ध्यान से पढ़ें।,0,amc_offer
"DEAR INVESTOR, BLOCK DEAL OPPORTUNITY IN UNLISTED SHARES, LIMITED SLOTS, INVEST BEFORE LISTING. सिर्फ़ 6 सीट बाकी, आज ही!",1,preipo
VK-INFO: Fake apps and sure shot tips are scams. Never share OTP. Report fraud on 1930 or cybercrime.gov.in. सावधान: गारंटीड रिटर्न और टिप्स वाले ग्रुप से बचें। SEBI की वेबसाइट पर सलाहकार जाँचें।,0,advisory
"प्रिय ग्राहक, Please complete your KYC at our official website or nearest branch. Do not share OTP with anyone.",0,kyc
"प्रिय ग्राहक, आपके खाते XX3 से Rs 8796 5th को डेबिट हुए। OTP किसी से साझा न करें। OTP for your transaction is 715546. Do not share it with anyone. Valid for 10 minutes. 🚀",0,bank
"Dear customer, OTP for your transaction is 559575. Do not share it with anyone. Valid for 10 minutes. 🚀",0,bank
"Hi, Block deal opportunity in unlisted shares, limited slots, invest before listing. Offer ends today. SEBI registered.",1,preipo
New fund offer from Axis Midcap opens on 3 Nov. Please read the offer document. Visit the official website. Limited period: exit load waiver till 3 Nov on Axis Midcap. Mutual fund investments are subject to market risks.,0,amc_offer
"INSTALL THE NEW OFFICIAL APP BIT.LY/INV77 AND GET A FREE BONUS. SIRF 7 SEATS BACHI, JALDI KARO!",1,fake_app
"HI, YOUR UPI PAYMENT OF RS 688 TO THE MERCHANT WAS SUCCESSFUL ON 25/09. आपके खाते XX2 से RS 688 25/09 को डेबिट हुए। OTP किसी से साझा न करें।",0,bank
"प्रिय ग्राहक, आपकी Rs 10000 की SIP 5th तारीख को कटेगी। खाते में बैलेंस रखें।",0,sip
"बधाई हो! Aapka Angel One account band hone wala hai, abhi update karo: angel0ne.in Send your PIN and OTP to complete KYC verification now. SEBI registered. Offer ends today.",1,fake_broker
"Hi, OTP for your transaction is 577986. Do not share it with anyone. Valid for 10 minutes.",0,bank
VK-INFO: Limited period: exit load waiver till 3 Nov on Parag Parikh Flexi Cap. Mutual fund investments are subject to market risks.,0,amc_offer
"DEAR SIR/MADAM, प्री-IPO शेयर 40% सस्ते, इंस्टिट्यूशनल अकाउंट से अलॉटमेंट पक्का। LIMITED SLOTS. REPLY YES TO CONFIRM. सिर्फ़ 8 सीट बाकी, आज ही!",1,preipo
"सुनिए, हमारे VIP WhatsApp ग्रुप में जुड़ें, रोज़ पक्के इंट्राडे टिप्स मिलेंगे। Pay a registration fee of ₹50,000 on UPI 9899885820@paytm to activate your account.",1,tips_group
"Your Groww account needs urgent update. Login at groww-app.in to avoid suspension. Pre-IPO shares at 40% discount through our institutional account, allotment guaranteed.",1,fake_broker
"Hi, Happy Diwali! Wishing you and family a prosperous year.",0,chat
NEW FUND OFFER FROM SBI BLUECHIP OPENS ON 25/09. PLEASE READ THE OFFER DOCUMENT. VISIT THE OFFICIAL WEBSITE.,0,amc_offer
"Hi, सावधान: गारंटीड रिटर्न और टिप्स वाले ग्रुप से बचें। SEBI की वेबसाइट पर सलाहकार जाँचें।",0,advisory
बधाई हो! Your Upstox account needs urgent update. Login at upst0x.com to avoid suspension.,1,fake_broker
"VK-INFO: NAV of HDFC Flexi Cap as on 5th is Rs 266.13. Mutual fund investments are subject to market risks, read all scheme related documents carefully. 5th को HDFC Flexi Cap का NAV Rs 266.13 है। म्यूचुअल फंड निवेश बाज़ार जोखिमों के अधीन हैं।",0,nav
"मुनाफ़ा निकालने के लिए आपके फोन पर आया OTP बताइए और AnyDesk इंस्टॉल करें। हमारे VIP Telegram ग्रुप में जुड़ें, रोज़ पक्के इंट्राडे टिप्स मिलेंगे। Bit.ly/inv695 par details dekho. Details: t.me/inv695 💰",1,otp_vishing
VK-INFO: KYC पूरा करने के लिए आधिकारिक वेबसाइट या नज़दीकी शाखा जाएँ। OTP किसी को न बताएँ। KYC पूरा करने के लिए आधिकारिक वेबसाइट या नज़दीकी शाखा जाएँ। OTP किसी को न बताएँ।,0,kyc
"प्रिय ग्राहक, New fund offer from Parag Parikh Flexi Cap opens on 25/09. Please read the offer document. Visit the official website.",0,amc_offer
VK-INFO: Aapke 3 Nov ke trades ka contract note email par bhej diya gaya hai. Aapke 3 Nov ke trades ka contract note email par bhej diya gaya hai.,0,contract_note
KYC पूरा करने के लिए आधिकारिक वेबसाइट या नज़दीकी शाखा जाएँ। OTP किसी को न बताएँ। KYC पूरा करने के लिए आधिकारिक वेबसाइट या नज़दीकी शाखा जाएँ। OTP किसी को न बताएँ।,0,kyc
"Dear customer, 5th के ट्रेड का कॉन्ट्रैक्ट नोट आपके रजिस्टर्ड ईमेल पर भेजा गया है।",0,contract_note
"DEAR SIR/MADAM, PRE-IPO SHARES SASTA MIL RAHA HAI, ALLOTMENT PAKKA, SIRF KUCH SLOTS.",1,preipo
"Dear sir/madam, Block deal opportunity in unlisted shares, limited slots, invest before listing. अकाउंट चालू करने के लिए ₹25,000 रजिस्ट्रेशन फीस UPI investpro83@ybl पर भेजें। 100% SEBI approved expert. Details: t.me/inv734",1,preipo
"Hi, ₹50,000 लगाइए और हर महीने 30% का गारंटीड मुनाफ़ा पाइए। Bit.ly/inv413 par details dekho. Offer ends today. 👍",1,guaranteed
"VK-INFO: NAV of HDFC Flexi Cap as on 12 Oct is Rs 114.48. Mutual fund investments are subject to market risks, read all scheme related documents carefully. 12 Oct को HDFC Flexi Cap का NAV Rs 114.48 है। म्यूचुअल फंड निवेश बाज़ार जोखिमों के अधीन हैं।",0,nav
"Congratulations! कमाई शुरू करने के लिए हमारा ऐप डाउनलोड करें: bit.ly/inv43 ऑफ़र आज खत्म, जल्दी करें।",1,fake_app
"Hello sir, Aapka Groww account band hone wala hai, abhi update karo: groww-india.xyz ऑफ़र आज खत्म, जल्दी करें।",1,fake_broker
"Namaste, प्री-IPO शेयर 40% सस्ते, इंस्टिट्यूशनल अकाउंट से अलॉटमेंट पक्का। To release your profit, share the OTP received and install AnyDesk so our agent can help. 100% SEBI approved expert. Bit.ly/inv834 par details dekho.",1,preipo
"VK-INFO: Beta, did you check the mutual fund statement? Call me in the evening.",0,chat
"बधाई हो! TO RELEASE YOUR PROFIT, SHARE THE OTP RECEIVED AND INSTALL ANYDESK SO OUR AGENT CAN HELP. SIRF 3 SEATS BACHI, JALDI KARO!",1,otp_vishing
"Hi, Limited period: exit load waiver till 12 Oct on HDFC Flexi Cap. Mutual fund investments are subject to market risks. 💰",0,amc_offer
"Dear sir/madam, Pay a registration fee of ₹50,000 on UPI 9818795028@paytm to activate your account. Invest ₹50,000 and get guaranteed 15% returns every month. SEBI registered.",1,fee_scam
"बधाई हो! प्री-IPO शेयर 40% सस्ते, इंस्टिट्यूशनल अकाउंट से अलॉटमेंट पक्का। Double your money in 7 days, guaranteed by our fund manager. Bit.ly/inv207 par details dekho.",1,preipo
Fake apps and sure shot tips are scams. Never share OTP. Report fraud on 1930 or cybercrime.gov.in.,0,advisory
"Hi, Limited period: exit load waiver till 12 Oct on Parag Parikh Flexi Cap. Mutual fund investments are subject to market risks.",0,amc_offer
Your UPI payment of Rs 1279 to the merchant was successful on 12 Oct.,0,bank
Limited period: exit load waiver till 3 Nov on SBI Bluechip. Mutual fund investments are subject to market risks.,0,amc_offer
"प्रिय ग्राहक, AAPKE 25/09 KE TRADES KA CONTRACT NOTE EMAIL PAR BHEJ DIYA GAYA HAI.",0,contract_note
"Dear customer, SIP ka 10 हज़ार 25/09 ko katega, balance rakhna.",0,sip
"Hello sir, एक्सपर्ट टीम से रोज़ जैकपॉट स्टॉक कॉल्स पाएँ, ग्रुप जॉइन करें। Your Groww account needs urgent update. Login at grow.co.in to avoid suspension. SEBI registered. 100% SEBI approved expert.",1,tips_group
"HI, OTP FOR YOUR TRANSACTION IS 781970. DO NOT SHARE IT WITH ANYONE. VALID FOR 10 MINUTES.",0,bank
VK-INFO: Contract note for trades done on 5th has been sent to your registered email. Check your app for details.,0,contract_note
12 Oct को HDFC Flexi Cap का NAV Rs 236.86 है। म्यूचुअल फंड निवेश बाज़ार जोखिमों के अधीन हैं। 12 Oct को HDFC Flexi Cap का NAV Rs 236.86 है। म्यूचुअल फंड निवेश बाज़ार जोखिमों के अधीन हैं।,0,nav
"Hi, SIP ka Rs 10000 5th ko katega, balance rakhna.",0,sip
"Congratulations! Account activate karne ke liye ₹25,000 fee UPI investpro33@ybl pe bhejo. Bit.ly/inv238 par details dekho.",1,fee_scam
"Congratulations! मुनाफ़ा निकालने के लिए आपके फोन पर आया OTP बताइए और AnyDesk इंस्टॉल करें। Last chance, join now.",1,otp_vishing
"प्रिय ग्राहक, Limited period: exit load waiver till 25/09 on SBI Bluechip. Mutual fund investments are subject to market risks.",0,amc_offer
"Dear sir/madam, प्री-IPO शेयर 40% सस्ते, इंस्टिट्यूशनल अकाउंट से अलॉटमेंट पक्का। Limited slots. Reply YES to confirm.",1,preipo
"HI, NAV OF HDFC FLEXI CAP AS ON 3 NOV IS RS 134.09. MUTUAL FUND INVESTMENTS ARE SUBJECT TO MARKET RISKS, READ ALL SCHEME RELATED DOCUMENTS CAREFULLY.",0,nav
"Dear customer, New fund offer from SBI Bluechip opens on 1st. Please read the offer document. Visit the official website. SBI Bluechip का नया फंड ऑफर 1st से खुल रहा है। ऑफर डॉक्यूमेंट ध्यान से पढ़ें।",0,amc_offer
"प्रिय ग्राहक, KYC पूरा करने के लिए आधिकारिक वेबसाइट या नज़दीकी शाखा जाएँ। OTP किसी को न बताएँ।",0,kyc
"Hi, 3 Nov को HDFC Flexi Cap का NAV Rs 388.62 है। म्यूचुअल फंड निवेश बाज़ार जोखिमों के अधीन हैं। 🚀",0,nav
"बधाई हो! पैसा दोगुना करें, कोई रिस्क नहीं, पक्का रिटर्न। Earning start karne ke liye ye app install karo: dl.profitapp.in/app.apk",1,guaranteed
"प्रिय ग्राहक, 1st को Axis Midcap का NAV Rs 146.26 है। म्यूचुअल फंड निवेश बाज़ार जोखिमों के अधीन हैं। 🚀",0,nav
Dhokhe se bacho: pakka profit ka vaada karne wale group se door rahe. Sirf SEBI registered se milo.,0,advisory
"प्रिय ग्राहक, Your UPI payment of Rs 2537 to the merchant was successful on 25/09.",0,bank
"प्रिय ग्राहक, आपकी RS 10000 की SIP 3 NOV तारीख को कटेगी। खाते में बैलेंस रखें।",0,sip
"Hi, Processing fee ₹5,000 required to unlock your profit, send to 9842949200@paytm. एक्सपर्ट टीम से रोज़ जैकपॉट स्टॉक कॉल्स पाएँ, ग्रुप जॉइन करें। Only 3 seats left, hurry! Bit.ly/inv288 par details dekho.",1,fee_scam
"HI, PRE-IPO SHARES SASTA MIL RAHA HAI, ALLOTMENT PAKKA, SIRF KUCH SLOTS. ONLY 5 SEATS LEFT, HURRY!",1,preipo
"CONGRATULATIONS! HAMARE VIP TELEGRAM GROUP ME JOIN KARO, DAILY SURE SHOT TIPS MILENGE. ऑफ़र आज खत्म, जल्दी करें। SIRF 8 SEATS BACHI, JALDI KARO!",1,tips_group
VK-INFO: Happy Diwali! Wishing you and family a prosperous year.,0,chat
"Your SIP of ₹50,000 in SBI Bluechip will be processed on 12 Oct. Please maintain sufficient balance.",0,sip
VK-INFO: OTP for your transaction is 483014. Do not share it with anyone. Valid for 10 minutes. 👍,0,bank
"प्रिय ग्राहक, Meeting at 5 pm, please bring the demat account documents. 🚀",0,chat
"Hello sir, Install the new official app trade-33.apk and get a free bonus.",1,fake_app
"Hi, Processing fee ₹5,000 required to unlock your profit, send to investpro87@ybl. 💰",1,fee_scam
Download our trading app from this link to start earning: bit.ly/inv16 100% SEBI approved expert. Limited slots. Reply YES to confirm.,1,fake_app
"HELLO SIR, एक्सपर्ट टीम से रोज़ जैकपॉट स्टॉक कॉल्स पाएँ, ग्रुप जॉइन करें। DOWNLOAD OUR TRADING APP FROM THIS LINK TO START EARNING: BIT.LY/INV20 DETAILS: T.ME/INV134 BIT.LY/INV134 PAR DETAILS DEKHO.",1,tips_group
"बधाई हो! TO RELEASE YOUR PROFIT, SHARE THE OTP RECEIVED AND INSTALL ANYDESK SO OUR AGENT CAN HELP. BIT.LY/INV812 PAR DETAILS DEKHO. OFFER ENDS TODAY.",1,otp_vishing
"सुनिए, PRE-IPO SHARES SASTA MIL RAHA HAI, ALLOTMENT PAKKA, SIRF KUCH SLOTS.",1,preipo
"Hi, Profit withdraw karne ke liye OTP bhejo aur TeamViewer install karo.",1,otp_vishing
"सुनिए, ₹25,000 lagao aur har mahine 30% pakka profit pao, risk zero. ऑफ़र आज खत्म, जल्दी करें। Offer ends today.",1,guaranteed
"प्रिय ग्राहक, KYC पूरा करने के लिए आधिकारिक वेबसाइट या नज़दीकी शाखा जाएँ। OTP किसी को न बताएँ।",0,kyc
"Congratulations! Profit withdraw karne ke liye OTP bhejo aur TeamViewer install karo. 100% SEBI approved expert. Last chance, join now.",1,otp_vishing
"Dear customer, Rs 4580 debited from A/c XX6 on 25/09. If not you, call the bank helpline. Never share OTP.",0,bank
"NAV of HDFC Flexi Cap as on 3 Nov is Rs 74.51. Mutual fund investments are subject to market risks, read all scheme related documents carefully.",0,nav
"Hi, NAV of Parag Parikh Flexi Cap as on 5th is Rs 205.74. Mutual fund investments are subject to market risks, read all scheme related documents carefully. 💰",0,nav
"प्रिय ग्राहक, Contract note for trades done on 3 Nov has been sent to your registered email. Check your app for details.",0,contract_note
12 Oct को Axis Midcap का NAV Rs 297.02 है। म्यूचुअल फंड निवेश बाज़ार जोखिमों के अधीन हैं।,0,nav
"Hi, SIP ka ₹50,000 25/09 ko katega, balance rakhna.",0,sip
"Namaste, Download our trading app from this link to start earning: bit.ly/inv59 अकाउंट चालू करने के लिए ₹25,000 रजिस्ट्रेशन फीस UPI 9896230780@paytm पर भेजें। Last chance, join now. ऑफ़र आज खत्म, जल्दी करें।",1,fake_app
"Congratulations! Pre-IPO shares at 40% discount through our institutional account, allotment guaranteed. सिर्फ़ 3 सीट बाकी, आज ही! 100% SEBI approved expert. 👍",1,preipo
"Hi, Beta, did you check the mutual fund statement? Call me in the evening.",0,chat
"Dear sir/madam, आपका Angel One अकाउंट अपडेट करें वरना बंद हो जाएगा: angelone-kyc.com Invest ₹50,000 and get guaranteed 50% returns every month. Details: t.me/inv159 ऑफ़र आज खत्म, जल्दी करें।",1,fake_broker
"सुनिए, Pre-IPO shares at 40% discount through our institutional account, allotment guaranteed. Pay a registration fee of ₹5,000 on UPI investpro31@ybl to activate your account. Details: t.me/inv515",1,preipo
"Hello sir, Block deal opportunity in unlisted shares, limited slots, invest before listing. Sirf 4 seats bachi, jaldi karo! 💰",1,preipo
"बधाई हो! Profit withdraw karne ke liye OTP bhejo aur TeamViewer install karo. Paisa double in 15 din, guarantee ke saath. सेबी रजिस्टर्ड एक्सपर्ट।",1,otp_vishing
"Namaste, आपका Zerodha अकाउंट अपडेट करें वरना बंद हो जाएगा: zerodha-pro.in Details: t.me/inv731 💰",1,fake_broker
"प्रिय ग्राहक, Please complete your KYC at our official website or nearest branch. Do not share OTP with anyone.",0,kyc
"पैसा दोगुना करें, कोई रिस्क नहीं, पक्का रिटर्न। ऑफ़र आज खत्म, जल्दी करें।",1,guaranteed
बधाई हो! Download our trading app from this link to start earning: bit.ly/inv63 Bit.ly/inv768 par details dekho.,1,fake_app
"Congratulations! आपका Groww अकाउंट अपडेट करें वरना बंद हो जाएगा: groww-app.in Sirf 2 seats bachi, jaldi karo!",1,fake_broker
"Hi, Learn what a nominee is in your demat account. Add a nominee online through your DP.",0,education
"Namaste, Processing fee ₹25,000 required to unlock your profit, send to investpro56@ybl. Sirf 7 seats bachi, jaldi karo!",1,fee_scam
"TO RELEASE YOUR PROFIT, SHARE THE OTP RECEIVED AND INSTALL ANYDESK SO OUR AGENT CAN HELP. ऑफ़र आज खत्म, जल्दी करें। DETAILS: T.ME/INV165",1,otp_vishing
"Dear sir/madam, Your Upstox account needs urgent update. Login at upstox-login.in to avoid suspension. Our operator group gives jackpot stock calls every morning, join now. Offer ends today. 100% SEBI approved expert.",1,fake_broker
"YOUR SIP OF ₹25,000 IN AXIS MIDCAP WILL BE PROCESSED ON 3 NOV. PLEASE MAINTAIN SUFFICIENT BALANCE. आपकी ₹25,000 की SIP 3 NOV तारीख को कटेगी। खाते में बैलेंस रखें।",0,sip
KYC पूरा करने के लिए आधिकारिक वेबसाइट या नज़दीकी शाखा जाएँ। OTP किसी को न बताएँ।,0,kyc
"Dear customer, 5th को Parag Parikh Flexi Cap का NAV Rs 99.73 है। म्यूचुअल फंड निवेश बाज़ार जोखिमों के अधीन हैं। 5th को Parag Parikh Flexi Cap का NAV Rs 99.73 है। म्यूचुअल फंड निवेश बाज़ार जोखिमों के अधीन हैं। 🚀",0,nav
"प्रिय ग्राहक, डीमैट अकाउंट में नॉमिनी जोड़ना क्यों ज़रूरी है, जानिए आधिकारिक वेबसाइट पर। Learn what a nominee is in your demat account. Add a nominee online through your DP.",0,education
"Hello sir, Download our trading app from this link to start earning: dl.profitapp.in/app.apk Profit withdraw karne ke liye OTP bhejo aur TeamViewer install karo. सिर्फ़ 9 सीट बाकी, आज ही!",1,fake_app
"प्रिय ग्राहक, MEETING AT 5 PM, PLEASE BRING THE DEMAT ACCOUNT DOCUMENTS.",0,chat
"VK-INFO: Rs 6217 debited from A/c XX7 on 5th. If not you, call the bank helpline. Never share OTP.",0,bank
"बधाई हो! Processing fee ₹50,000 required to unlock your profit, send to 9834888177@paytm. Only 9 seats left, hurry! Details: t.me/inv418",1,fee_scam
Learn what a nominee is in your demat account. Add a nominee online through your DP.,0,education
"Hi, NAV of HDFC Flexi Cap as on 1st is Rs 225.33. Mutual fund investments are subject to market risks, read all scheme related documents carefully.",0,nav
"Namaste, Profit withdraw karne ke liye OTP bhejo aur TeamViewer install karo. Offer ends today. ऑफ़र आज खत्म, जल्दी करें।",1,otp_vishing
"CONGRATULATIONS! PAY A REGISTRATION FEE OF ₹50,000 ON UPI INVESTPRO84@YBL TO ACTIVATE YOUR ACCOUNT. 100% SEBI APPROVED EXPERT. ONLY 9 SEATS LEFT, HURRY!",1,fee_scam
VK-INFO: OTP for your transaction is 894800. Do not share it with anyone. Valid for 10 minutes.,0,bank
VK-INFO: NEW FUND OFFER FROM SBI BLUECHIP OPENS ON 1ST. PLEASE READ THE OFFER DOCUMENT. VISIT THE OFFICIAL WEBSITE.,0,amc_offer
"VK-INFO: Your SIP of ₹5,000 in Axis Midcap will be processed on 1st. Please maintain sufficient balance. SIP ka ₹5,000 1st ko katega, balance rakhna.",0,sip
"Namaste, Your Angel One account needs urgent update. Login at angelone-kyc.com to avoid suspension. Last chance, join now.",1,fake_broker
"Hello sir, To release your profit, share the OTP received and install AnyDesk so our agent can help. ₹5,000 lagao aur har mahine 20% pakka profit pao, risk zero.",1,otp_vishing
"Namaste, Hamare VIP Telegram group me join karo, daily sure shot tips milenge. Send your PIN and OTP to complete KYC verification now.",1,tips_group
"Hi, Your UPI payment of Rs 5321 to the merchant was successful on 3 Nov.",0,bank
"Hi, Groww Pro offers special IPO allotment. Register at groww-india.xyz.",1,fake_broker
"Your SIP of ₹5,000 in Parag Parikh Flexi Cap will be processed on 1st. Please maintain sufficient balance.",0,sip
"Zerodha Pro offers special IPO allotment. Register at zerodha-kyc.net. Details: t.me/inv952 Sirf 9 seats bachi, jaldi karo! 💰",1,fake_broker
VK-INFO: SEBI advisory: Beware of guaranteed returns and unregistered tips groups. Verify advisers on the SEBI website.,0,advisory
Limited period: exit load waiver till 25/09 on Parag Parikh Flexi Cap. Mutual fund investments are subject to market risks. Limited period: exit load waiver till 25/09 on Parag Parikh Flexi Cap. Mutual fund investments are subject to market risks. 👍,0,amc_offer
"Hi, Double your money in 30 days, guaranteed by our fund manager. Account activate karne ke liye ₹50,000 fee UPI 9803165521@paytm pe bhejo. Offer ends today. 💰",1,guaranteed
5th के ट्रेड का कॉन्ट्रैक्ट नोट आपके रजिस्टर्ड ईमेल पर भेजा गया है।,0,contract_note
"Namaste, Invest 10 हज़ार and get guaranteed 300% returns every month. Processing fee 10 हज़ार required to unlock your profit, send to 9831382815@paytm. Only 7 seats left, hurry!",1,guaranteed
"Processing fee ₹5,000 required to unlock your profit, send to investpro96@ybl. SEBI registered. Last chance, join now.",1,fee_scam
"Namaste, अकाउंट चालू करने के लिए Rs 10000 रजिस्ट्रेशन फीस UPI investpro97@ybl पर भेजें। Zerodha Pro offers special IPO allotment. Register at zer0dha.com. 100% SEBI approved expert.",1,fee_scam
"HELLO SIR, GET INSIDER STOCK TIPS FROM OUR EXPERT TEAM IN THE PREMIUM WHATSAPP CHANNEL. ₹50,000 LAGAO AUR HAR MAHINE 30% PAKKA PROFIT PAO, RISK ZERO. 100% SEBI APPROVED EXPERT. सिर्फ़ 7 सीट बाकी, आज ही!",1,tips_group
"Congratulations! Processing fee ₹25,000 required to unlock your profit, send to investpro81@ybl. Earning start karne ke liye ye app install karo: bit.ly/inv25 Offer ends today.",1,fee_scam
"प्रिय ग्राहक, KYC pura karne ke liye branch jaye ya official site dekhe. OTP kisi ko na de.",0,kyc
"Dear sir/madam, Double your money in 7 days, guaranteed by our fund manager. Profit withdraw karne ke liye OTP bhejo aur TeamViewer install karo.",1,guaranteed
VK-INFO: 3 Nov के ट्रेड का कॉन्ट्रैक्ट नोट आपके रजिस्टर्ड ईमेल पर भेजा गया है।,0,contract_note
"Meeting at 5 pm, please bring the demat account documents.",0,chat
"Hello sir, कमाई शुरू करने के लिए हमारा ऐप डाउनलोड करें: bit.ly/inv47 Only 6 seats left, hurry! ऑफ़र आज खत्म, जल्दी करें।",1,fake_app
SBI Bluechip का नया फंड ऑफर 5th से खुल रहा है। ऑफर डॉक्यूमेंट ध्यान से पढ़ें।,0,amc_offer
Your UPI payment of Rs 2787 to the merchant was successful on 3 Nov. OTP for your transaction is 347543. Do not share it with anyone. Valid for 10 minutes.,0,bank
Fake apps and sure shot tips are scams. Never share OTP. Report fraud on 1930 or cybercrime.gov.in.,0,advisory
"प्रिय ग्राहक, SEBI advisory: Beware of guaranteed returns and unregistered tips groups. Verify advisers on the SEBI website. सावधान: गारंटीड रिटर्न और टिप्स वाले ग्रुप से बचें। SEBI की वेबसाइट पर सलाहकार जाँचें। 🚀",0,advisory
"Dear customer, OTP for your transaction is 417980. Do not share it with anyone. Valid for 10 minutes.",0,bank
VK-INFO: सावधान: गारंटीड रिटर्न और टिप्स वाले ग्रुप से बचें। SEBI की वेबसाइट पर सलाहकार जाँचें। 🚀,0,advisory
"प्रिय ग्राहक, NAV of Axis Midcap as on 5th is Rs 352.42. Mutual fund investments are subject to market risks, read all scheme related documents carefully.",0,nav
"Dear investor, मुनाफ़ा निकालने के लिए आपके फोन पर आया OTP बताइए और AnyDesk इंस्टॉल करें। अकाउंट चालू करने के लिए ₹25,000 रजिस्ट्रेशन फीस UPI investpro60@ybl पर भेजें। Last chance, join now.",1,otp_vishing
"सुनिए, Aapka Groww account band hone wala hai, abhi update karo: groww-india.xyz Aaj ka jackpot stock call chahiye? Premium group join karo. Offer ends today.",1,fake_broker
Fake apps and sure shot tips are scams. Never share OTP. Report fraud on 1930 or cybercrime.gov.in.,0,advisory
VK-INFO: Please complete your KYC at our official website or nearest branch. Do not share OTP with anyone. Please complete your KYC at our official website or nearest branch. Do not share OTP with anyone.,0,kyc
"DEAR SIR/MADAM, प्री-IPO शेयर 40% सस्ते, इंस्टिट्यूशनल अकाउंट से अलॉटमेंट पक्का। OFFER ENDS TODAY.",1,preipo
"पापा, म्यूचुअल फंड की स्टेटमेंट देखी क्या? शाम को फोन करना।",0,chat
"Dear customer, Bhai kal milte hai, SIP ke baare me baat karni hai.",0,chat
"Dear customer, 12 Oct को Nippon Small Cap का NAV Rs 285.77 है। म्यूचुअल फंड निवेश बाज़ार जोखिमों के अधीन हैं। NAV of Nippon Small Cap as on 12 Oct is Rs 285.77. Mutual fund investments are subject to market risks, read all scheme related documents carefully.",0,nav
"प्रिय ग्राहक, 12 Oct के ट्रेड का कॉन्ट्रैक्ट नोट आपके रजिस्टर्ड ईमेल पर भेजा गया है। 👍",0,contract_note
"Hi, Processing fee ₹50,000 required to unlock your profit, send to investpro90@ybl.",1,fee_scam
"Our operator group gives jackpot stock calls every morning, join now. ऑफ़र आज खत्म, जल्दी करें।",1,tips_group
"Dear investor, 100% assured profit, zero risk, withdraw anytime. Details: t.me/inv709",1,guaranteed
VK-INFO: Learn what a nominee is in your demat account. Add a nominee online through your DP.,0,education
"Hi, Contract note for trades done on 5th has been sent to your registered email. Check your app for details.",0,contract_note
"Hello sir, Pre-IPO shares sasta mil raha hai, allotment pakka, sirf kuch slots.",1,preipo
"प्रिय ग्राहक, Nominee kaise add kare demat account me? Apne DP ki website par jaye.",0,education
KYC pura karne ke liye branch jaye ya official site dekhe. OTP kisi ko na de. Please complete your KYC at our official website or nearest branch. Do not share OTP with anyone.,0,kyc
"प्रिय ग्राहक, HAPPY DIWALI! WISHING YOU AND FAMILY A PROSPEROUS YEAR.",0,chat
"Hello bhai, Profit withdraw karne ke liye OTP bhejo aur TeamViewer install karo. Get insider stock tips from our expert team in the premium Telegram channel.",1,otp_vishing
"बधाई हो! Join our VIP WhatsApp group for sure shot intraday tips and daily calls. ऑफ़र आज खत्म, जल्दी करें।",1,tips_group
"Namaste, कमाई शुरू करने के लिए हमारा ऐप डाउनलोड करें: dl.profitapp.in/app.apk हमारे VIP Telegram ग्रुप में जुड़ें, रोज़ पक्के इंट्राडे टिप्स मिलेंगे। Bit.ly/inv553 par details dekho. सेबी रजिस्टर्ड एक्सपर्ट।",1,fake_app
"Hello bhai, Account activate karne ke liye Rs 10000 fee UPI 9827092829@paytm pe bhejo. Download our trading app from this link to start earning: bit.ly/inv17 100% SEBI approved expert. सेबी रजिस्टर्ड एक्सपर्ट।",1,fee_scam
"Hello bhai, Pre-IPO shares at 40% discount through our institutional account, allotment guaranteed.",1,preipo
"1st को Axis Midcap का NAV Rs 334.14 है। म्यूचुअल फंड निवेश बाज़ार जोखिमों के अधीन हैं। NAV of Axis Midcap as on 1st is Rs 334.14. Mutual fund investments are subject to market risks, read all scheme related documents carefully.",0,nav
"HI, 10 हज़ार LAGAO AUR HAR MAHINE 10% PAKKA PROFIT PAO, RISK ZERO. PROFIT WITHDRAW KARNE KE LIYE OTP BHEJO AUR TEAMVIEWER INSTALL KARO.",1,guaranteed
"Rs 6578 debited from A/c XX5 on 5th. If not you, call the bank helpline. Never share OTP.",0,bank
"Dear customer, Limited period: exit load waiver till 3 Nov on HDFC Flexi Cap. Mutual fund investments are subject to market risks. New fund offer from HDFC Flexi Cap opens on 3 Nov. Please read the offer document. Visit the official website.",0,amc_offer
"10 हज़ार लगाइए और हर महीने 15% का गारंटीड मुनाफ़ा पाइए। Sirf 7 seats bachi, jaldi karo! Only 7 seats left, hurry!",1,guaranteed
"Dear sir/madam, प्री-IPO शेयर 40% सस्ते, इंस्टिट्यूशनल अकाउंट से अलॉटमेंट पक्का। 100% SEBI approved expert. Limited slots. Reply YES to confirm.",1,preipo
"Namaste, ₹50,000 लगाइए और हर महीने 15% का गारंटीड मुनाफ़ा पाइए। प्री-IPO शेयर 40% सस्ते, इंस्टिट्यूशनल अकाउंट से अलॉटमेंट पक्का। Offer ends today.",1,guaranteed
"सुनिए, Hamare VIP WhatsApp group me join karo, daily sure shot tips milenge. Bit.ly/inv938 par details dekho. 💰",1,tips_group
"Dear customer, Nominee kaise add kare demat account me? Apne DP ki website par jaye. डीमैट अकाउंट में नॉमिनी जोड़ना क्यों ज़रूरी है, जानिए आधिकारिक वेबसाइट पर।",0,education
Dhokhe se bacho: pakka profit ka vaada karne wale group se door rahe. Sirf SEBI registered se milo. SEBI advisory: Beware of guaranteed returns and unregistered tips groups. Verify advisers on the SEBI website.,0,advisory
"बधाई हो! मुनाफ़ा निकालने के लिए आपके फोन पर आया OTP बताइए और AnyDesk इंस्टॉल करें। Invest ₹25,000 and get guaranteed 300% returns every month. Sirf 7 seats bachi, jaldi karo!",1,otp_vishing
3 Nov के ट्रेड का कॉन्ट्रैक्ट नोट आपके रजिस्टर्ड ईमेल पर भेजा गया है। 🚀,0,contract_note
"सुनिए, SEND YOUR PIN AND OTP TO COMPLETE KYC VERIFICATION NOW. ACCOUNT ACTIVATE KARNE KE LIYE ₹50,000 FEE UPI INVESTPRO80@YBL PE BHEJO. सेबी रजिस्टर्ड एक्सपर्ट। 🚀",1,otp_vishing
"प्रिय ग्राहक, आपकी ₹50,000 की SIP 25/09 तारीख को कटेगी। खाते में बैलेंस रखें।",0,sip
"VK-INFO: SIP ka ₹25,000 12 Oct ko katega, balance rakhna. Your SIP of ₹25,000 in Parag Parikh Flexi Cap will be processed on 12 Oct. Please maintain sufficient balance.",0,sip
OTP for your transaction is 817519. Do not share it with anyone. Valid for 10 minutes.,0,bank
"Congratulations! Pre-IPO shares at 40% discount through our institutional account, allotment guaranteed. 10 हज़ार लगाइए और हर महीने 15% का गारंटीड मुनाफ़ा पाइए। ऑफ़र आज खत्म, जल्दी करें। SEBI registered.",1,preipo
"Dear sir/madam, Profit withdraw karne ke liye OTP bhejo aur TeamViewer install karo. Aapka Angel One account band hone wala hai, abhi update karo: angelone-kyc.com Bit.ly/inv608 par details dekho.",1,otp_vishing
"Dear sir/madam, Download our trading app from this link to start earning: dl.profitapp.in/app.apk",1,fake_app
"Hi, आपकी ₹50,000 की SIP 12 Oct तारीख को कटेगी। खाते में बैलेंस रखें। आपकी ₹50,000 की SIP 12 Oct तारीख को कटेगी। खाते में बैलेंस रखें।",0,sip
"Dear sir/madam, एक्सपर्ट टीम से रोज़ जैकपॉट स्टॉक कॉल्स पाएँ, ग्रुप जॉइन करें। सेबी रजिस्टर्ड एक्सपर्ट। सिर्फ़ 5 सीट बाकी, आज ही!",1,tips_group
"Namaste, प्री-IPO शेयर 40% सस्ते, इंस्टिट्यूशनल अकाउंट से अलॉटमेंट पक्का। सेबी रजिस्टर्ड एक्सपर्ट।",1,preipo
"बधाई हो! Block deal opportunity in unlisted shares, limited slots, invest before listing. Aapka Upstox account band hone wala hai, abhi update karo: upst0x.com Sirf 3 seats bachi, jaldi karo! 👍",1,preipo
"Congratulations! Aaj ka jackpot stock call chahiye? Premium group join karo. Paisa double in 7 din, guarantee ke saath. Limited slots. Reply YES to confirm. Last chance, join now.",1,tips_group
"Hello bhai, एक्सपर्ट टीम से रोज़ जैकपॉट स्टॉक कॉल्स पाएँ, ग्रुप जॉइन करें। सिर्फ़ 2 सीट बाकी, आज ही!",1,tips_group
VK-INFO: LEARN WHAT A NOMINEE IS IN YOUR DEMAT ACCOUNT. ADD A NOMINEE ONLINE THROUGH YOUR DP.,0,education
"Hi, पैसा दोगुना करें, कोई रिस्क नहीं, पक्का रिटर्न।",1,guaranteed
"NAV of Parag Parikh Flexi Cap as on 12 Oct is Rs 267.96. Mutual fund investments are subject to market risks, read all scheme related documents carefully.",0,nav
"प्रिय ग्राहक, KYC पूरा करने के लिए आधिकारिक वेबसाइट या नज़दीकी शाखा जाएँ। OTP किसी को न बताएँ।",0,kyc
VK-INFO: YOUR SIP OF RS 10000 IN HDFC FLEXI CAP WILL BE PROCESSED ON 5TH. PLEASE MAINTAIN SUFFICIENT BALANCE. आपकी RS 10000 की SIP 5TH तारीख को कटेगी। खाते में बैलेंस रखें।,0,sip
Parag Parikh Flexi Cap का नया फंड ऑफर 1st से खुल रहा है। ऑफर डॉक्यूमेंट ध्यान से पढ़ें।,0,amc_offer
"NAMASTE, PAISA DOUBLE IN 30 DIN, GUARANTEE KE SAATH. LAST CHANCE, JOIN NOW.",1,guaranteed
"Hi, सावधान: गारंटीड रिटर्न और टिप्स वाले ग्रुप से बचें। SEBI की वेबसाइट पर सलाहकार जाँचें। Fake apps and sure shot tips are scams. Never share OTP. Report fraud on 1930 or cybercrime.gov.in.",0,advisory
"Hi, Processing fee 10 हज़ार required to unlock your profit, send to investpro44@ybl. 10 हज़ार lagao aur har mahine 20% pakka profit pao, risk zero. Offer ends today.",1,fee_scam
"Dear investor, Hamare VIP Telegram group me join karo, daily sure shot tips milenge. Details: t.me/inv537 Only 2 seats left, hurry!",1,tips_group
"सुनिए, Our operator group gives jackpot stock calls every morning, join now. 100% SEBI approved expert.",1,tips_group
"Dear investor, Block deal opportunity in unlisted shares, limited slots, invest before listing. Earning start karne ke liye ye app install karo: bit.ly/inv57 Last chance, join now. ऑफ़र आज खत्म, जल्दी करें।",1,preipo
"प्रिय ग्राहक, NAV of Parag Parikh Flexi Cap as on 5th is Rs 203.1. Mutual fund investments are subject to market risks, read all scheme related documents carefully. 🚀",0,nav
VK-INFO: Aapke 1st ke trades ka contract note email par bhej diya gaya hai. Contract note for trades done on 1st has been sent to your registered email. Check your app for details.,0,contract_note
"Dear investor, आपका Angel One अकाउंट अपडेट करें वरना बंद हो जाएगा: angel0ne.in अकाउंट चालू करने के लिए ₹25,000 रजिस्ट्रेशन फीस UPI investpro91@ybl पर भेजें।",1,fake_broker
VK-INFO: NOMINEE KAISE ADD KARE DEMAT ACCOUNT ME? APNE DP KI WEBSITE PAR JAYE.,0,education
कमाई शुरू करने के लिए हमारा ऐप डाउनलोड करें: bit.ly/inv56 Details: t.me/inv643 सेबी रजिस्टर्ड एक्सपर्ट।,1,fake_app
मुनाफ़ा निकालने के लिए आपके फोन पर आया OTP बताइए और AnyDesk इंस्टॉल करें।,1,otp_vishing
"Dear investor, Our operator group gives jackpot stock calls every morning, join now. Bit.ly/inv670 par details dekho.",1,tips_group
VK-INFO: HAPPY DIWALI! WISHING YOU AND FAMILY A PROSPEROUS YEAR. 👍,0,chat
"Hi, Aapke 25/09 ke trades ka contract note email par bhej diya gaya hai. 👍",0,contract_note
"बधाई हो! हमारे VIP WhatsApp ग्रुप में जुड़ें, रोज़ पक्के इंट्राडे टिप्स मिलेंगे। Only 5 seats left, hurry!",1,tips_group
"Dear customer, Rs 587 debited from A/c XX2 on 12 Oct. If not you, call the bank helpline. Never share OTP.",0,bank
"प्रिय ग्राहक, Nominee kaise add kare demat account me? Apne DP ki website par jaye.",0,education
"Namaste, एक्सपर्ट टीम से रोज़ जैकपॉट स्टॉक कॉल्स पाएँ, ग्रुप जॉइन करें।",1,tips_group
VK-INFO: NOMINEE KAISE ADD KARE DEMAT ACCOUNT ME? APNE DP KI WEBSITE PAR JAYE. NOMINEE KAISE ADD KARE DEMAT ACCOUNT ME? APNE DP KI WEBSITE PAR JAYE.,0,education
"प्रिय ग्राहक, 25/09 को SBI Bluechip का NAV Rs 110.57 है। म्यूचुअल फंड निवेश बाज़ार जोखिमों के अधीन हैं।",0,nav
"Dear customer, डीमैट अकाउंट में नॉमिनी जोड़ना क्यों ज़रूरी है, जानिए आधिकारिक वेबसाइट पर।",0,education
"HI, PROCESSING FEE ₹50,000 REQUIRED TO UNLOCK YOUR PROFIT, SEND TO 9883787458@PAYTM. TO RELEASE YOUR PROFIT, SHARE THE OTP RECEIVED AND INSTALL ANYDESK SO OUR AGENT CAN HELP. ONLY 7 SEATS LEFT, HURRY! BIT.LY/INV742 PAR DETAILS DEKHO.",1,fee_scam
"Dear sir/madam, Invest ₹5,000 and get guaranteed 15% returns every month. Sirf 4 seats bachi, jaldi karo!",1,guaranteed
VK-INFO: KYC pura karne ke liye branch jaye ya official site dekhe. OTP kisi ko na de. KYC पूरा करने के लिए आधिकारिक वेबसाइट या नज़दीकी शाखा जाएँ। OTP किसी को न बताएँ।,0,kyc
"Bhai kal milte hai, SIP ke baare me baat karni hai. Meeting at 5 pm, please bring the demat account documents. 👍",0,chat
"प्रिय ग्राहक, 12 Oct को Nippon Small Cap का NAV Rs 357.71 है। म्यूचुअल फंड निवेश बाज़ार जोखिमों के अधीन हैं। 👍",0,nav
"प्रिय ग्राहक, 12 OCT को AXIS MIDCAP का NAV RS 107.77 है। म्यूचुअल फंड निवेश बाज़ार जोखिमों के अधीन हैं। NAV OF AXIS MIDCAP AS ON 12 OCT IS RS 107.77. MUTUAL FUND INVESTMENTS ARE SUBJECT TO MARKET RISKS, READ ALL SCHEME RELATED DOCUMENTS CAREFULLY.",0,nav
KYC पूरा करने के लिए आधिकारिक वेबसाइट या नज़दीकी शाखा जाएँ। OTP किसी को न बताएँ।,0,kyc
KYC पूरा करने के लिए आधिकारिक वेबसाइट या नज़दीकी शाखा जाएँ। OTP किसी को न बताएँ।,0,kyc
"Invest Rs 10000 and get guaranteed 15% returns every month. प्री-IPO शेयर 40% सस्ते, इंस्टिट्यूशनल अकाउंट से अलॉटमेंट पक्का। SEBI registered.",1,guaranteed
"HI, 5TH को NIPPON SMALL CAP का NAV RS 373.99 है। म्यूचुअल फंड निवेश बाज़ार जोखिमों के अधीन हैं। 5TH को NIPPON SMALL CAP का NAV RS 373.99 है। म्यूचुअल फंड निवेश बाज़ार जोखिमों के अधीन हैं।",0,nav
"प्रिय ग्राहक, Rs 332 debited from A/c XX4 on 3 Nov. If not you, call the bank helpline. Never share OTP.",0,bank
VK-INFO: 25/09 के ट्रेड का कॉन्ट्रैक्ट नोट आपके रजिस्टर्ड ईमेल पर भेजा गया है।,0,contract_note
"VK-INFO: BETA, DID YOU CHECK THE MUTUAL FUND STATEMENT? CALL ME IN THE EVENING.",0,chat
"Hello sir, Pre-IPO shares sasta mil raha hai, allotment pakka, sirf kuch slots. 100% SEBI approved expert. 🚀",1,preipo
"Pay a registration fee of ₹50,000 on UPI investpro66@ybl to activate your account. मुनाफ़ा निकालने के लिए आपके फोन पर आया OTP बताइए और AnyDesk इंस्टॉल करें। SEBI registered.",1,fee_scam
"प्रिय ग्राहक, KYC pura karne ke liye branch jaye ya official site dekhe. OTP kisi ko na de. KYC पूरा करने के लिए आधिकारिक वेबसाइट या नज़दीकी शाखा जाएँ। OTP किसी को न बताएँ।",0,kyc
"Hi, New fund offer from HDFC Flexi Cap opens on 1st. Please read the offer document. Visit the official website.",0,amc_offer
"Dear customer, 25/09 को Nippon Small Cap का NAV Rs 98.54 है। म्यूचुअल फंड निवेश बाज़ार जोखिमों के अधीन हैं।",0,nav
"Namaste, एक्सपर्ट टीम से रोज़ जैकपॉट स्टॉक कॉल्स पाएँ, ग्रुप जॉइन करें। पैसा दोगुना करें, कोई रिस्क नहीं, पक्का रिटर्न। सेबी रजिस्टर्ड एक्सपर्ट।",1,tips_group
"Hello sir, Download our trading app from this link to start earning: bit.ly/inv77 सिर्फ़ 6 सीट बाकी, आज ही! SEBI registered.",1,fake_app
Fake apps and sure shot tips are scams. Never share OTP. Report fraud on 1930 or cybercrime.gov.in. Dhokhe se bacho: pakka profit ka vaada karne wale group se door rahe. Sirf SEBI registered se milo.,0,advisory
SEBI advisory: Beware of guaranteed returns and unregistered tips groups. Verify advisers on the SEBI website. सावधान: गारंटीड रिटर्न और टिप्स वाले ग्रुप से बचें। SEBI की वेबसाइट पर सलाहकार जाँचें।,0,advisory
"Dear sir/madam, Block deal opportunity in unlisted shares, limited slots, invest before listing. Aapka Angel One account band hone wala hai, abhi update karo: angel0ne.in",1,preipo
"HELLO SIR, UPSTOX PRO OFFERS SPECIAL IPO ALLOTMENT. REGISTER AT UPST0X.COM. 100% SEBI APPROVED EXPERT. LIMITED SLOTS. REPLY YES TO CONFIRM.",1,fake_broker
"Hello sir, पैसा दोगुना करें, कोई रिस्क नहीं, पक्का रिटर्न। Offer ends today.",1,guaranteed
"Hi, 10 हज़ार lagao aur har mahine 10% pakka profit pao, risk zero. Send your PIN and OTP to complete KYC verification now. Offer ends today. SEBI registered.",1,guaranteed
"सुनिए, एक्सपर्ट टीम से रोज़ जैकपॉट स्टॉक कॉल्स पाएँ, ग्रुप जॉइन करें। Last chance, join now. ऑफ़र आज खत्म, जल्दी करें।",1,tips_group
LIMITED PERIOD: EXIT LOAD WAIVER TILL 3 NOV ON SBI BLUECHIP. MUTUAL FUND INVESTMENTS ARE SUBJECT TO MARKET RISKS.,0,amc_offer
"NAMASTE, SEND YOUR PIN AND OTP TO COMPLETE KYC VERIFICATION NOW. BIT.LY/INV997 PAR DETAILS DEKHO. LAST CHANCE, JOIN NOW.",1,otp_vishing
"VK-INFO: Bhai kal milte hai, SIP ke baare me baat karni hai.",0,chat
VK-INFO: 12 Oct के ट्रेड का कॉन्ट्रैक्ट नोट आपके रजिस्टर्ड ईमेल पर भेजा गया है। 👍,0,contract_note
SEBI advisory: Beware of guaranteed returns and unregistered tips groups. Verify advisers on the SEBI website. Dhokhe se bacho: pakka profit ka vaada karne wale group se door rahe. Sirf SEBI registered se milo.,0,advisory
"Congratulations! कमाई शुरू करने के लिए हमारा ऐप डाउनलोड करें: trade-97.apk अकाउंट चालू करने के लिए ₹50,000 रजिस्ट्रेशन फीस UPI investpro96@ybl पर भेजें। Only 4 seats left, hurry!",1,fake_app
Nominee kaise add kare demat account me? Apne DP ki website par jaye.,0,education
"Dear investor, 10 हज़ार लगाइए और हर महीने 15% का गारंटीड मुनाफ़ा पाइए। Limited slots. Reply YES to confirm.",1,guaranteed
VK-INFO: Please complete your KYC at our official website or nearest branch. Do not share OTP with anyone. 💰,0,kyc
"आपकी ₹25,000 की SIP 25/09 तारीख को कटेगी। खाते में बैलेंस रखें। आपकी ₹25,000 की SIP 25/09 तारीख को कटेगी। खाते में बैलेंस रखें।",0,sip
Dhokhe se bacho: pakka profit ka vaada karne wale group se door rahe. Sirf SEBI registered se milo. सावधान: गारंटीड रिटर्न और टिप्स वाले ग्रुप से बचें। SEBI की वेबसाइट पर सलाहकार जाँचें।,0,advisory
"VK-INFO: पापा, म्यूचुअल फंड की स्टेटमेंट देखी क्या? शाम को फोन करना।",0,chat
VK-INFO: Learn what a nominee is in your demat account. Add a nominee online through your DP.,0,education
"Hi, To release your profit, share the OTP received and install AnyDesk so our agent can help. ऑफ़र आज खत्म, जल्दी करें।",1,otp_vishing
VK-INFO: LIMITED PERIOD: EXIT LOAD WAIVER TILL 3 NOV ON SBI BLUECHIP. MUTUAL FUND INVESTMENTS ARE SUBJECT TO MARKET RISKS. NEW FUND OFFER FROM SBI BLUECHIP OPENS ON 3 NOV. PLEASE READ THE OFFER DOCUMENT. VISIT THE OFFICIAL WEBSITE.,0,amc_offer
"Dear customer, Your UPI payment of Rs 2234 to the merchant was successful on 25/09.",0,bank
"बधाई हो! Account activate karne ke liye 10 हज़ार fee UPI investpro68@ybl pe bhejo. सिर्फ़ 7 सीट बाकी, आज ही! 💰",1,fee_scam
"Happy Diwali! Wishing you and family a prosperous year. Bhai kal milte hai, SIP ke baare me baat karni hai.",0,chat
KYC पूरा करने के लिए आधिकारिक वेबसाइट या नज़दीकी शाखा जाएँ। OTP किसी को न बताएँ।,0,kyc
"प्रिय ग्राहक, Learn what a nominee is in your demat account. Add a nominee online through your DP. Nominee kaise add kare demat account me? Apne DP ki website par jaye.",0,education
VK-INFO: NEW FUND OFFER FROM AXIS MIDCAP OPENS ON 25/09. PLEASE READ THE OFFER DOCUMENT. VISIT THE OFFICIAL WEBSITE. NEW FUND OFFER FROM AXIS MIDCAP OPENS ON 25/09. PLEASE READ THE OFFER DOCUMENT. VISIT THE OFFICIAL WEBSITE.,0,amc_offer
"Hamare VIP Telegram group me join karo, daily sure shot tips milenge. सिर्फ़ 2 सीट बाकी, आज ही! Last chance, join now.",1,tips_group
"Hello sir, Get insider stock tips from our expert team in the premium WhatsApp channel. Bit.ly/inv662 par details dekho. Last chance, join now.",1,tips_group
VK-INFO: Fake apps and sure shot tips are scams. Never share OTP. Report fraud on 1930 or cybercrime.gov.in. Fake apps and sure shot tips are scams. Never share OTP. Report fraud on 1930 or cybercrime.gov.in.,0,advisory
12 Oct को SBI Bluechip का NAV Rs 349.61 है। म्यूचुअल फंड निवेश बाज़ार जोखिमों के अधीन हैं। 💰,0,nav
"Hi, Limited period: exit load waiver till 3 Nov on Parag Parikh Flexi Cap. Mutual fund investments are subject to market risks. Parag Parikh Flexi Cap का नया फंड ऑफर 3 Nov से खुल रहा है। ऑफर डॉक्यूमेंट ध्यान से पढ़ें।",0,amc_offer
"Namaste, Download our trading app from this link to start earning: trade-63.apk Sirf 9 seats bachi, jaldi karo! 👍",1,fake_app
"Dear sir/madam, Install the new official app dl.profitapp.in/app.apk and get a free bonus. Sirf 5 seats bachi, jaldi karo! Limited slots. Reply YES to confirm.",1,fake_app
Fake apps and sure shot tips are scams. Never share OTP. Report fraud on 1930 or cybercrime.gov.in. 👍,0,advisory
"Dear investor, एक्सपर्ट टीम से रोज़ जैकपॉट स्टॉक कॉल्स पाएँ, ग्रुप जॉइन करें। Profit withdraw karne ke liye OTP bhejo aur TeamViewer install karo.",1,tips_group
"बधाई हो! Aapka Paytm Money account band hone wala hai, abhi update karo: paytmmoney-pro.in Limited slots. Reply YES to confirm. SEBI registered.",1,fake_broker
1st को Axis Midcap का NAV Rs 156.51 है। म्यूचुअल फंड निवेश बाज़ार जोखिमों के अधीन हैं। 👍,0,nav
KYC pura karne ke liye branch jaye ya official site dekhe. OTP kisi ko na de.,0,kyc
"Hello bhai, Account activate karne ke liye Rs 10000 fee UPI investpro49@ybl pe bhejo. Join our VIP WhatsApp group for sure shot intraday tips and daily calls. Limited slots. Reply YES to confirm.",1,fee_scam
"सुनिए, 100% assured profit, zero risk, withdraw anytime. प्री-IPO शेयर 40% सस्ते, इंस्टिट्यूशनल अकाउंट से अलॉटमेंट पक्का। सिर्फ़ 9 सीट बाकी, आज ही! Last chance, join now.",1,guaranteed
"Hi, 100% assured profit, zero risk, withdraw anytime. आपका Zerodha अकाउंट अपडेट करें वरना बंद हो जाएगा: zerodha-kyc.net Limited slots. Reply YES to confirm.",1,guaranteed
"प्रिय ग्राहक, Fake apps and sure shot tips are scams. Never share OTP. Report fraud on 1930 or cybercrime.gov.in.",0,advisory
"Dear customer, Meeting at 5 pm, please bring the demat account documents.",0,chat
"Dear customer, NAV of Nippon Small Cap as on 25/09 is Rs 91.76. Mutual fund investments are subject to market risks, read all scheme related documents carefully. NAV of Nippon Small Cap as on 25/09 is Rs 91.76. Mutual fund investments are subject to market risks, read all scheme related documents carefully.",0,nav
"Hello bhai, Pre-IPO shares at 40% discount through our institutional account, allotment guaranteed. SEBI registered. Sirf 9 seats bachi, jaldi karo!",1,preipo
"100% ASSURED PROFIT, ZERO RISK, WITHDRAW ANYTIME. अकाउंट चालू करने के लिए ₹25,000 रजिस्ट्रेशन फीस UPI 9848188170@PAYTM पर भेजें। BIT.LY/INV403 PAR DETAILS DEKHO. सेबी रजिस्टर्ड एक्सपर्ट।",1,guaranteed
"Hello bhai, Download our trading app from this link to start earning: bit.ly/inv99 Double your money in 7 days, guaranteed by our fund manager. 100% SEBI approved expert. SEBI registered.",1,fake_app
"Dear sir/madam, पैसा दोगुना करें, कोई रिस्क नहीं, पक्का रिटर्न। Earning start karne ke liye ye app install karo: bit.ly/inv94 ऑफ़र आज खत्म, जल्दी करें।",1,guaranteed
"प्रिय ग्राहक, OTP for your transaction is 307439. Do not share it with anyone. Valid for 10 minutes.",0,bank
"Hello sir, Pay a registration fee of Rs 10000 on UPI investpro58@ybl to activate your account. कमाई शुरू करने के लिए हमारा ऐप डाउनलोड करें: dl.profitapp.in/app.apk SEBI registered.",1,fee_scam
"Dear customer, SBI Bluechip का नया फंड ऑफर 1st से खुल रहा है। ऑफर डॉक्यूमेंट ध्यान से पढ़ें। Limited period: exit load waiver till 1st on SBI Bluechip. Mutual fund investments are subject to market risks.",0,amc_offer
"Processing fee ₹50,000 required to unlock your profit, send to 9875826561@paytm. ₹50,000 lagao aur har mahine 10% pakka profit pao, risk zero. सिर्फ़ 4 सीट बाकी, आज ही! Offer ends today.",1,fee_scam
"Hi, KYC pura karne ke liye branch jaye ya official site dekhe. OTP kisi ko na de.",0,kyc
Zerodha Pro offers special IPO allotment. Register at zerodha-pro.in. Offer ends today.,1,fake_broker
10 हज़ार लगाइए और हर महीने 15% का गारंटीड मुनाफ़ा पाइए। SEBI registered.,1,guaranteed
"Hi, कमाई शुरू करने के लिए हमारा ऐप डाउनलोड करें: trade-16.apk Hamare VIP WhatsApp group me join karo, daily sure shot tips milenge. SEBI registered.",1,fake_app
"बधाई हो! 100% assured profit, zero risk, withdraw anytime. कमाई शुरू करने के लिए हमारा ऐप डाउनलोड करें: trade-67.apk Bit.ly/inv470 par details dekho. SEBI registered.",1,guaranteed
"Zerodha Pro offers special IPO allotment. Register at zer0dha.com. Double your money in 15 days, guaranteed by our fund manager. Only 7 seats left, hurry!",1,fake_broker
"Our operator group gives jackpot stock calls every morning, join now. 100% assured profit, zero risk, withdraw anytime.",1,tips_group
"Double your money in 15 days, guaranteed by our fund manager. ऑफ़र आज खत्म, जल्दी करें। 💰",1,guaranteed
"प्रिय ग्राहक, 3 Nov को Axis Midcap का NAV Rs 160.79 है। म्यूचुअल फंड निवेश बाज़ार जोखिमों के अधीन हैं। 🚀",0,nav
"Dear sir/madam, Your Angel One account needs urgent update. Login at angel0ne.in to avoid suspension. Only 3 seats left, hurry!",1,fake_broker
"सुनिए, पैसा दोगुना करें, कोई रिस्क नहीं, पक्का रिटर्न। Paytm Money Pro offers special IPO allotment. Register at paytmmoney-pro.in. Details: t.me/inv163",1,guaranteed
VK-INFO: Aapke 5th ke trades ka contract note email par bhej diya gaya hai.,0,contract_note
"प्रिय ग्राहक, Aapke 3 Nov ke trades ka contract note email par bhej diya gaya hai.",0,contract_note
"Hi, 12 Oct को Parag Parikh Flexi Cap का NAV Rs 281.58 है। म्यूचुअल फंड निवेश बाज़ार जोखिमों के अधीन हैं।",0,nav
Learn what a nominee is in your demat account. Add a nominee online through your DP.,0,education
Congratulations! Earning start karne ke liye ye app install karo: dl.profitapp.in/app.apk,1,fake_app
"प्रिय ग्राहक, Meeting at 5 pm, please bring the demat account documents. Happy Diwali! Wishing you and family a prosperous year.",0,chat
"Congratulations! 100% assured profit, zero risk, withdraw anytime. Only 4 seats left, hurry! 100% SEBI approved expert.",1,guaranteed
"DEAR SIR/MADAM, अकाउंट चालू करने के लिए ₹25,000 रजिस्ट्रेशन फीस UPI INVESTPRO47@YBL पर भेजें। DETAILS: T.ME/INV248",1,fee_scam
"Hi, Aaj ka jackpot stock call chahiye? Premium group join karo. Last chance, join now.",1,tips_group
VK-INFO: New fund offer from Axis Midcap opens on 3 Nov. Please read the offer document. Visit the official website. Axis Midcap का नया फंड ऑफर 3 Nov से खुल रहा है। ऑफर डॉक्यूमेंट ध्यान से पढ़ें।,0,amc_offer
OTP for your transaction is 568367. Do not share it with anyone. Valid for 10 minutes. OTP for your transaction is 568367. Do not share it with anyone. Valid for 10 minutes.,0,bank
"TO RELEASE YOUR PROFIT, SHARE THE OTP RECEIVED AND INSTALL ANYDESK SO OUR AGENT CAN HELP.",1,otp_vishing
"प्रिय ग्राहक, Nippon Small Cap का नया फंड ऑफर 5th से खुल रहा है। ऑफर डॉक्यूमेंट ध्यान से पढ़ें।",0,amc_offer
"Congratulations! आपका Paytm Money अकाउंट अपडेट करें वरना बंद हो जाएगा: paytm-money.xyz सिर्फ़ 3 सीट बाकी, आज ही! 👍",1,fake_broker
"Dear sir/madam, To release your profit, share the OTP received and install AnyDesk so our agent can help. Pay a registration fee of Rs 10000 on UPI 9848733466@paytm to activate your account.",1,otp_vishing
"सुनिए, Pay a registration fee of ₹25,000 on UPI investpro28@ybl to activate your account.",1,fee_scam
"Hello sir, Get insider stock tips from our expert team in the premium WhatsApp channel. Double your money in 7 days, guaranteed by our fund manager.",1,tips_group
"Dear investor, Paisa double in 7 din, guarantee ke saath. Limited slots. Reply YES to confirm.",1,guaranteed
"Congratulations! Profit withdraw karne ke liye OTP bhejo aur TeamViewer install karo. Hamare VIP Telegram group me join karo, daily sure shot tips milenge. SEBI registered.",1,otp_vishing
"Hi, डीमैट अकाउंट में नॉमिनी जोड़ना क्यों ज़रूरी है, जानिए आधिकारिक वेबसाइट पर। डीमैट अकाउंट में नॉमिनी जोड़ना क्यों ज़रूरी है, जानिए आधिकारिक वेबसाइट पर।",0,education
Dhokhe se bacho: pakka profit ka vaada karne wale group se door rahe. Sirf SEBI registered se milo.,0,advisory
"Dear customer, 25/09 के ट्रेड का कॉन्ट्रैक्ट नोट आपके रजिस्टर्ड ईमेल पर भेजा गया है।",0,contract_note
"प्रिय ग्राहक, SEBI advisory: Beware of guaranteed returns and unregistered tips groups. Verify advisers on the SEBI website.",0,advisory
"प्रिय ग्राहक, Learn what a nominee is in your demat account. Add a nominee online through your DP. 💰",0,education
"DEAR CUSTOMER, FAKE APPS AND SURE SHOT TIPS ARE SCAMS. NEVER SHARE OTP. REPORT FRAUD ON 1930 OR CYBERCRIME.GOV.IN. 👍",0,advisory
Your Angel One account needs urgent update. Login at angel0ne.in to avoid suspension. SEBI registered. 💰,1,fake_broker
"Dear investor, To release your profit, share the OTP received and install AnyDesk so our agent can help. 🚀",1,otp_vishing
"Congratulations! Aapka Upstox account band hone wala hai, abhi update karo: upstox-login.in Aaj ka jackpot stock call chahiye? Premium group join karo. सेबी रजिस्टर्ड एक्सपर्ट।",1,fake_broker
"Hi, New fund offer from Parag Parikh Flexi Cap opens on 5th. Please read the offer document. Visit the official website. New fund offer from Parag Parikh Flexi Cap opens on 5th. Please read the offer document. Visit the official website.",0,amc_offer
"NAMASTE, कमाई शुरू करने के लिए हमारा ऐप डाउनलोड करें: TRADE-11.APK अकाउंट चालू करने के लिए 10 हज़ार रजिस्ट्रेशन फीस UPI 9874433986@PAYTM पर भेजें।",1,fake_app
VK-INFO: Parag Parikh Flexi Cap का नया फंड ऑफर 25/09 से खुल रहा है। ऑफर डॉक्यूमेंट ध्यान से पढ़ें। New fund offer from Parag Parikh Flexi Cap opens on 25/09. Please read the offer document. Visit the official website. 🚀,0,amc_offer
"Dear customer, आपकी Rs 10000 की SIP 12 Oct तारीख को कटेगी। खाते में बैलेंस रखें। SIP ka Rs 10000 12 Oct ko katega, balance rakhna.",0,sip
"Namaste, Your Angel One account needs urgent update. Login at angel0ne.in to avoid suspension. कमाई शुरू करने के लिए हमारा ऐप डाउनलोड करें: bit.ly/inv40 Limited slots. Reply YES to confirm.",1,fake_broker
"Hi, Aapke 5th ke trades ka contract note email par bhej diya gaya hai.",0,contract_note
"HI, PAY A REGISTRATION FEE OF 10 हज़ार ON UPI INVESTPRO64@YBL TO ACTIVATE YOUR ACCOUNT. 100% ASSURED PROFIT, ZERO RISK, WITHDRAW ANYTIME. 100% SEBI APPROVED EXPERT.",1,fee_scam
Contract note for trades done on 12 Oct has been sent to your registered email. Check your app for details.,0,contract_note
"Hello sir, Invest ₹25,000 and get guaranteed 10% returns every month. Pre-IPO shares sasta mil raha hai, allotment pakka, sirf kuch slots. Bit.ly/inv982 par details dekho.",1,guaranteed
"प्रिय ग्राहक, 3 Nov को Nippon Small Cap का NAV Rs 111.53 है। म्यूचुअल फंड निवेश बाज़ार जोखिमों के अधीन हैं।",0,nav
"Hello sir, 100% assured profit, zero risk, withdraw anytime. Send your PIN and OTP to complete KYC verification now. Details: t.me/inv636",1,guaranteed
"VK-INFO: NAV OF NIPPON SMALL CAP AS ON 3 NOV IS RS 222.08. MUTUAL FUND INVESTMENTS ARE SUBJECT TO MARKET RISKS, READ ALL SCHEME RELATED DOCUMENTS CAREFULLY.",0,nav
"Hi, कमाई शुरू करने के लिए हमारा ऐप डाउनलोड करें: trade-87.apk Bit.ly/inv258 par details dekho. 🚀",1,fake_app
"Dear investor, 100% assured profit, zero risk, withdraw anytime. Pay a registration fee of Rs 10000 on UPI investpro33@ybl to activate your account. Last chance, join now.",1,guaranteed
"Dear customer, Dhokhe se bacho: pakka profit ka vaada karne wale group se door rahe. Sirf SEBI registered se milo.",0,advisory
"Pre-IPO shares at 40% discount through our institutional account, allotment guaranteed.",1,preipo
"CONGRATULATIONS! BLOCK DEAL OPPORTUNITY IN UNLISTED SHARES, LIMITED SLOTS, INVEST BEFORE LISTING.",1,preipo
"पापा, म्यूचुअल फंड की स्टेटमेंट देखी क्या? शाम को फोन करना। HAPPY DIWALI! WISHING YOU AND FAMILY A PROSPEROUS YEAR.",0,chat
"Dear customer, NAV of HDFC Flexi Cap as on 3 Nov is Rs 257.87. Mutual fund investments are subject to market risks, read all scheme related documents carefully.",0,nav
"Dear customer, Bhai kal milte hai, SIP ke baare me baat karni hai.",0,chat
"VK-INFO: पापा, म्यूचुअल फंड की स्टेटमेंट देखी क्या? शाम को फोन करना। पापा, म्यूचुअल फंड की स्टेटमेंट देखी क्या? शाम को फोन करना।",0,chat
"बधाई हो! PROCESSING FEE 10 हज़ार REQUIRED TO UNLOCK YOUR PROFIT, SEND TO 9822512447@PAYTM. सेबी रजिस्टर्ड एक्सपर्ट।",1,fee_scam
"Namaste, Processing fee ₹5,000 required to unlock your profit, send to investpro3@ybl.",1,fee_scam
"Dear investor, Pre-IPO shares at 40% discount through our institutional account, allotment guaranteed. Last chance, join now.",1,preipo
Fake apps and sure shot tips are scams. Never share OTP. Report fraud on 1930 or cybercrime.gov.in.,0,advisory
"Namaste, Double your money in 10 days, guaranteed by our fund manager. अकाउंट चालू करने के लिए ₹50,000 रजिस्ट्रेशन फीस UPI investpro61@ybl पर भेजें। Offer ends today. 🚀",1,guaranteed
"HELLO BHAI, ACCOUNT ACTIVATE KARNE KE LIYE ₹25,000 FEE UPI INVESTPRO74@YBL PE BHEJO. PRE-IPO SHARES AT 40% DISCOUNT THROUGH OUR INSTITUTIONAL ACCOUNT, ALLOTMENT GUARANTEED. LIMITED SLOTS. REPLY YES TO CONFIRM.",1,fee_scam
"Hi, Paisa double in 30 din, guarantee ke saath. Offer ends today.",1,guaranteed
"प्रिय ग्राहक, SBI Bluechip का नया फंड ऑफर 1st से खुल रहा है। ऑफर डॉक्यूमेंट ध्यान से पढ़ें।",0,amc_offer
"Namaste, Zerodha Pro offers special IPO allotment. Register at zerodha-kyc.net. Only 9 seats left, hurry!",1,fake_broker
"Dear investor, Aapka Groww account band hone wala hai, abhi update karo: grow.co.in Last chance, join now.",1,fake_broker
"Hi, OTP for your transaction is 699591. Do not share it with anyone. Valid for 10 minutes.",0,bank
Nominee kaise add kare demat account me? Apne DP ki website par jaye.,0,education
आपकी Rs 10000 की SIP 1st तारीख को कटेगी। खाते में बैलेंस रखें। आपकी Rs 10000 की SIP 1st तारीख को कटेगी। खाते में बैलेंस रखें। 🚀,0,sip
AAPKE 3 NOV KE TRADES KA CONTRACT NOTE EMAIL PAR BHEJ DIYA GAYA HAI.,0,contract_note
"Hi, Contract note for trades done on 5th has been sent to your registered email. Check your app for details.",0,contract_note
Your UPI payment of Rs 3950 to the merchant was successful on 1st. आपके खाते XX8 से Rs 3950 1st को डेबिट हुए। OTP किसी से साझा न करें।,0,bank
"Hello bhai, Earning start karne ke liye ye app install karo: dl.profitapp.in/app.apk Account activate karne ke liye 10 हज़ार fee UPI investpro59@ybl pe bhejo. Bit.ly/inv121 par details dekho.",1,fake_app
"Dear customer, KYC पूरा करने के लिए आधिकारिक वेबसाइट या नज़दीकी शाखा जाएँ। OTP किसी को न बताएँ।",0,kyc
"बधाई हो! Aaj ka jackpot stock call chahiye? Premium group join karo. Pre-IPO shares at 40% discount through our institutional account, allotment guaranteed. Limited slots. Reply YES to confirm. Details: t.me/inv324",1,tips_group
"Dear investor, अकाउंट चालू करने के लिए Rs 10000 रजिस्ट्रेशन फीस UPI investpro15@ybl पर भेजें। Our operator group gives jackpot stock calls every morning, join now. Only 9 seats left, hurry! 💰",1,fee_scam
"Congratulations! Pre-IPO shares at 40% discount through our institutional account, allotment guaranteed. Last chance, join now.",1,preipo
"पापा, म्यूचुअल फंड की स्टेटमेंट देखी क्या? शाम को फोन करना।",0,chat
VK-INFO: Contract note for trades done on 1st has been sent to your registered email. Check your app for details.,0,contract_note
"प्रिय ग्राहक, 1st को Parag Parikh Flexi Cap का NAV Rs 130.59 है। म्यूचुअल फंड निवेश बाज़ार जोखिमों के अधीन हैं।",0,nav
"प्रिय ग्राहक, New fund offer from Axis Midcap opens on 5th. Please read the offer document. Visit the official website.",0,amc_offer
"Dear sir/madam, Join our VIP WhatsApp group for sure shot intraday tips and daily calls.",1,tips_group
"प्रिय ग्राहक, 25/09 को Axis Midcap का NAV Rs 168.79 है। म्यूचुअल फंड निवेश बाज़ार जोखिमों के अधीन हैं। 25/09 को Axis Midcap का NAV Rs 168.79 है। म्यूचुअल फंड निवेश बाज़ार जोखिमों के अधीन हैं।",0,nav
"Hi, SEBI advisory: Beware of guaranteed returns and unregistered tips groups. Verify advisers on the SEBI website. Fake apps and sure shot tips are scams. Never share OTP. Report fraud on 1930 or cybercrime.gov.in.",0,advisory
"सुनिए, SEND YOUR PIN AND OTP TO COMPLETE KYC VERIFICATION NOW. OFFER ENDS TODAY.",1,otp_vishing
"Hello bhai, Aapka Upstox account band hone wala hai, abhi update karo: upst0x.com",1,fake_broker
"प्रिय ग्राहक, AAPKE 25/09 KE TRADES KA CONTRACT NOTE EMAIL PAR BHEJ DIYA GAYA HAI. CONTRACT NOTE FOR TRADES DONE ON 25/09 HAS BEEN SENT TO YOUR REGISTERED EMAIL. CHECK YOUR APP FOR DETAILS.",0,contract_note
"MEETING AT 5 PM, PLEASE BRING THE DEMAT ACCOUNT DOCUMENTS. BETA, DID YOU CHECK THE MUTUAL FUND STATEMENT? CALL ME IN THE EVENING.",0,chat
"Hello sir, Zerodha Pro offers special IPO allotment. Register at zer0dha.com. Block deal opportunity in unlisted shares, limited slots, invest before listing. Details: t.me/inv788 🚀",1,fake_broker
VK-INFO: Your UPI payment of Rs 5500 to the merchant was successful on 5th.,0,bank
"Hi, Fake apps and sure shot tips are scams. Never share OTP. Report fraud on 1930 or cybercrime.gov.in.",0,advisory
"प्रिय ग्राहक, Fake apps and sure shot tips are scams. Never share OTP. Report fraud on 1930 or cybercrime.gov.in. 🚀",0,advisory
VK-INFO: Contract note for trades done on 5th has been sent to your registered email. Check your app for details.,0,contract_note
"VK-INFO: NAV of Parag Parikh Flexi Cap as on 1st is Rs 234.87. Mutual fund investments are subject to market risks, read all scheme related documents carefully. NAV of Parag Parikh Flexi Cap as on 1st is Rs 234.87. Mutual fund investments are subject to market risks, read all scheme related documents carefully.",0,nav
सावधान: गारंटीड रिटर्न और टिप्स वाले ग्रुप से बचें। SEBI की वेबसाइट पर सलाहकार जाँचें। सावधान: गारंटीड रिटर्न और टिप्स वाले ग्रुप से बचें। SEBI की वेबसाइट पर सलाहकार जाँचें।,0,advisory
"VK-INFO: Your SIP of ₹25,000 in Axis Midcap will be processed on 1st. Please maintain sufficient balance.",0,sip
"Dear customer, Contract note for trades done on 25/09 has been sent to your registered email. Check your app for details. 25/09 के ट्रेड का कॉन्ट्रैक्ट नोट आपके रजिस्टर्ड ईमेल पर भेजा गया है।",0,contract_note
"PAISA DOUBLE IN 10 DIN, GUARANTEE KE SAATH. अकाउंट चालू करने के लिए RS 10000 रजिस्ट्रेशन फीस UPI 9899469040@PAYTM पर भेजें। LIMITED SLOTS. REPLY YES TO CONFIRM.",1,guaranteed
"Dear investor, आपका Angel One अकाउंट अपडेट करें वरना बंद हो जाएगा: angelone-kyc.com Account activate karne ke liye 10 हज़ार fee UPI 9810928243@paytm pe bhejo.",1,fake_broker
"Hi, Fake apps and sure shot tips are scams. Never share OTP. Report fraud on 1930 or cybercrime.gov.in. सावधान: गारंटीड रिटर्न और टिप्स वाले ग्रुप से बचें। SEBI की वेबसाइट पर सलाहकार जाँचें।",0,advisory
"Hello bhai, 100% assured profit, zero risk, withdraw anytime. Aapka Groww account band hone wala hai, abhi update karo: groww-app.in",1,guaranteed
"अकाउंट चालू करने के लिए ₹5,000 रजिस्ट्रेशन फीस UPI investpro96@ybl पर भेजें। Pre-IPO shares sasta mil raha hai, allotment pakka, sirf kuch slots.",1,fee_scam
VK-INFO: 5th के ट्रेड का कॉन्ट्रैक्ट नोट आपके रजिस्टर्ड ईमेल पर भेजा गया है। Aapke 5th ke trades ka contract note email par bhej diya gaya hai. 💰,0,contract_note
"VK-INFO: Bhai kal milte hai, SIP ke baare me baat karni hai.",0,chat
"Paisa double in 15 din, guarantee ke saath. Last chance, join now. SEBI registered.",1,guaranteed
"बधाई हो! Our operator group gives jackpot stock calls every morning, join now. To release your profit, share the OTP received and install AnyDesk so our agent can help. Last chance, join now. ऑफ़र आज खत्म, जल्दी करें।",1,tips_group
"Dear customer, New fund offer from SBI Bluechip opens on 25/09. Please read the offer document. Visit the official website. SBI Bluechip का नया फंड ऑफर 25/09 से खुल रहा है। ऑफर डॉक्यूमेंट ध्यान से पढ़ें।",0,amc_offer
"NAV of SBI Bluechip as on 3 Nov is Rs 275.95. Mutual fund investments are subject to market risks, read all scheme related documents carefully.",0,nav
"प्रिय ग्राहक, SBI Bluechip का नया फंड ऑफर 1st से खुल रहा है। ऑफर डॉक्यूमेंट ध्यान से पढ़ें।",0,amc_offer
VK-INFO: NEW FUND OFFER FROM NIPPON SMALL CAP OPENS ON 1ST. PLEASE READ THE OFFER DOCUMENT. VISIT THE OFFICIAL WEBSITE.,0,amc_offer
"HI, NAV OF NIPPON SMALL CAP AS ON 3 NOV IS RS 51.32. MUTUAL FUND INVESTMENTS ARE SUBJECT TO MARKET RISKS, READ ALL SCHEME RELATED DOCUMENTS CAREFULLY. NAV OF NIPPON SMALL CAP AS ON 3 NOV IS RS 51.32. MUTUAL FUND INVESTMENTS ARE SUBJECT TO MARKET RISKS, READ ALL SCHEME RELATED DOCUMENTS CAREFULLY.",0,nav
"Hi, मुनाफ़ा निकालने के लिए आपके फोन पर आया OTP बताइए और AnyDesk इंस्टॉल करें।",1,otp_vishing
"बधाई हो! Block deal opportunity in unlisted shares, limited slots, invest before listing. 👍",1,preipo
"Namaste, Send your PIN and OTP to complete KYC verification now. Download our trading app from this link to start earning: trade-37.apk 100% SEBI approved expert.",1,otp_vishing
"डीमैट अकाउंट में नॉमिनी जोड़ना क्यों ज़रूरी है, जानिए आधिकारिक वेबसाइट पर।",0,education
"Hello sir, Get insider stock tips from our expert team in the premium Telegram channel. Aapka Paytm Money account band hone wala hai, abhi update karo: paytm-money.xyz Limited slots. Reply YES to confirm.",1,tips_group
12 Oct के ट्रेड का कॉन्ट्रैक्ट नोट आपके रजिस्टर्ड ईमेल पर भेजा गया है।,0,contract_note
"सुनिए, अकाउंट चालू करने के लिए Rs 10000 रजिस्ट्रेशन फीस UPI investpro40@ybl पर भेजें। कमाई शुरू करने के लिए हमारा ऐप डाउनलोड करें: dl.profitapp.in/app.apk",1,fee_scam
"Namaste, Your Paytm Money account needs urgent update. Login at paytm-money.xyz to avoid suspension. कमाई शुरू करने के लिए हमारा ऐप डाउनलोड करें: bit.ly/inv69 Last chance, join now.",1,fake_broker
"Hi, Beta, did you check the mutual fund statement? Call me in the evening. Meeting at 5 pm, please bring the demat account documents.",0,chat
"Pre-IPO shares sasta mil raha hai, allotment pakka, sirf kuch slots. Aapka Groww account band hone wala hai, abhi update karo: grow.co.in Last chance, join now. सेबी रजिस्टर्ड एक्सपर्ट। 💰",1,preipo
"Dear sir/madam, Install the new official app trade-17.apk and get a free bonus. Pre-IPO shares sasta mil raha hai, allotment pakka, sirf kuch slots. Only 7 seats left, hurry!",1,fake_app
"HI, KYC पूरा करने के लिए आधिकारिक वेबसाइट या नज़दीकी शाखा जाएँ। OTP किसी को न बताएँ। KYC PURA KARNE KE LIYE BRANCH JAYE YA OFFICIAL SITE DEKHE. OTP KISI KO NA DE.",0,kyc
"डीमैट अकाउंट में नॉमिनी जोड़ना क्यों ज़रूरी है, जानिए आधिकारिक वेबसाइट पर।",0,education
Dhokhe se bacho: pakka profit ka vaada karne wale group se door rahe. Sirf SEBI registered se milo.,0,advisory
"प्रिय ग्राहक, SEBI advisory: Beware of guaranteed returns and unregistered tips groups. Verify advisers on the SEBI website. 👍",0,advisory
"Dear investor, Groww Pro offers special IPO allotment. Register at groww-india.xyz. Rs 10000 lagao aur har mahine 15% pakka profit pao, risk zero.",1,fake_broker
Nominee kaise add kare demat account me? Apne DP ki website par jaye. Learn what a nominee is in your demat account. Add a nominee online through your DP. 🚀,0,education
"Double your money in 7 days, guaranteed by our fund manager. SEBI registered. Sirf 9 seats bachi, jaldi karo!",1,guaranteed
"HI, PRE-IPO SHARES SASTA MIL RAHA HAI, ALLOTMENT PAKKA, SIRF KUCH SLOTS. मुनाफ़ा निकालने के लिए आपके फोन पर आया OTP बताइए और ANYDESK इंस्टॉल करें।",1,preipo
"Hi, Learn what a nominee is in your demat account. Add a nominee online through your DP. डीमैट अकाउंट में नॉमिनी जोड़ना क्यों ज़रूरी है, जानिए आधिकारिक वेबसाइट पर।",0,education
"HI, KYC पूरा करने के लिए आधिकारिक वेबसाइट या नज़दीकी शाखा जाएँ। OTP किसी को न बताएँ।",0,kyc
Download our trading app from this link to start earning: trade-47.apk Send your PIN and OTP to complete KYC verification now. Bit.ly/inv338 par details dekho.,1,fake_app
"3 NOV को SBI BLUECHIP का NAV RS 65.69 है। म्यूचुअल फंड निवेश बाज़ार जोखिमों के अधीन हैं। NAV OF SBI BLUECHIP AS ON 3 NOV IS RS 65.69. MUTUAL FUND INVESTMENTS ARE SUBJECT TO MARKET RISKS, READ ALL SCHEME RELATED DOCUMENTS CAREFULLY. 👍",0,nav
OTP FOR YOUR TRANSACTION IS 266521. DO NOT SHARE IT WITH ANYONE. VALID FOR 10 MINUTES.,0,bank
"Congratulations! Paisa double in 7 din, guarantee ke saath. ऑफ़र आज खत्म, जल्दी करें।",1,guaranteed
"Hello sir, हमारे VIP WhatsApp ग्रुप में जुड़ें, रोज़ पक्के इंट्राडे टिप्स मिलेंगे। ऑफ़र आज खत्म, जल्दी करें।",1,tips_group
"Namaste, कमाई शुरू करने के लिए हमारा ऐप डाउनलोड करें: dl.profitapp.in/app.apk सिर्फ़ 7 सीट बाकी, आज ही!",1,fake_app
"बधाई हो! मुनाफ़ा निकालने के लिए आपके फोन पर आया OTP बताइए और AnyDesk इंस्टॉल करें। ऑफ़र आज खत्म, जल्दी करें।",1,otp_vishing
"To release your profit, share the OTP received and install AnyDesk so our agent can help.",1,otp_vishing
Fake apps and sure shot tips are scams. Never share OTP. Report fraud on 1930 or cybercrime.gov.in.,0,advisory
"Install the new official app bit.ly/inv99 and get a free bonus. Pre-IPO shares sasta mil raha hai, allotment pakka, sirf kuch slots. 💰",1,fake_app
"Hello sir, Your Upstox account needs urgent update. Login at upstox-login.in to avoid suspension. Paisa double in 10 din, guarantee ke saath. Bit.ly/inv800 par details dekho.",1,fake_broker
"Dear customer, Learn what a nominee is in your demat account. Add a nominee online through your DP.",0,education
Happy Diwali! Wishing you and family a prosperous year. Happy Diwali! Wishing you and family a prosperous year.,0,chat
"Pre-IPO shares sasta mil raha hai, allotment pakka, sirf kuch slots.",1,preipo
"Dear sir/madam, आपका Paytm Money अकाउंट अपडेट करें वरना बंद हो जाएगा: paytm-money.xyz Last chance, join now. Bit.ly/inv477 par details dekho.",1,fake_broker
"BETA, DID YOU CHECK THE MUTUAL FUND STATEMENT? CALL ME IN THE EVENING. 👍",0,chat
"प्रिय ग्राहक, Dhokhe se bacho: pakka profit ka vaada karne wale group se door rahe. Sirf SEBI registered se milo. 🚀",0,advisory
"प्रिय ग्राहक, 5th को HDFC Flexi Cap का NAV Rs 313.88 है। म्यूचुअल फंड निवेश बाज़ार जोखिमों के अधीन हैं। 5th को HDFC Flexi Cap का NAV Rs 313.88 है। म्यूचुअल फंड निवेश बाज़ार जोखिमों के अधीन हैं।",0,nav
"SIP ka Rs 10000 12 Oct ko katega, balance rakhna.",0,sip
VK-INFO: 12 Oct के ट्रेड का कॉन्ट्रैक्ट नोट आपके रजिस्टर्ड ईमेल पर भेजा गया है। 💰,0,contract_note
"सुनिए, Invest ₹50,000 and get guaranteed 20% returns every month.",1,guaranteed
KYC पूरा करने के लिए आधिकारिक वेबसाइट या नज़दीकी शाखा जाएँ। OTP किसी को न बताएँ।,0,kyc
"Dear customer, KYC पूरा करने के लिए आधिकारिक वेबसाइट या नज़दीकी शाखा जाएँ। OTP किसी को न बताएँ। 👍",0,kyc
"Hi, प्री-IPO शेयर 40% सस्ते, इंस्टिट्यूशनल अकाउंट से अलॉटमेंट पक्का। Bit.ly/inv254 par details dekho. Sirf 6 seats bachi, jaldi karo!",1,preipo
"Namaste, Rs 10000 लगाइए और हर महीने 30% का गारंटीड मुनाफ़ा पाइए। Sirf 5 seats bachi, jaldi karo!",1,guaranteed
"Dear sir/madam, Hamare VIP WhatsApp group me join karo, daily sure shot tips milenge. SEBI registered.",1,tips_group
"Hi, Processing fee Rs 10000 required to unlock your profit, send to 9870959740@paytm. Profit withdraw karne ke liye OTP bhejo aur TeamViewer install karo. Last chance, join now.",1,fee_scam
"Dear customer, Meeting at 5 pm, please bring the demat account documents.",0,chat
"Hello sir, Processing fee ₹5,000 required to unlock your profit, send to 9876640482@paytm. सेबी रजिस्टर्ड एक्सपर्ट।",1,fee_scam
"प्रिय ग्राहक, Your SIP of ₹25,000 in Nippon Small Cap will be processed on 1st. Please maintain sufficient balance.",0,sip
"सुनिए, कमाई शुरू करने के लिए हमारा ऐप डाउनलोड करें: dl.profitapp.in/app.apk Limited slots. Reply YES to confirm.",1,fake_app
Earning start karne ke liye ye app install karo: bit.ly/inv51 Aaj ka jackpot stock call chahiye? Premium group join karo.,1,fake_app
"Namaste, मुनाफ़ा निकालने के लिए आपके फोन पर आया OTP बताइए और AnyDesk इंस्टॉल करें। Offer ends today. 💰",1,otp_vishing
"Dear investor, Earning start karne ke liye ye app install karo: dl.profitapp.in/app.apk Offer ends today. Bit.ly/inv560 par details dekho.",1,fake_app
"सुनिए, Our operator group gives jackpot stock calls every morning, join now. Details: t.me/inv176 100% SEBI approved expert.",1,tips_group
Congratulations! अकाउंट चालू करने के लिए Rs 10000 रजिस्ट्रेशन फीस UPI investpro33@ybl पर भेजें। Limited slots. Reply YES to confirm.,1,fee_scam
"Hello sir, 10 हज़ार लगाइए और हर महीने 300% का गारंटीड मुनाफ़ा पाइए।",1,guaranteed
"Hi, Please complete your KYC at our official website or nearest branch. Do not share OTP with anyone. KYC पूरा करने के लिए आधिकारिक वेबसाइट या नज़दीकी शाखा जाएँ। OTP किसी को न बताएँ।",0,kyc
"Dear customer, आपकी ₹25,000 की SIP 1st तारीख को कटेगी। खाते में बैलेंस रखें। SIP ka ₹25,000 1st ko katega, balance rakhna.",0,sip
KYC pura karne ke liye branch jaye ya official site dekhe. OTP kisi ko na de. KYC pura karne ke liye branch jaye ya official site dekhe. OTP kisi ko na de.,0,kyc
"Dear sir/madam, Account activate karne ke liye ₹5,000 fee UPI investpro17@ybl pe bhejo. Install the new official app bit.ly/inv13 and get a free bonus.",1,fee_scam
VK-INFO: 12 Oct के ट्रेड का कॉन्ट्रैक्ट नोट आपके रजिस्टर्ड ईमेल पर भेजा गया है। 12 Oct के ट्रेड का कॉन्ट्रैक्ट नोट आपके रजिस्टर्ड ईमेल पर भेजा गया है। 👍,0,contract_note
Download our trading app from this link to start earning: dl.profitapp.in/app.apk Account activate karne ke liye 10 हज़ार fee UPI investpro36@ybl pe bhejo.,1,fake_app
"Hi, Nippon Small Cap का नया फंड ऑफर 25/09 से खुल रहा है। ऑफर डॉक्यूमेंट ध्यान से पढ़ें। Nippon Small Cap का नया फंड ऑफर 25/09 से खुल रहा है। ऑफर डॉक्यूमेंट ध्यान से पढ़ें।",0,amc_offer
"HI, DOWNLOAD OUR TRADING APP FROM THIS LINK TO START EARNING: DL.PROFITAPP.IN/APP.APK LAST CHANCE, JOIN NOW.",1,fake_app
"Dear investor, Earning start karne ke liye ye app install karo: bit.ly/inv76 Account activate karne ke liye 10 हज़ार fee UPI 9803175778@paytm pe bhejo.",1,fake_app
"PRE-IPO SHARES SASTA MIL RAHA HAI, ALLOTMENT PAKKA, SIRF KUCH SLOTS. SEND YOUR PIN AND OTP TO COMPLETE KYC VERIFICATION NOW.",1,preipo
"प्रिय ग्राहक, Meeting at 5 pm, please bring the demat account documents. Happy Diwali! Wishing you and family a prosperous year.",0,chat
"Congratulations! Processing fee ₹25,000 required to unlock your profit, send to 9895680334@paytm. Aapka Groww account band hone wala hai, abhi update karo: grow.co.in",1,fee_scam
"प्रिय ग्राहक, Contract note for trades done on 25/09 has been sent to your registered email. Check your app for details.",0,contract_note
"Hi, 3 Nov को Axis Midcap का NAV Rs 33.04 है। म्यूचुअल फंड निवेश बाज़ार जोखिमों के अधीन हैं। NAV of Axis Midcap as on 3 Nov is Rs 33.04. Mutual fund investments are subject to market risks, read all scheme related documents carefully.",0,nav
"Hi, New fund offer from Axis Midcap opens on 5th. Please read the offer document. Visit the official website. Axis Midcap का नया फंड ऑफर 5th से खुल रहा है। ऑफर डॉक्यूमेंट ध्यान से पढ़ें। 💰",0,amc_offer
"Hi, Limited period: exit load waiver till 25/09 on SBI Bluechip. Mutual fund investments are subject to market risks. SBI Bluechip का नया फंड ऑफर 25/09 से खुल रहा है। ऑफर डॉक्यूमेंट ध्यान से पढ़ें।",0,amc_offer
"Dear customer, Nominee kaise add kare demat account me? Apne DP ki website par jaye.",0,education
"Dear investor, Account activate karne ke liye 10 हज़ार fee UPI 9853933440@paytm pe bhejo. ऑफ़र आज खत्म, जल्दी करें।",1,fee_scam
"Block deal opportunity in unlisted shares, limited slots, invest before listing. Sirf 2 seats bachi, jaldi karo!",1,preipo
OTP FOR YOUR TRANSACTION IS 647546. DO NOT SHARE IT WITH ANYONE. VALID FOR 10 MINUTES.,0,bank
25/09 को Nippon Small Cap का NAV Rs 329.12 है। म्यूचुअल फंड निवेश बाज़ार जोखिमों के अधीन हैं।,0,nav
"Dear investor, Pay a registration fee of ₹50,000 on UPI 9863267457@paytm to activate your account. ऑफ़र आज खत्म, जल्दी करें। 🚀",1,fee_scam
"पैसा दोगुना करें, कोई रिस्क नहीं, पक्का रिटर्न। Account activate karne ke liye ₹5,000 fee UPI 9813891412@paytm pe bhejo. Only 7 seats left, hurry!",1,guaranteed
"Hi, Send your PIN and OTP to complete KYC verification now. Double your money in 30 days, guaranteed by our fund manager. सिर्फ़ 2 सीट बाकी, आज ही! Last chance, join now.",1,otp_vishing
Congratulations! Zerodha Pro offers special IPO allotment. Register at zerodha-kyc.net.,1,fake_broker
"HI, 1ST को HDFC FLEXI CAP का NAV RS 93.82 है। म्यूचुअल फंड निवेश बाज़ार जोखिमों के अधीन हैं। 1ST को HDFC FLEXI CAP का NAV RS 93.82 है। म्यूचुअल फंड निवेश बाज़ार जोखिमों के अधीन हैं।",0,nav
Aaj ka jackpot stock call chahiye? Premium group join karo.,1,tips_group
KYC pura karne ke liye branch jaye ya official site dekhe. OTP kisi ko na de. Please complete your KYC at our official website or nearest branch. Do not share OTP with anyone.,0,kyc
"Hi, Contract note for trades done on 1st has been sent to your registered email. Check your app for details. 1st के ट्रेड का कॉन्ट्रैक्ट नोट आपके रजिस्टर्ड ईमेल पर भेजा गया है।",0,contract_note
"Hi, Please complete your KYC at our official website or nearest branch. Do not share OTP with anyone.",0,kyc
3 NOV के ट्रेड का कॉन्ट्रैक्ट नोट आपके रजिस्टर्ड ईमेल पर भेजा गया है।,0,contract_note
"Dear customer, SIP ka ₹50,000 25/09 ko katega, balance rakhna.",0,sip
"मुनाफ़ा निकालने के लिए आपके फोन पर आया OTP बताइए और AnyDesk इंस्टॉल करें। पैसा दोगुना करें, कोई रिस्क नहीं, पक्का रिटर्न। ऑफ़र आज खत्म, जल्दी करें। 🚀",1,otp_vishing
Aapke 12 Oct ke trades ka contract note email par bhej diya gaya hai.,0,contract_note
"Dear investor, मुनाफ़ा निकालने के लिए आपके फोन पर आया OTP बताइए और AnyDesk इंस्टॉल करें। Limited slots. Reply YES to confirm. ऑफ़र आज खत्म, जल्दी करें।",1,otp_vishing
"Hello sir, Rs 10000 लगाइए और हर महीने 30% का गारंटीड मुनाफ़ा पाइए। सिर्फ़ 8 सीट बाकी, आज ही!",1,guaranteed
Aapke 1st ke trades ka contract note email par bhej diya gaya hai. 🚀,0,contract_note
"Hello bhai, Paisa double in 7 din, guarantee ke saath. 👍",1,guaranteed
Learn what a nominee is in your demat account. Add a nominee online through your DP.,0,education
"प्रिय ग्राहक, NOMINEE KAISE ADD KARE DEMAT ACCOUNT ME? APNE DP KI WEBSITE PAR JAYE. 💰",0,education
मुनाफ़ा निकालने के लिए आपके फोन पर आया OTP बताइए और AnyDesk इंस्टॉल करें। कमाई शुरू करने के लिए हमारा ऐप डाउनलोड करें: trade-10.apk Offer ends today.,1,otp_vishing
"Namaste, 100% assured profit, zero risk, withdraw anytime. मुनाफ़ा निकालने के लिए आपके फोन पर आया OTP बताइए और AnyDesk इंस्टॉल करें। सेबी रजिस्टर्ड एक्सपर्ट। Sirf 5 seats bachi, jaldi karo!",1,guaranteed
"प्रिय ग्राहक, 5th को HDFC Flexi Cap का NAV Rs 172.48 है। म्यूचुअल फंड निवेश बाज़ार जोखिमों के अधीन हैं। NAV of HDFC Flexi Cap as on 5th is Rs 172.48. Mutual fund investments are subject to market risks, read all scheme related documents carefully.",0,nav
"DEAR CUSTOMER, डीमैट अकाउंट में नॉमिनी जोड़ना क्यों ज़रूरी है, जानिए आधिकारिक वेबसाइट पर। 👍",0,education
"प्रिय ग्राहक, Your SIP of ₹5,000 in Nippon Small Cap will be processed on 5th. Please maintain sufficient balance.",0,sip
"Congratulations! Pre-IPO shares at 40% discount through our institutional account, allotment guaranteed. 💰",1,preipo
"Profit withdraw karne ke liye OTP bhejo aur TeamViewer install karo. Invest Rs 10000 and get guaranteed 20% returns every month. सिर्फ़ 2 सीट बाकी, आज ही!",1,otp_vishing
CONGRATULATIONS! ANGEL ONE PRO OFFERS SPECIAL IPO ALLOTMENT. REGISTER AT ANGELONE-KYC.COM.,1,fake_broker
"BHAI KAL MILTE HAI, SIP KE BAARE ME BAAT KARNI HAI. BETA, DID YOU CHECK THE MUTUAL FUND STATEMENT? CALL ME IN THE EVENING.",0,chat
बधाई हो! Profit withdraw karne ke liye OTP bhejo aur TeamViewer install karo. SEBI registered.,1,otp_vishing
VK-INFO: KYC पूरा करने के लिए आधिकारिक वेबसाइट या नज़दीकी शाखा जाएँ। OTP किसी को न बताएँ।,0,kyc
"प्रिय ग्राहक, आपकी ₹25,000 की SIP 1st तारीख को कटेगी। खाते में बैलेंस रखें।",0,sip
"VK-INFO: Your SIP of ₹25,000 in Axis Midcap will be processed on 5th. Please maintain sufficient balance.",0,sip
"Block deal opportunity in unlisted shares, limited slots, invest before listing. Sirf 8 seats bachi, jaldi karo!",1,preipo
"Hi, Rs 5330 debited from A/c XX8 on 12 Oct. If not you, call the bank helpline. Never share OTP. Rs 5330 debited from A/c XX8 on 12 Oct. If not you, call the bank helpline. Never share OTP.",0,bank
"Pay a registration fee of ₹25,000 on UPI investpro5@ybl to activate your account. Last chance, join now.",1,fee_scam
"पापा, म्यूचुअल फंड की स्टेटमेंट देखी क्या? शाम को फोन करना।",0,chat
"Dear customer, Dhokhe se bacho: pakka profit ka vaada karne wale group se door rahe. Sirf SEBI registered se milo. सावधान: गारंटीड रिटर्न और टिप्स वाले ग्रुप से बचें। SEBI की वेबसाइट पर सलाहकार जाँचें।",0,advisory
Congratulations! मुनाफ़ा निकालने के लिए आपके फोन पर आया OTP बताइए और AnyDesk इंस्टॉल करें।,1,otp_vishing
"NAMASTE, BLOCK DEAL OPPORTUNITY IN UNLISTED SHARES, LIMITED SLOTS, INVEST BEFORE LISTING. LIMITED SLOTS. REPLY YES TO CONFIRM.",1,preipo
"Your SIP of ₹50,000 in Axis Midcap will be processed on 25/09. Please maintain sufficient balance.",0,sip
"Rs 8934 debited from A/c XX5 on 1st. If not you, call the bank helpline. Never share OTP. Your UPI payment of Rs 8934 to the merchant was successful on 1st.",0,bank
"प्रिय ग्राहक, Aapke 25/09 ke trades ka contract note email par bhej diya gaya hai.",0,contract_note
"Dear customer, Bhai kal milte hai, SIP ke baare me baat karni hai. 👍",0,chat
VK-INFO: New fund offer from Axis Midcap opens on 3 Nov. Please read the offer document. Visit the official website.,0,amc_offer
"HI, 3 NOV को NIPPON SMALL CAP का NAV RS 76.61 है। म्यूचुअल फंड निवेश बाज़ार जोखिमों के अधीन हैं।",0,nav
"Hello sir, Pre-IPO shares sasta mil raha hai, allotment pakka, sirf kuch slots. To release your profit, share the OTP received and install AnyDesk so our agent can help. Only 7 seats left, hurry! Details: t.me/inv918 👍",1,preipo
"Namaste, Block deal opportunity in unlisted shares, limited slots, invest before listing. Processing fee ₹50,000 required to unlock your profit, send to 9806381362@paytm. 🚀",1,preipo
आपके खाते XX4 से Rs 2962 25/09 को डेबिट हुए। OTP किसी से साझा न करें।,0,bank
OTP for your transaction is 774096. Do not share it with anyone. Valid for 10 minutes. 👍,0,bank
"Hi, Contract note for trades done on 3 Nov has been sent to your registered email. Check your app for details.",0,contract_note
"Hello bhai, Install the new official app bit.ly/inv32 and get a free bonus. हमारे VIP WhatsApp ग्रुप में जुड़ें, रोज़ पक्के इंट्राडे टिप्स मिलेंगे। सिर्फ़ 4 सीट बाकी, आज ही! Only 4 seats left, hurry!",1,fake_app
Aapke 25/09 ke trades ka contract note email par bhej diya gaya hai.,0,contract_note
"प्रिय ग्राहक, पापा, म्यूचुअल फंड की स्टेटमेंट देखी क्या? शाम को फोन करना। BETA, DID YOU CHECK THE MUTUAL FUND STATEMENT? CALL ME IN THE EVENING.",0,chat
"सुनिए, Pre-IPO shares sasta mil raha hai, allotment pakka, sirf kuch slots. Sirf 4 seats bachi, jaldi karo! 100% SEBI approved expert.",1,preipo
"बधाई हो! Zerodha Pro offers special IPO allotment. Register at zer0dha.com. ऑफ़र आज खत्म, जल्दी करें।",1,fake_broker
"प्रिय ग्राहक, Parag Parikh Flexi Cap का नया फंड ऑफर 12 Oct से खुल रहा है। ऑफर डॉक्यूमेंट ध्यान से पढ़ें। New fund offer from Parag Parikh Flexi Cap opens on 12 Oct. Please read the offer document. Visit the official website.",0,amc_offer
"Hi, Aapka Upstox account band hone wala hai, abhi update karo: upstox-login.in Pre-IPO shares at 40% discount through our institutional account, allotment guaranteed. Details: t.me/inv474",1,fake_broker
"Hi, 5th को Axis Midcap का NAV Rs 34.63 है। म्यूचुअल फंड निवेश बाज़ार जोखिमों के अधीन हैं।",0,nav
"Namaste, Download our trading app from this link to start earning: dl.profitapp.in/app.apk हमारे VIP WhatsApp ग्रुप में जुड़ें, रोज़ पक्के इंट्राडे टिप्स मिलेंगे। Limited slots. Reply YES to confirm.",1,fake_app
"Hi, कमाई शुरू करने के लिए हमारा ऐप डाउनलोड करें: dl.profitapp.in/app.apk सेबी रजिस्टर्ड एक्सपर्ट।",1,fake_app
"Hi, Beta, did you check the mutual fund statement? Call me in the evening. पापा, म्यूचुअल फंड की स्टेटमेंट देखी क्या? शाम को फोन करना।",0,chat
"Hello bhai, Pre-IPO shares sasta mil raha hai, allotment pakka, sirf kuch slots. मुनाफ़ा निकालने के लिए आपके फोन पर आया OTP बताइए और AnyDesk इंस्टॉल करें। सिर्फ़ 8 सीट बाकी, आज ही! 100% SEBI approved expert.",1,preipo
"बधाई हो! मुनाफ़ा निकालने के लिए आपके फोन पर आया OTP बताइए और ANYDESK इंस्टॉल करें। ONLY 3 SEATS LEFT, HURRY! SIRF 3 SEATS BACHI, JALDI KARO!",1,otp_vishing
"Hello bhai, Hamare VIP WhatsApp group me join karo, daily sure shot tips milenge. Pre-IPO shares sasta mil raha hai, allotment pakka, sirf kuch slots. Bit.ly/inv477 par details dekho. 🚀",1,tips_group
"Hi, KYC pura karne ke liye branch jaye ya official site dekhe. OTP kisi ko na de. Please complete your KYC at our official website or nearest branch. Do not share OTP with anyone. 💰",0,kyc
"Namaste, Aapka Angel One account band hone wala hai, abhi update karo: angelone-kyc.com",1,fake_broker
"प्रिय ग्राहक, Nominee kaise add kare demat account me? Apne DP ki website par jaye. डीमैट अकाउंट में नॉमिनी जोड़ना क्यों ज़रूरी है, जानिए आधिकारिक वेबसाइट पर।",0,education
"Dear investor, Block deal opportunity in unlisted shares, limited slots, invest before listing. ऑफ़र आज खत्म, जल्दी करें।",1,preipo
"Hi, Nominee kaise add kare demat account me? Apne DP ki website par jaye.",0,education
Limited period: exit load waiver till 12 Oct on Nippon Small Cap. Mutual fund investments are subject to market risks. Nippon Small Cap का नया फंड ऑफर 12 Oct से खुल रहा है। ऑफर डॉक्यूमेंट ध्यान से पढ़ें।,0,amc_offer
"Hi, 12 Oct के ट्रेड का कॉन्ट्रैक्ट नोट आपके रजिस्टर्ड ईमेल पर भेजा गया है।",0,contract_note
"प्रिय ग्राहक, New fund offer from Parag Parikh Flexi Cap opens on 5th. Please read the offer document. Visit the official website.",0,amc_offer
"Hi, Download our trading app from this link to start earning: trade-63.apk Get insider stock tips from our expert team in the premium Telegram channel. Last chance, join now.",1,fake_app
"सुनिए, Install the new official app trade-33.apk and get a free bonus. Processing fee ₹25,000 required to unlock your profit, send to 9858451780@paytm. Last chance, join now. Sirf 5 seats bachi, jaldi karo!",1,fake_app
Your Paytm Money account needs urgent update. Login at paytm-money.xyz to avoid suspension.,1,fake_broker
"DEAR CUSTOMER, FAKE APPS AND SURE SHOT TIPS ARE SCAMS. NEVER SHARE OTP. REPORT FRAUD ON 1930 OR CYBERCRIME.GOV.IN.",0,advisory
"DOWNLOAD OUR TRADING APP FROM THIS LINK TO START EARNING: DL.PROFITAPP.IN/APP.APK सिर्फ़ 7 सीट बाकी, आज ही! LIMITED SLOTS. REPLY YES TO CONFIRM.",1,fake_app
"NAV of Parag Parikh Flexi Cap as on 3 Nov is Rs 26.32. Mutual fund investments are subject to market risks, read all scheme related documents carefully. 3 Nov को Parag Parikh Flexi Cap का NAV Rs 26.32 है। म्यूचुअल फंड निवेश बाज़ार जोखिमों के अधीन हैं।",0,nav
"Hello sir, Pre-IPO shares sasta mil raha hai, allotment pakka, sirf kuch slots. Join our VIP Telegram group for sure shot intraday tips and daily calls.",1,preipo
"Namaste, Pre-IPO shares at 40% discount through our institutional account, allotment guaranteed. Send your PIN and OTP to complete KYC verification now. Only 6 seats left, hurry!",1,preipo
"Hello bhai, आपका Upstox अकाउंट अपडेट करें वरना बंद हो जाएगा: upst0x.com Account activate karne ke liye ₹5,000 fee UPI investpro85@ybl pe bhejo. 🚀",1,fake_broker
"आपकी ₹50,000 की SIP 5th तारीख को कटेगी। खाते में बैलेंस रखें।",0,sip
"Namaste, Join our VIP WhatsApp group for sure shot intraday tips and daily calls. Pre-IPO shares sasta mil raha hai, allotment pakka, sirf kuch slots. Bit.ly/inv704 par details dekho.",1,tips_group
"Hi, KYC pura karne ke liye branch jaye ya official site dekhe. OTP kisi ko na de. KYC pura karne ke liye branch jaye ya official site dekhe. OTP kisi ko na de.",0,kyc
"VK-INFO: Bhai kal milte hai, SIP ke baare me baat karni hai.",0,chat
"Hi, Your UPI payment of Rs 4874 to the merchant was successful on 5th. आपके खाते XX3 से Rs 4874 5th को डेबिट हुए। OTP किसी से साझा न करें।",0,bank
"Congratulations! Hamare VIP WhatsApp group me join karo, daily sure shot tips milenge. प्री-IPO शेयर 40% सस्ते, इंस्टिट्यूशनल अकाउंट से अलॉटमेंट पक्का। SEBI registered. Bit.ly/inv659 par details dekho.",1,tips_group
KYC pura karne ke liye branch jaye ya official site dekhe. OTP kisi ko na de.,0,kyc
"Hi, KYC pura karne ke liye branch jaye ya official site dekhe. OTP kisi ko na de. Please complete your KYC at our official website or nearest branch. Do not share OTP with anyone.",0,kyc
"Dear sir/madam, Pay a registration fee of Rs 10000 on UPI investpro79@ybl to activate your account. प्री-IPO शेयर 40% सस्ते, इंस्टिट्यूशनल अकाउंट से अलॉटमेंट पक्का।",1,fee_scam
Nominee kaise add kare demat account me? Apne DP ki website par jaye.,0,education
"Meeting at 5 pm, please bring the demat account documents. Beta, did you check the mutual fund statement? Call me in the evening.",0,chat
"Namaste, Download our trading app from this link to start earning: dl.profitapp.in/app.apk Details: t.me/inv358 Bit.ly/inv358 par details dekho.",1,fake_app
"VK-INFO: डीमैट अकाउंट में नॉमिनी जोड़ना क्यों ज़रूरी है, जानिए आधिकारिक वेबसाइट पर।",0,education
"सुनिए, Earning start karne ke liye ye app install karo: dl.profitapp.in/app.apk Bit.ly/inv193 par details dekho.",1,fake_app
Your UPI payment of Rs 2969 to the merchant was successful on 25/09. आपके खाते XX3 से Rs 2969 25/09 को डेबिट हुए। OTP किसी से साझा न करें। 🚀,0,bank
"मुनाफ़ा निकालने के लिए आपके फोन पर आया OTP बताइए और AnyDesk इंस्टॉल करें। Last chance, join now.",1,otp_vishing
FAKE APPS AND SURE SHOT TIPS ARE SCAMS. NEVER SHARE OTP. REPORT FRAUD ON 1930 OR CYBERCRIME.GOV.IN. सावधान: गारंटीड रिटर्न और टिप्स वाले ग्रुप से बचें। SEBI की वेबसाइट पर सलाहकार जाँचें।,0,advisory
VK-INFO: Aapke 5th ke trades ka contract note email par bhej diya gaya hai. 🚀,0,contract_note
"CONGRATULATIONS! TO RELEASE YOUR PROFIT, SHARE THE OTP RECEIVED AND INSTALL ANYDESK SO OUR AGENT CAN HELP. SEBI REGISTERED. ऑफ़र आज खत्म, जल्दी करें। 💰",1,otp_vishing
"Hello bhai, 100% assured profit, zero risk, withdraw anytime. Limited slots. Reply YES to confirm. 💰",1,guaranteed
"प्रिय ग्राहक, SEBI advisory: Beware of guaranteed returns and unregistered tips groups. Verify advisers on the SEBI website. 👍",0,advisory
"Hi, Rs 6133 debited from A/c XX6 on 25/09. If not you, call the bank helpline. Never share OTP. आपके खाते XX6 से Rs 6133 25/09 को डेबिट हुए। OTP किसी से साझा न करें।",0,bank
"Congratulations! प्री-IPO शेयर 40% सस्ते, इंस्टिट्यूशनल अकाउंट से अलॉटमेंट पक्का। 100% SEBI approved expert. 👍",1,preipo
5TH को NIPPON SMALL CAP का NAV RS 75.92 है। म्यूचुअल फंड निवेश बाज़ार जोखिमों के अधीन हैं। 5TH को NIPPON SMALL CAP का NAV RS 75.92 है। म्यूचुअल फंड निवेश बाज़ार जोखिमों के अधीन हैं।,0,nav
"Namaste, Account activate karne ke liye Rs 10000 fee UPI investpro51@ybl pe bhejo. एक्सपर्ट टीम से रोज़ जैकपॉट स्टॉक कॉल्स पाएँ, ग्रुप जॉइन करें। Sirf 9 seats bachi, jaldi karo! 100% SEBI approved expert. 💰",1,fee_scam
"Hello sir, Join our VIP WhatsApp group for sure shot intraday tips and daily calls. 100% SEBI approved expert.",1,tips_group
"HELLO SIR, अकाउंट चालू करने के लिए ₹5,000 रजिस्ट्रेशन फीस UPI INVESTPRO84@YBL पर भेजें। TO RELEASE YOUR PROFIT, SHARE THE OTP RECEIVED AND INSTALL ANYDESK SO OUR AGENT CAN HELP.",1,fee_scam
बधाई हो! मुनाफ़ा निकालने के लिए आपके फोन पर आया OTP बताइए और AnyDesk इंस्टॉल करें। 100% SEBI approved expert.,1,otp_vishing
"सुनिए, Account activate karne ke liye ₹50,000 fee UPI 9846074694@paytm pe bhejo.",1,fee_scam
"प्रिय ग्राहक, डीमैट अकाउंट में नॉमिनी जोड़ना क्यों ज़रूरी है, जानिए आधिकारिक वेबसाइट पर। Learn what a nominee is in your demat account. Add a nominee online through your DP.",0,education
"Your SIP of ₹50,000 in Axis Midcap will be processed on 25/09. Please maintain sufficient balance.",0,sip
"Hi, Limited period: exit load waiver till 12 Oct on Nippon Small Cap. Mutual fund investments are subject to market risks.",0,amc_offer
आपके खाते XX6 से Rs 6143 1st को डेबिट हुए। OTP किसी से साझा न करें। आपके खाते XX6 से Rs 6143 1st को डेबिट हुए। OTP किसी से साझा न करें।,0,bank
सावधान: गारंटीड रिटर्न और टिप्स वाले ग्रुप से बचें। SEBI की वेबसाइट पर सलाहकार जाँचें।,0,advisory
"Hello sir, To release your profit, share the OTP received and install AnyDesk so our agent can help. Bit.ly/inv682 par details dekho. सेबी रजिस्टर्ड एक्सपर्ट।",1,otp_vishing
"Hi, Your SIP of ₹50,000 in Parag Parikh Flexi Cap will be processed on 1st. Please maintain sufficient balance.",0,sip
"VK-INFO: Your SIP of ₹50,000 in HDFC Flexi Cap will be processed on 1st. Please maintain sufficient balance. Your SIP of ₹50,000 in HDFC Flexi Cap will be processed on 1st. Please maintain sufficient balance.",0,sip
"Hi, Double your money in 7 days, guaranteed by our fund manager. Last chance, join now.",1,guaranteed
"Dear sir/madam, Account activate karne ke liye ₹50,000 fee UPI investpro76@ybl pe bhejo. Only 4 seats left, hurry!",1,fee_scam
Aaj ka jackpot stock call chahiye? Premium group join karo. Details: t.me/inv174,1,tips_group
"प्री-IPO शेयर 40% सस्ते, इंस्टिट्यूशनल अकाउंट से अलॉटमेंट पक्का।",1,preipo
"CONGRATULATIONS! OUR OPERATOR GROUP GIVES JACKPOT STOCK CALLS EVERY MORNING, JOIN NOW. LAST CHANCE, JOIN NOW.",1,tips_group
VK-INFO: आपके खाते XX6 से RS 5320 12 OCT को डेबिट हुए। OTP किसी से साझा न करें।,0,bank
"SIP ka Rs 10000 12 Oct ko katega, balance rakhna.",0,sip
"Congratulations! Profit withdraw karne ke liye OTP bhejo aur TeamViewer install karo. Sirf 3 seats bachi, jaldi karo!",1,otp_vishing
"HI, CONTRACT NOTE FOR TRADES DONE ON 1ST HAS BEEN SENT TO YOUR REGISTERED EMAIL. CHECK YOUR APP FOR DETAILS.",0,contract_note
VK-INFO: 3 Nov को Parag Parikh Flexi Cap का NAV Rs 146.21 है। म्यूचुअल फंड निवेश बाज़ार जोखिमों के अधीन हैं।,0,nav
"Namaste, Aaj ka jackpot stock call chahiye? Premium group join karo. Bit.ly/inv399 par details dekho. Sirf 5 seats bachi, jaldi karo!",1,tips_group
"Pre-IPO shares sasta mil raha hai, allotment pakka, sirf kuch slots.",1,preipo
आपकी Rs 10000 की SIP 12 Oct तारीख को कटेगी। खाते में बैलेंस रखें।,0,sip
"Dear investor, Pay a registration fee of ₹50,000 on UPI 9825309173@paytm to activate your account. Pre-IPO shares at 40% discount through our institutional account, allotment guaranteed. Only 9 seats left, hurry! Sirf 9 seats bachi, jaldi karo!",1,fee_scam
SEBI advisory: Beware of guaranteed returns and unregistered tips groups. Verify advisers on the SEBI website. सावधान: गारंटीड रिटर्न और टिप्स वाले ग्रुप से बचें। SEBI की वेबसाइट पर सलाहकार जाँचें।,0,advisory
"Hi, Please complete your KYC at our official website or nearest branch. Do not share OTP with anyone.",0,kyc
"Aapka Upstox account band hone wala hai, abhi update karo: upstox-login.in To release your profit, share the OTP received and install AnyDesk so our agent can help. SEBI registered. Last chance, join now.",1,fake_broker
"प्रिय ग्राहक, Bhai kal milte hai, SIP ke baare me baat karni hai. Beta, did you check the mutual fund statement? Call me in the evening.",0,chat
"Dear customer, Dhokhe se bacho: pakka profit ka vaada karne wale group se door rahe. Sirf SEBI registered se milo. 🚀",0,advisory
"Dear customer, Please complete your KYC at our official website or nearest branch. Do not share OTP with anyone.",0,kyc
VK-INFO: Happy Diwali! Wishing you and family a prosperous year.,0,chat
"Hi, New fund offer from SBI Bluechip opens on 5th. Please read the offer document. Visit the official website.",0,amc_offer
"NAV of Parag Parikh Flexi Cap as on 1st is Rs 289.6. Mutual fund investments are subject to market risks, read all scheme related documents carefully.",0,nav
Your SIP of Rs 10000 in SBI Bluechip will be processed on 25/09. Please maintain sufficient balance. Your SIP of Rs 10000 in SBI Bluechip will be processed on 25/09. Please maintain sufficient balance.,0,sip
"प्रिय ग्राहक, Meeting at 5 pm, please bring the demat account documents.",0,chat
"Congratulations! प्री-IPO शेयर 40% सस्ते, इंस्टिट्यूशनल अकाउंट से अलॉटमेंट पक्का।",1,preipo
"Rs 10000 लगाइए और हर महीने 10% का गारंटीड मुनाफ़ा पाइए। सिर्फ़ 8 सीट बाकी, आज ही!",1,guaranteed
"सुनिए, Your Upstox account needs urgent update. Login at upst0x.com to avoid suspension. Limited slots. Reply YES to confirm. Bit.ly/inv826 par details dekho. 💰",1,fake_broker
KYC PURA KARNE KE LIYE BRANCH JAYE YA OFFICIAL SITE DEKHE. OTP KISI KO NA DE.,0,kyc
"Dear sir/madam, Profit withdraw karne ke liye OTP bhejo aur TeamViewer install karo. Details: t.me/inv399 Bit.ly/inv399 par details dekho.",1,otp_vishing
"Hello sir, Double your money in 7 days, guaranteed by our fund manager. Bit.ly/inv409 par details dekho.",1,guaranteed
"Hi, डीमैट अकाउंट में नॉमिनी जोड़ना क्यों ज़रूरी है, जानिए आधिकारिक वेबसाइट पर।",0,education
"प्रिय ग्राहक, SEBI advisory: Beware of guaranteed returns and unregistered tips groups. Verify advisers on the SEBI website. Fake apps and sure shot tips are scams. Never share OTP. Report fraud on 1930 or cybercrime.gov.in.",0,advisory
SBI Bluechip का नया फंड ऑफर 5th से खुल रहा है। ऑफर डॉक्यूमेंट ध्यान से पढ़ें।,0,amc_offer
"Hi, SIP ka ₹5,000 25/09 ko katega, balance rakhna.",0,sip
"Dear customer, Your UPI payment of Rs 364 to the merchant was successful on 25/09. 💰",0,bank
"प्रिय ग्राहक, Nominee kaise add kare demat account me? Apne DP ki website par jaye.",0,education
"VK-INFO: SIP ka ₹25,000 3 Nov ko katega, balance rakhna.",0,sip
Your Groww account needs urgent update. Login at groww-app.in to avoid suspension. Details: t.me/inv530,1,fake_broker
"सुनिए, Our operator group gives jackpot stock calls every morning, join now. Account activate karne ke liye Rs 10000 fee UPI investpro41@ybl pe bhejo. Last chance, join now. 💰",1,tips_group
KYC पूरा करने के लिए आधिकारिक वेबसाइट या नज़दीकी शाखा जाएँ। OTP किसी को न बताएँ।,0,kyc
"Hello sir, Aapka Angel One account band hone wala hai, abhi update karo: angel0ne.in Earning start karne ke liye ye app install karo: trade-23.apk सेबी रजिस्टर्ड एक्सपर्ट।",1,fake_broker
"प्रिय ग्राहक, KYC pura karne ke liye branch jaye ya official site dekhe. OTP kisi ko na de.",0,kyc
25/09 को Axis Midcap का NAV Rs 282.86 है। म्यूचुअल फंड निवेश बाज़ार जोखिमों के अधीन हैं।,0,nav
"बधाई हो! PROFIT WITHDRAW KARNE KE LIYE OTP BHEJO AUR TEAMVIEWER INSTALL KARO. अकाउंट चालू करने के लिए ₹25,000 रजिस्ट्रेशन फीस UPI 9894244390@PAYTM पर भेजें। BIT.LY/INV937 PAR DETAILS DEKHO.",1,otp_vishing
CONGRATULATIONS! SEND YOUR PIN AND OTP TO COMPLETE KYC VERIFICATION NOW. सेबी रजिस्टर्ड एक्सपर्ट।,1,otp_vishing
"Hi, ₹25,000 लगाइए और हर महीने 50% का गारंटीड मुनाफ़ा पाइए। Only 8 seats left, hurry!",1,guaranteed
"Hi, अकाउंट चालू करने के लिए 10 हज़ार रजिस्ट्रेशन फीस UPI investpro61@ybl पर भेजें। Only 3 seats left, hurry!",1,fee_scam
"Hello bhai, Your Zerodha account needs urgent update. Login at zerodha-pro.in to avoid suspension. Details: t.me/inv238",1,fake_broker
"Hello sir, Aapka Upstox account band hone wala hai, abhi update karo: upst0x.com Details: t.me/inv888 Sirf 4 seats bachi, jaldi karo!",1,fake_broker
"Hello sir, Get insider stock tips from our expert team in the premium WhatsApp channel.",1,tips_group
"Hi, Meeting at 5 pm, please bring the demat account documents.",0,chat
"Dear sir/madam, Invest ₹25,000 and get guaranteed 15% returns every month. SEBI registered.",1,guaranteed
"पापा, म्यूचुअल फंड की स्टेटमेंट देखी क्या? शाम को फोन करना।",0,chat
"सुनिए, Install the new official app bit.ly/inv32 and get a free bonus. SEBI registered.",1,fake_app
"Hello bhai, ₹5,000 lagao aur har mahine 20% pakka profit pao, risk zero. Only 6 seats left, hurry!",1,guaranteed
"Congratulations! Aaj ka jackpot stock call chahiye? Premium group join karo. Only 4 seats left, hurry!",1,tips_group
"DEAR CUSTOMER, पापा, म्यूचुअल फंड की स्टेटमेंट देखी क्या? शाम को फोन करना। BHAI KAL MILTE HAI, SIP KE BAARE ME BAAT KARNI HAI.",0,chat
"Dear customer, SEBI advisory: Beware of guaranteed returns and unregistered tips groups. Verify advisers on the SEBI website. 💰",0,advisory
"Dear customer, NAV of Parag Parikh Flexi Cap as on 25/09 is Rs 118.2. Mutual fund investments are subject to market risks, read all scheme related documents carefully. 25/09 को Parag Parikh Flexi Cap का NAV Rs 118.2 है। म्यूचुअल फंड निवेश बाज़ार जोखिमों के अधीन हैं।",0,nav
"प्रिय ग्राहक, 1st को Nippon Small Cap का NAV Rs 315.55 है। म्यूचुअल फंड निवेश बाज़ार जोखिमों के अधीन हैं।",0,nav
VK-INFO: New fund offer from Parag Parikh Flexi Cap opens on 12 Oct. Please read the offer document. Visit the official website. Limited period: exit load waiver till 12 Oct on Parag Parikh Flexi Cap. Mutual fund investments are subject to market risks.,0,amc_offer
Nominee kaise add kare demat account me? Apne DP ki website par jaye.,0,education
"HELLO BHAI, AAPKA PAYTM MONEY ACCOUNT BAND HONE WALA HAI, ABHI UPDATE KARO: PAYTMMONEY-PRO.IN ONLY 9 SEATS LEFT, HURRY!",1,fake_broker
VK-INFO: Please complete your KYC at our official website or nearest branch. Do not share OTP with anyone.,0,kyc
"HELLO BHAI, PROFIT WITHDRAW KARNE KE LIYE OTP BHEJO AUR TEAMVIEWER INSTALL KARO. ACCOUNT ACTIVATE KARNE KE LIYE 10 हज़ार FEE UPI 9810235950@PAYTM PE BHEJO. BIT.LY/INV872 PAR DETAILS DEKHO.",1,otp_vishing
"Dear customer, Learn what a nominee is in your demat account. Add a nominee online through your DP. 👍",0,education
VK-INFO: Please complete your KYC at our official website or nearest branch. Do not share OTP with anyone.,0,kyc
"NAV of HDFC Flexi Cap as on 3 Nov is Rs 377.08. Mutual fund investments are subject to market risks, read all scheme related documents carefully. 3 Nov को HDFC Flexi Cap का NAV Rs 377.08 है। म्यूचुअल फंड निवेश बाज़ार जोखिमों के अधीन हैं।",0,nav
"पैसा दोगुना करें, कोई रिस्क नहीं, पक्का रिटर्न।",1,guaranteed
"Congratulations! Aapka Upstox account band hone wala hai, abhi update karo: upstox-login.in Rs 10000 lagao aur har mahine 20% pakka profit pao, risk zero. 💰",1,fake_broker
"Dear sir/madam, Download our trading app from this link to start earning: trade-58.apk आपका Upstox अकाउंट अपडेट करें वरना बंद हो जाएगा: upst0x.com सिर्फ़ 3 सीट बाकी, आज ही!",1,fake_app
PLEASE COMPLETE YOUR KYC AT OUR OFFICIAL WEBSITE OR NEAREST BRANCH. DO NOT SHARE OTP WITH ANYONE.,0,kyc
बधाई हो! मुनाफ़ा निकालने के लिए आपके फोन पर आया OTP बताइए और AnyDesk इंस्टॉल करें। Offer ends today.,1,otp_vishing
VK-INFO: आपके खाते XX5 से Rs 8687 25/09 को डेबिट हुए। OTP किसी से साझा न करें।,0,bank
"₹25,000 lagao aur har mahine 30% pakka profit pao, risk zero. ऑफ़र आज खत्म, जल्दी करें। Last chance, join now.",1,guaranteed
"बधाई हो! To release your profit, share the OTP received and install AnyDesk so our agent can help. Earning start karne ke liye ye app install karo: dl.profitapp.in/app.apk",1,otp_vishing
"प्रिय ग्राहक, NEW FUND OFFER FROM AXIS MIDCAP OPENS ON 12 OCT. PLEASE READ THE OFFER DOCUMENT. VISIT THE OFFICIAL WEBSITE.",0,amc_offer
"Hi, Hamare VIP WhatsApp group me join karo, daily sure shot tips milenge. Bit.ly/inv959 par details dekho.",1,tips_group
"प्रिय ग्राहक, BHAI KAL MILTE HAI, SIP KE BAARE ME BAAT KARNI HAI. 💰",0,chat
"प्रिय ग्राहक, Nominee kaise add kare demat account me? Apne DP ki website par jaye. डीमैट अकाउंट में नॉमिनी जोड़ना क्यों ज़रूरी है, जानिए आधिकारिक वेबसाइट पर।",0,education
VK-INFO: KYC pura karne ke liye branch jaye ya official site dekhe. OTP kisi ko na de. KYC pura karne ke liye branch jaye ya official site dekhe. OTP kisi ko na de.,0,kyc
Account activate karne ke liye Rs 10000 fee UPI 9848780342@paytm pe bhejo.,1,fee_scam
"प्रिय ग्राहक, Contract note for trades done on 5th has been sent to your registered email. Check your app for details.",0,contract_note
VK-INFO: Nominee kaise add kare demat account me? Apne DP ki website par jaye. 👍,0,education
"VK-INFO: SIP ka ₹50,000 25/09 ko katega, balance rakhna.",0,sip
"HI, NAV OF HDFC FLEXI CAP AS ON 5TH IS RS 293.39. MUTUAL FUND INVESTMENTS ARE SUBJECT TO MARKET RISKS, READ ALL SCHEME RELATED DOCUMENTS CAREFULLY.",0,nav
"Dear customer, Beta, did you check the mutual fund statement? Call me in the evening.",0,chat
"बधाई हो! Pre-IPO shares at 40% discount through our institutional account, allotment guaranteed. Hamare VIP WhatsApp group me join karo, daily sure shot tips milenge. Offer ends today. Only 2 seats left, hurry!",1,preipo
"सुनिए, Install the new official app trade-46.apk and get a free bonus. 100% SEBI approved expert. Details: t.me/inv965",1,fake_app
"Namaste, Double your money in 30 days, guaranteed by our fund manager. Limited slots. Reply YES to confirm. Details: t.me/inv579",1,guaranteed
"Hello bhai, Hamare VIP Telegram group me join karo, daily sure shot tips milenge. Last chance, join now. सिर्फ़ 3 सीट बाकी, आज ही!",1,tips_group
"Install the new official app trade-98.apk and get a free bonus. Only 8 seats left, hurry!",1,fake_app
VK-INFO: Learn what a nominee is in your demat account. Add a nominee online through your DP. Nominee kaise add kare demat account me? Apne DP ki website par jaye.,0,education
OTP for your transaction is 910483. Do not share it with anyone. Valid for 10 minutes.,0,bank
"DEAR SIR/MADAM, EARNING START KARNE KE LIYE YE APP INSTALL KARO: BIT.LY/INV14 PAISA DOUBLE IN 30 DIN, GUARANTEE KE SAATH. सिर्फ़ 5 सीट बाकी, आज ही!",1,fake_app
Download our trading app from this link to start earning: trade-62.apk 🚀,1,fake_app
"Congratulations! Block deal opportunity in unlisted shares, limited slots, invest before listing. Account activate karne ke liye ₹5,000 fee UPI investpro10@ybl pe bhejo.",1,preipo
"Dear customer, Nominee kaise add kare demat account me? Apne DP ki website par jaye. डीमैट अकाउंट में नॉमिनी जोड़ना क्यों ज़रूरी है, जानिए आधिकारिक वेबसाइट पर।",0,education
"प्रिय ग्राहक, Fake apps and sure shot tips are scams. Never share OTP. Report fraud on 1930 or cybercrime.gov.in. SEBI advisory: Beware of guaranteed returns and unregistered tips groups. Verify advisers on the SEBI website.",0,advisory
VK-INFO: Please complete your KYC at our official website or nearest branch. Do not share OTP with anyone.,0,kyc
"Hi, Dhokhe se bacho: pakka profit ka vaada karne wale group se door rahe. Sirf SEBI registered se milo.",0,advisory
"सुनिए, Pre-IPO shares at 40% discount through our institutional account, allotment guaranteed.",1,preipo
"सुनिए, Install the new official app bit.ly/inv40 and get a free bonus. ऑफ़र आज खत्म, जल्दी करें। Sirf 7 seats bachi, jaldi karo! 👍",1,fake_app
Profit withdraw karne ke liye OTP bhejo aur TeamViewer install karo. Details: t.me/inv134,1,otp_vishing
"Dear investor, Account activate karne ke liye Rs 10000 fee UPI 9835809753@paytm pe bhejo. Last chance, join now. Details: t.me/inv995",1,fee_scam
"Dear sir/madam, Account activate karne ke liye Rs 10000 fee UPI investpro28@ybl pe bhejo.",1,fee_scam
"VK-INFO: पापा, म्यूचुअल फंड की स्टेटमेंट देखी क्या? शाम को फोन करना। Meeting at 5 pm, please bring the demat account documents.",0,chat
VK-INFO: OTP for your transaction is 916926. Do not share it with anyone. Valid for 10 minutes.,0,bank
Limited period: exit load waiver till 3 Nov on Nippon Small Cap. Mutual fund investments are subject to market risks. 🚀,0,amc_offer
"प्रिय ग्राहक, आपकी Rs 10000 की SIP 3 Nov तारीख को कटेगी। खाते में बैलेंस रखें।",0,sip
"प्री-IPO शेयर 40% सस्ते, इंस्टिट्यूशनल अकाउंट से अलॉटमेंट पक्का। SEBI registered.",1,preipo
"Hello sir, Your Angel One account needs urgent update. Login at angelone-kyc.com to avoid suspension. Hamare VIP Telegram group me join karo, daily sure shot tips milenge. Only 4 seats left, hurry! Details: t.me/inv545",1,fake_broker
"Dear investor, कमाई शुरू करने के लिए हमारा ऐप डाउनलोड करें: bit.ly/inv22 SEBI registered.",1,fake_app
"प्रिय ग्राहक, New fund offer from Axis Midcap opens on 12 Oct. Please read the offer document. Visit the official website. Axis Midcap का नया फंड ऑफर 12 Oct से खुल रहा है। ऑफर डॉक्यूमेंट ध्यान से पढ़ें।",0,amc_offer
VK-INFO: Nominee kaise add kare demat account me? Apne DP ki website par jaye. Learn what a nominee is in your demat account. Add a nominee online through your DP.,0,education
Axis Midcap का नया फंड ऑफर 5th से खुल रहा है। ऑफर डॉक्यूमेंट ध्यान से पढ़ें।,0,amc_offer
"सुनिए, Install the new official app dl.profitapp.in/app.apk and get a free bonus. ऑफ़र आज खत्म, जल्दी करें। Sirf 9 seats bachi, jaldi karo! 💰",1,fake_app
"Congratulations! हमारे VIP WhatsApp ग्रुप में जुड़ें, रोज़ पक्के इंट्राडे टिप्स मिलेंगे। Groww Pro offers special IPO allotment. Register at groww-india.xyz. Sirf 7 seats bachi, jaldi karo!",1,tips_group
"Hello sir, Your Upstox account needs urgent update. Login at upst0x.com to avoid suspension. Pre-IPO shares sasta mil raha hai, allotment pakka, sirf kuch slots. Offer ends today. Limited slots. Reply YES to confirm. 🚀",1,fake_broker
"DEAR SIR/MADAM, PRE-IPO SHARES SASTA MIL RAHA HAI, ALLOTMENT PAKKA, SIRF KUCH SLOTS. 👍",1,preipo
"DEAR INVESTOR, अकाउंट चालू करने के लिए ₹50,000 रजिस्ट्रेशन फीस UPI INVESTPRO55@YBL पर भेजें।",1,fee_scam
"Hello sir, प्री-IPO शेयर 40% सस्ते, इंस्टिट्यूशनल अकाउंट से अलॉटमेंट पक्का। सेबी रजिस्टर्ड एक्सपर्ट।",1,preipo
"सुनिए, आपका Zerodha अकाउंट अपडेट करें वरना बंद हो जाएगा: zerodha-kyc.net कमाई शुरू करने के लिए हमारा ऐप डाउनलोड करें: dl.profitapp.in/app.apk Bit.ly/inv869 par details dekho. 💰",1,fake_broker
SEBI advisory: Beware of guaranteed returns and unregistered tips groups. Verify advisers on the SEBI website.,0,advisory
25/09 के ट्रेड का कॉन्ट्रैक्ट नोट आपके रजिस्टर्ड ईमेल पर भेजा गया है।,0,contract_note
"₹25,000 lagao aur har mahine 20% pakka profit pao, risk zero. Download our trading app from this link to start earning: trade-65.apk 100% SEBI approved expert.",1,guaranteed
"सुनिए, 100% assured profit, zero risk, withdraw anytime. Sirf 4 seats bachi, jaldi karo!",1,guaranteed
"Hi, अकाउंट चालू करने के लिए 10 हज़ार रजिस्ट्रेशन फीस UPI 9863180597@paytm पर भेजें। Download our trading app from this link to start earning: trade-66.apk Sirf 9 seats bachi, jaldi karo! 🚀",1,fee_scam
Learn what a nominee is in your demat account. Add a nominee online through your DP.,0,education
"Dear customer, 25/09 को Axis Midcap का NAV Rs 328.12 है। म्यूचुअल फंड निवेश बाज़ार जोखिमों के अधीन हैं।",0,nav
"Beta, did you check the mutual fund statement? Call me in the evening.",0,chat
सावधान: गारंटीड रिटर्न और टिप्स वाले ग्रुप से बचें। SEBI की वेबसाइट पर सलाहकार जाँचें।,0,advisory
"Pre-IPO shares sasta mil raha hai, allotment pakka, sirf kuch slots. सिर्फ़ 5 सीट बाकी, आज ही!",1,preipo
KYC pura karne ke liye branch jaye ya official site dekhe. OTP kisi ko na de.,0,kyc
Dhokhe se bacho: pakka profit ka vaada karne wale group se door rahe. Sirf SEBI registered se milo.,0,advisory
"Dear sir/madam, 10 हज़ार lagao aur har mahine 20% pakka profit pao, risk zero. Your Zerodha account needs urgent update. Login at zerodha-kyc.net to avoid suspension. Bit.ly/inv292 par details dekho. Sirf 2 seats bachi, jaldi karo!",1,guaranteed
"Hi, Pre-IPO shares sasta mil raha hai, allotment pakka, sirf kuch slots.",1,preipo
"Dear customer, Fake apps and sure shot tips are scams. Never share OTP. Report fraud on 1930 or cybercrime.gov.in.",0,advisory
VK-INFO: Nominee kaise add kare demat account me? Apne DP ki website par jaye.,0,education
KYC pura karne ke liye branch jaye ya official site dekhe. OTP kisi ko na de.,0,kyc
"Dear customer, Nippon Small Cap का नया फंड ऑफर 5th से खुल रहा है। ऑफर डॉक्यूमेंट ध्यान से पढ़ें। Limited period: exit load waiver till 5th on Nippon Small Cap. Mutual fund investments are subject to market risks. 💰",0,amc_offer
"Hello bhai, Your Paytm Money account needs urgent update. Login at paytmmoney-pro.in to avoid suspension. Sirf 3 seats bachi, jaldi karo!",1,fake_broker
VK-INFO: CONTRACT NOTE FOR TRADES DONE ON 1ST HAS BEEN SENT TO YOUR REGISTERED EMAIL. CHECK YOUR APP FOR DETAILS.,0,contract_note
HDFC Flexi Cap का नया फंड ऑफर 3 Nov से खुल रहा है। ऑफर डॉक्यूमेंट ध्यान से पढ़ें। Limited period: exit load waiver till 3 Nov on HDFC Flexi Cap. Mutual fund investments are subject to market risks.,0,amc_offer
"Aapka Paytm Money account band hone wala hai, abhi update karo: paytm-money.xyz Only 6 seats left, hurry! 💰",1,fake_broker
1st के ट्रेड का कॉन्ट्रैक्ट नोट आपके रजिस्टर्ड ईमेल पर भेजा गया है। 1st के ट्रेड का कॉन्ट्रैक्ट नोट आपके रजिस्टर्ड ईमेल पर भेजा गया है।,0,contract_note
"प्रिय ग्राहक, 1st के ट्रेड का कॉन्ट्रैक्ट नोट आपके रजिस्टर्ड ईमेल पर भेजा गया है।",0,contract_note
"आपका Upstox अकाउंट अपडेट करें वरना बंद हो जाएगा: upst0x.com 100% assured profit, zero risk, withdraw anytime. 100% SEBI approved expert. 👍",1,fake_broker
"BETA, DID YOU CHECK THE MUTUAL FUND STATEMENT? CALL ME IN THE EVENING. 💰",0,chat
"HI, PROFIT WITHDRAW KARNE KE LIYE OTP BHEJO AUR TEAMVIEWER INSTALL KARO. ACCOUNT ACTIVATE KARNE KE LIYE ₹5,000 FEE UPI 9898654835@PAYTM PE BHEJO.",1,otp_vishing
"सुनिए, Pre-IPO shares sasta mil raha hai, allotment pakka, sirf kuch slots. Offer ends today.",1,preipo
"सुनिए, SEND YOUR PIN AND OTP TO COMPLETE KYC VERIFICATION NOW. JOIN OUR VIP WHATSAPP GROUP FOR SURE SHOT INTRADAY TIPS AND DAILY CALLS.",1,otp_vishing
"DEAR INVESTOR, PAY A REGISTRATION FEE OF ₹50,000 ON UPI 9880781702@PAYTM TO ACTIVATE YOUR ACCOUNT. PRE-IPO SHARES SASTA MIL RAHA HAI, ALLOTMENT PAKKA, SIRF KUCH SLOTS. LAST CHANCE, JOIN NOW. SEBI REGISTERED.",1,fee_scam
सावधान: गारंटीड रिटर्न और टिप्स वाले ग्रुप से बचें। SEBI की वेबसाइट पर सलाहकार जाँचें।,0,advisory
"प्रिय ग्राहक, Fake apps and sure shot tips are scams. Never share OTP. Report fraud on 1930 or cybercrime.gov.in.",0,advisory
सावधान: गारंटीड रिटर्न और टिप्स वाले ग्रुप से बचें। SEBI की वेबसाइट पर सलाहकार जाँचें।,0,advisory
"Dear customer, Your SIP of ₹5,000 in HDFC Flexi Cap will be processed on 25/09. Please maintain sufficient balance.",0,sip
"₹50,000 लगाइए और हर महीने 20% का गारंटीड मुनाफ़ा पाइए। Limited slots. Reply YES to confirm.",1,guaranteed
"Namaste, Aapka Angel One account band hone wala hai, abhi update karo: angelone-kyc.com Details: t.me/inv219",1,fake_broker
"Namaste, प्री-IPO शेयर 40% सस्ते, इंस्टिट्यूशनल अकाउंट से अलॉटमेंट पक्का। Download our trading app from this link to start earning: dl.profitapp.in/app.apk Last chance, join now.",1,preipo
SEBI advisory: Beware of guaranteed returns and unregistered tips groups. Verify advisers on the SEBI website.,0,advisory
5th के ट्रेड का कॉन्ट्रैक्ट नोट आपके रजिस्टर्ड ईमेल पर भेजा गया है।,0,contract_note
"Hi, KYC पूरा करने के लिए आधिकारिक वेबसाइट या नज़दीकी शाखा जाएँ। OTP किसी को न बताएँ।",0,kyc
"सुनिए, Profit withdraw karne ke liye OTP bhejo aur TeamViewer install karo. SEBI registered.",1,otp_vishing
"Namaste, Aapka Groww account band hone wala hai, abhi update karo: groww-app.in 🚀",1,fake_broker
"Congratulations! To release your profit, share the OTP received and install AnyDesk so our agent can help. Limited slots. Reply YES to confirm. 👍",1,otp_vishing
"Hi, Install the new official app trade-75.apk and get a free bonus. Send your PIN and OTP to complete KYC verification now. SEBI registered.",1,fake_app
VK-INFO: आपके खाते XX7 से Rs 8699 25/09 को डेबिट हुए। OTP किसी से साझा न करें। 🚀,0,bank
VK-INFO: आपके खाते XX7 से Rs 7169 1st को डेबिट हुए। OTP किसी से साझा न करें।,0,bank
"Hi, KYC पूरा करने के लिए आधिकारिक वेबसाइट या नज़दीकी शाखा जाएँ। OTP किसी को न बताएँ। 🚀",0,kyc
"Dear customer, 1st को Parag Parikh Flexi Cap का NAV Rs 322.66 है। म्यूचुअल फंड निवेश बाज़ार जोखिमों के अधीन हैं।",0,nav
"प्रिय ग्राहक, Bhai kal milte hai, SIP ke baare me baat karni hai.",0,chat
"Hi, Meeting at 5 pm, please bring the demat account documents. पापा, म्यूचुअल फंड की स्टेटमेंट देखी क्या? शाम को फोन करना।",0,chat
"Hi, Install the new official app dl.profitapp.in/app.apk and get a free bonus.",1,fake_app
"प्रिय ग्राहक, YOUR UPI PAYMENT OF RS 4438 TO THE MERCHANT WAS SUCCESSFUL ON 25/09.",0,bank
"HI, आपकी RS 10000 की SIP 5TH तारीख को कटेगी। खाते में बैलेंस रखें।",0,sip
"बधाई हो! मुनाफ़ा निकालने के लिए आपके फोन पर आया OTP बताइए और AnyDesk इंस्टॉल करें। Aapka Zerodha account band hone wala hai, abhi update karo: zerodha-pro.in 100% SEBI approved expert. 🚀",1,otp_vishing
"Aapka Groww account band hone wala hai, abhi update karo: grow.co.in Get insider stock tips from our expert team in the premium WhatsApp channel. Sirf 2 seats bachi, jaldi karo! Only 2 seats left, hurry!",1,fake_broker
Congratulations! Profit withdraw karne ke liye OTP bhejo aur TeamViewer install karo. सेबी रजिस्टर्ड एक्सपर्ट।,1,otp_vishing
"Hello bhai, Account activate karne ke liye ₹25,000 fee UPI 9813969692@paytm pe bhejo. Offer ends today. 🚀",1,fee_scam
VK-INFO: Your UPI payment of Rs 9292 to the merchant was successful on 5th.,0,bank
"Hi, आपके खाते XX4 से Rs 8941 1st को डेबिट हुए। OTP किसी से साझा न करें।",0,bank
Congratulations! Aaj ka jackpot stock call chahiye? Premium group join karo. मुनाफ़ा निकालने के लिए आपके फोन पर आया OTP बताइए और AnyDesk इंस्टॉल करें। Details: t.me/inv211 💰,1,tips_group
"Hello sir, Account activate karne ke liye Rs 10000 fee UPI 9873699458@paytm pe bhejo. Aapka Groww account band hone wala hai, abhi update karo: groww-india.xyz",1,fee_scam
5th को Nippon Small Cap का NAV Rs 364.55 है। म्यूचुअल फंड निवेश बाज़ार जोखिमों के अधीन हैं।,0,nav
"सुनिए, प्री-IPO शेयर 40% सस्ते, इंस्टिट्यूशनल अकाउंट से अलॉटमेंट पक्का। HAMARE VIP TELEGRAM GROUP ME JOIN KARO, DAILY SURE SHOT TIPS MILENGE. BIT.LY/INV223 PAR DETAILS DEKHO.",1,preipo
VK-INFO: OTP for your transaction is 389712. Do not share it with anyone. Valid for 10 minutes. 👍,0,bank
"सुनिए, Paisa double in 15 din, guarantee ke saath. Bit.ly/inv646 par details dekho.",1,guaranteed
"Hello bhai, प्री-IPO शेयर 40% सस्ते, इंस्टिट्यूशनल अकाउंट से अलॉटमेंट पक्का। Join our VIP Telegram group for sure shot intraday tips and daily calls.",1,preipo
"Namaste, कमाई शुरू करने के लिए हमारा ऐप डाउनलोड करें: trade-91.apk 100% SEBI approved expert. सेबी रजिस्टर्ड एक्सपर्ट।",1,fake_app
VK-INFO: आपकी RS 10000 की SIP 1ST तारीख को कटेगी। खाते में बैलेंस रखें। आपकी RS 10000 की SIP 1ST तारीख को कटेगी। खाते में बैलेंस रखें।,0,sip
"Dear customer, 3 Nov को SBI Bluechip का NAV Rs 201.82 है। म्यूचुअल फंड निवेश बाज़ार जोखिमों के अधीन हैं।",0,nav
आपके खाते XX8 से Rs 6598 3 Nov को डेबिट हुए। OTP किसी से साझा न करें।,0,bank
"प्री-IPO शेयर 40% सस्ते, इंस्टिट्यूशनल अकाउंट से अलॉटमेंट पक्का। Double your money in 7 days, guaranteed by our fund manager. ऑफ़र आज खत्म, जल्दी करें।",1,preipo
"Hi, Beta, did you check the mutual fund statement? Call me in the evening.",0,chat
"Hello bhai, Account activate karne ke liye Rs 10000 fee UPI investpro91@ybl pe bhejo.",1,fee_scam
"Hello sir, Pre-IPO shares at 40% discount through our institutional account, allotment guaranteed. Bit.ly/inv556 par details dekho. 👍",1,preipo
"DEAR CUSTOMER, 12 OCT को SBI BLUECHIP का NAV RS 211.57 है। म्यूचुअल फंड निवेश बाज़ार जोखिमों के अधीन हैं।",0,nav
Axis Midcap का नया फंड ऑफर 5th से खुल रहा है। ऑफर डॉक्यूमेंट ध्यान से पढ़ें।,0,amc_offer
"Dear customer, Your SIP of Rs 10000 in SBI Bluechip will be processed on 3 Nov. Please maintain sufficient balance. Your SIP of Rs 10000 in SBI Bluechip will be processed on 3 Nov. Please maintain sufficient balance.",0,sip
Aaj ka jackpot stock call chahiye? Premium group join karo. SEBI registered.,1,tips_group
VK-INFO: Please complete your KYC at our official website or nearest branch. Do not share OTP with anyone. 💰,0,kyc
"Hi, Send your PIN and OTP to complete KYC verification now. ऑफ़र आज खत्म, जल्दी करें। सिर्फ़ 9 सीट बाकी, आज ही!",1,otp_vishing
"DEAR INVESTOR, HAMARE VIP WHATSAPP GROUP ME JOIN KARO, DAILY SURE SHOT TIPS MILENGE. ₹5,000 लगाइए और हर महीने 10% का गारंटीड मुनाफ़ा पाइए। DETAILS: T.ME/INV298 SEBI REGISTERED.",1,tips_group
VK-INFO: KYC PURA KARNE KE LIYE BRANCH JAYE YA OFFICIAL SITE DEKHE. OTP KISI KO NA DE.,0,kyc
"NAV OF AXIS MIDCAP AS ON 25/09 IS RS 50.06. MUTUAL FUND INVESTMENTS ARE SUBJECT TO MARKET RISKS, READ ALL SCHEME RELATED DOCUMENTS CAREFULLY.",0,nav
"Dear sir/madam, To release your profit, share the OTP received and install AnyDesk so our agent can help. Account activate karne ke liye ₹50,000 fee UPI investpro59@ybl pe bhejo.",1,otp_vishing
"HELLO SIR, OUR OPERATOR GROUP GIVES JACKPOT STOCK CALLS EVERY MORNING, JOIN NOW. ONLY 9 SEATS LEFT, HURRY!",1,tips_group
"बधाई हो! BLOCK DEAL OPPORTUNITY IN UNLISTED SHARES, LIMITED SLOTS, INVEST BEFORE LISTING. DOUBLE YOUR MONEY IN 10 DAYS, GUARANTEED BY OUR FUND MANAGER.",1,preipo
"DEAR INVESTOR, INSTALL THE NEW OFFICIAL APP TRADE-26.APK AND GET A FREE BONUS.",1,fake_app
"Hello bhai, Account activate karne ke liye 10 हज़ार fee UPI 9898758654@paytm pe bhejo. Download our trading app from this link to start earning: trade-98.apk Bit.ly/inv629 par details dekho.",1,fee_scam
"Dear customer, Nominee kaise add kare demat account me? Apne DP ki website par jaye.",0,education
"Hello bhai, Block deal opportunity in unlisted shares, limited slots, invest before listing. मुनाफ़ा निकालने के लिए आपके फोन पर आया OTP बताइए और AnyDesk इंस्टॉल करें।",1,preipo
"Dear investor, Download our trading app from this link to start earning: trade-92.apk प्री-IPO शेयर 40% सस्ते, इंस्टिट्यूशनल अकाउंट से अलॉटमेंट पक्का। Details: t.me/inv812",1,fake_app
"Dear customer, 3 Nov के ट्रेड का कॉन्ट्रैक्ट नोट आपके रजिस्टर्ड ईमेल पर भेजा गया है।",0,contract_note
"Dear investor, Paisa double in 15 din, guarantee ke saath. Pre-IPO shares sasta mil raha hai, allotment pakka, sirf kuch slots.",1,guaranteed
"Hello bhai, Upstox Pro offers special IPO allotment. Register at upstox-login.in. 👍",1,fake_broker
"DEAR CUSTOMER, CONTRACT NOTE FOR TRADES DONE ON 25/09 HAS BEEN SENT TO YOUR REGISTERED EMAIL. CHECK YOUR APP FOR DETAILS. 25/09 के ट्रेड का कॉन्ट्रैक्ट नोट आपके रजिस्टर्ड ईमेल पर भेजा गया है।",0,contract_note
VK-INFO: आपकी 10 हज़ार की SIP 1st तारीख को कटेगी। खाते में बैलेंस रखें।,0,sip
VK-INFO: Axis Midcap का नया फंड ऑफर 5th से खुल रहा है। ऑफर डॉक्यूमेंट ध्यान से पढ़ें। Limited period: exit load waiver till 5th on Axis Midcap. Mutual fund investments are subject to market risks.,0,amc_offer
"सुनिए, Pay a registration fee of Rs 10000 on UPI investpro2@ybl to activate your account. प्री-IPO शेयर 40% सस्ते, इंस्टिट्यूशनल अकाउंट से अलॉटमेंट पक्का। Offer ends today.",1,fee_scam
"Hello bhai, मुनाफ़ा निकालने के लिए आपके फोन पर आया OTP बताइए और AnyDesk इंस्टॉल करें। ऑफ़र आज खत्म, जल्दी करें।",1,otp_vishing
"Dear customer, Your UPI payment of Rs 2008 to the merchant was successful on 5th.",0,bank
12 Oct के ट्रेड का कॉन्ट्रैक्ट नोट आपके रजिस्टर्ड ईमेल पर भेजा गया है। 👍,0,contract_note
"SEND YOUR PIN AND OTP TO COMPLETE KYC VERIFICATION NOW. PRE-IPO SHARES SASTA MIL RAHA HAI, ALLOTMENT PAKKA, SIRF KUCH SLOTS. ONLY 4 SEATS LEFT, HURRY!",1,otp_vishing
"Hi, Dhokhe se bacho: pakka profit ka vaada karne wale group se door rahe. Sirf SEBI registered se milo.",0,advisory
"Namaste, ₹50,000 lagao aur har mahine 300% pakka profit pao, risk zero. मुनाफ़ा निकालने के लिए आपके फोन पर आया OTP बताइए और AnyDesk इंस्टॉल करें। 100% SEBI approved expert. SEBI registered.",1,guaranteed
"अकाउंट चालू करने के लिए ₹50,000 रजिस्ट्रेशन फीस UPI investpro27@ybl पर भेजें। एक्सपर्ट टीम से रोज़ जैकपॉट स्टॉक कॉल्स पाएँ, ग्रुप जॉइन करें। सिर्फ़ 3 सीट बाकी, आज ही! Limited slots. Reply YES to confirm.",1,fee_scam
Learn what a nominee is in your demat account. Add a nominee online through your DP. 💰,0,education
"Hi, Limited period: exit load waiver till 25/09 on Axis Midcap. Mutual fund investments are subject to market risks.",0,amc_offer
"Bhai kal milte hai, SIP ke baare me baat karni hai.",0,chat
CONTRACT NOTE FOR TRADES DONE ON 12 OCT HAS BEEN SENT TO YOUR REGISTERED EMAIL. CHECK YOUR APP FOR DETAILS. 12 OCT के ट्रेड का कॉन्ट्रैक्ट नोट आपके रजिस्टर्ड ईमेल पर भेजा गया है।,0,contract_note
"Hi, Limited period: exit load waiver till 3 Nov on HDFC Flexi Cap. Mutual fund investments are subject to market risks.",0,amc_offer
"सुनिए, To release your profit, share the OTP received and install AnyDesk so our agent can help.",1,otp_vishing
"Hello bhai, अकाउंट चालू करने के लिए Rs 10000 रजिस्ट्रेशन फीस UPI 9819163394@paytm पर भेजें। सिर्फ़ 6 सीट बाकी, आज ही!",1,fee_scam
Nominee kaise add kare demat account me? Apne DP ki website par jaye.,0,education
आपके खाते XX7 से Rs 1352 3 Nov को डेबिट हुए। OTP किसी से साझा न करें। 👍,0,bank
बधाई हो! Profit withdraw karne ke liye OTP bhejo aur TeamViewer install karo. Bit.ly/inv748 par details dekho.,1,otp_vishing
"प्रिय ग्राहक, KYC पूरा करने के लिए आधिकारिक वेबसाइट या नज़दीकी शाखा जाएँ। OTP किसी को न बताएँ।",0,kyc
बधाई हो! Invest Rs 10000 and get guaranteed 50% returns every month. Install the new official app trade-99.apk and get a free bonus. सेबी रजिस्टर्ड एक्सपर्ट। 💰,1,guaranteed
"HELLO SIR, एक्सपर्ट टीम से रोज़ जैकपॉट स्टॉक कॉल्स पाएँ, ग्रुप जॉइन करें। OFFER ENDS TODAY.",1,tips_group
बधाई हो! Download our trading app from this link to start earning: dl.profitapp.in/app.apk Offer ends today. 🚀,1,fake_app
"Namaste, प्री-IPO शेयर 40% सस्ते, इंस्टिट्यूशनल अकाउंट से अलॉटमेंट पक्का।",1,preipo
VK-INFO: 3 Nov को HDFC Flexi Cap का NAV Rs 291.34 है। म्यूचुअल फंड निवेश बाज़ार जोखिमों के अधीन हैं।,0,nav
"Profit withdraw karne ke liye OTP bhejo aur TeamViewer install karo. ऑफ़र आज खत्म, जल्दी करें। 🚀",1,otp_vishing
VK-INFO: Please complete your KYC at our official website or nearest branch. Do not share OTP with anyone.,0,kyc
"VK-INFO: डीमैट अकाउंट में नॉमिनी जोड़ना क्यों ज़रूरी है, जानिए आधिकारिक वेबसाइट पर। Nominee kaise add kare demat account me? Apne DP ki website par jaye.",0,education
VK-INFO: Limited period: exit load waiver till 25/09 on HDFC Flexi Cap. Mutual fund investments are subject to market risks. New fund offer from HDFC Flexi Cap opens on 25/09. Please read the offer document. Visit the official website.,0,amc_offer
"कमाई शुरू करने के लिए हमारा ऐप डाउनलोड करें: bit.ly/inv50 ₹25,000 लगाइए और हर महीने 10% का गारंटीड मुनाफ़ा पाइए। Offer ends today. 💰",1,fake_app
Contract note for trades done on 5th has been sent to your registered email. Check your app for details. 5th के ट्रेड का कॉन्ट्रैक्ट नोट आपके रजिस्टर्ड ईमेल पर भेजा गया है।,0,contract_note
"Namaste, Send your PIN and OTP to complete KYC verification now. Block deal opportunity in unlisted shares, limited slots, invest before listing. Only 5 seats left, hurry! Sirf 5 seats bachi, jaldi karo!",1,otp_vishing
बधाई हो! मुनाफ़ा निकालने के लिए आपके फोन पर आया OTP बताइए और AnyDesk इंस्टॉल करें। Join our VIP WhatsApp group for sure shot intraday tips and daily calls.,1,otp_vishing
"बधाई हो! Earning start karne ke liye ye app install karo: dl.profitapp.in/app.apk Our operator group gives jackpot stock calls every morning, join now. Only 2 seats left, hurry! सेबी रजिस्टर्ड एक्सपर्ट।",1,fake_app
"Your SIP of ₹5,000 in SBI Bluechip will be processed on 12 Oct. Please maintain sufficient balance.",0,sip
Congratulations! Your Groww account needs urgent update. Login at groww-app.in to avoid suspension.,1,fake_broker
"DEAR SIR/MADAM, AAPKA GROWW ACCOUNT BAND HONE WALA HAI, ABHI UPDATE KARO: GROWW-INDIA.XYZ 100% SEBI APPROVED EXPERT.",1,fake_broker
Congratulations! मुनाफ़ा निकालने के लिए आपके फोन पर आया OTP बताइए और AnyDesk इंस्टॉल करें। SEBI registered.,1,otp_vishing
"Hi, Fake apps and sure shot tips are scams. Never share OTP. Report fraud on 1930 or cybercrime.gov.in.",0,advisory
"NAMASTE, TO RELEASE YOUR PROFIT, SHARE THE OTP RECEIVED AND INSTALL ANYDESK SO OUR AGENT CAN HELP. सिर्फ़ 3 सीट बाकी, आज ही!",1,otp_vishing
"Hi, Our operator group gives jackpot stock calls every morning, join now. Profit withdraw karne ke liye OTP bhejo aur TeamViewer install karo.",1,tips_group
बधाई हो! Install the new official app trade-51.apk and get a free bonus. Details: t.me/inv596,1,fake_app
"पापा, म्यूचुअल फंड की स्टेटमेंट देखी क्या? शाम को फोन करना।",0,chat
"प्री-IPO शेयर 40% सस्ते, इंस्टिट्यूशनल अकाउंट से अलॉटमेंट पक्का।",1,preipo
"Dear investor, Profit withdraw karne ke liye OTP bhejo aur TeamViewer install karo.",1,otp_vishing
"Hi, 3 Nov को HDFC Flexi Cap का NAV Rs 248.19 है। म्यूचुअल फंड निवेश बाज़ार जोखिमों के अधीन हैं।",0,nav
"HI, YOUR SIP OF ₹25,000 IN SBI BLUECHIP WILL BE PROCESSED ON 1ST. PLEASE MAINTAIN SUFFICIENT BALANCE. SIP KA ₹25,000 1ST KO KATEGA, BALANCE RAKHNA.",0,sip
"Hi, Earning start karne ke liye ye app install karo: trade-65.apk प्री-IPO शेयर 40% सस्ते, इंस्टिट्यूशनल अकाउंट से अलॉटमेंट पक्का।",1,fake_app
"Bhai kal milte hai, SIP ke baare me baat karni hai.",0,chat
"Dear investor, अकाउंट चालू करने के लिए ₹5,000 रजिस्ट्रेशन फीस UPI investpro3@ybl पर भेजें। सेबी रजिस्टर्ड एक्सपर्ट।",1,fee_scam
"प्रिय ग्राहक, Limited period: exit load waiver till 3 Nov on SBI Bluechip. Mutual fund investments are subject to market risks.",0,amc_offer
"प्रिय ग्राहक, 5th के ट्रेड का कॉन्ट्रैक्ट नोट आपके रजिस्टर्ड ईमेल पर भेजा गया है।",0,contract_note
"Dear customer, Limited period: exit load waiver till 3 Nov on Nippon Small Cap. Mutual fund investments are subject to market risks. 🚀",0,amc_offer
"बधाई हो! अकाउंट चालू करने के लिए ₹50,000 रजिस्ट्रेशन फीस UPI investpro6@ybl पर भेजें। Offer ends today.",1,fee_scam
"Hi, पापा, म्यूचुअल फंड की स्टेटमेंट देखी क्या? शाम को फोन करना।",0,chat
"Dear sir/madam, Paisa double in 15 din, guarantee ke saath.",1,guaranteed
"Hi, Contract note for trades done on 5th has been sent to your registered email. Check your app for details.",0,contract_note
"Dear customer, Learn what a nominee is in your demat account. Add a nominee online through your DP.",0,education
"Hello sir, Join our VIP WhatsApp group for sure shot intraday tips and daily calls. Install the new official app dl.profitapp.in/app.apk and get a free bonus.",1,tips_group
"HI, DOWNLOAD OUR TRADING APP FROM THIS LINK TO START EARNING: TRADE-27.APK SIRF 3 SEATS BACHI, JALDI KARO! 100% SEBI APPROVED EXPERT.",1,fake_app
PAY A REGISTRATION FEE OF 10 हज़ार ON UPI INVESTPRO31@YBL TO ACTIVATE YOUR ACCOUNT. OFFER ENDS TODAY.,1,fee_scam
"DEAR CUSTOMER, डीमैट अकाउंट में नॉमिनी जोड़ना क्यों ज़रूरी है, जानिए आधिकारिक वेबसाइट पर। डीमैट अकाउंट में नॉमिनी जोड़ना क्यों ज़रूरी है, जानिए आधिकारिक वेबसाइट पर। 💰",0,education
VK-INFO: 5TH को NIPPON SMALL CAP का NAV RS 166.27 है। म्यूचुअल फंड निवेश बाज़ार जोखिमों के अधीन हैं। 5TH को NIPPON SMALL CAP का NAV RS 166.27 है। म्यूचुअल फंड निवेश बाज़ार जोखिमों के अधीन हैं।,0,nav
"Hi, आपके खाते XX3 से Rs 1963 1st को डेबिट हुए। OTP किसी से साझा न करें।",0,bank
"Dear customer, Aapke 12 Oct ke trades ka contract note email par bhej diya gaya hai.",0,contract_note
"Hi, SIP ka ₹5,000 12 Oct ko katega, balance rakhna.",0,sip
"Dear sir/madam, Download our trading app from this link to start earning: dl.profitapp.in/app.apk ऑफ़र आज खत्म, जल्दी करें।",1,fake_app
New fund offer from Axis Midcap opens on 25/09. Please read the offer document. Visit the official website. Axis Midcap का नया फंड ऑफर 25/09 से खुल रहा है। ऑफर डॉक्यूमेंट ध्यान से पढ़ें। 👍,0,amc_offer
"Hello bhai, पैसा दोगुना करें, कोई रिस्क नहीं, पक्का रिटर्न। Download our trading app from this link to start earning: dl.profitapp.in/app.apk Limited slots. Reply YES to confirm.",1,guaranteed
"Hi, आपके खाते XX7 से Rs 140 3 Nov को डेबिट हुए। OTP किसी से साझा न करें। OTP for your transaction is 145015. Do not share it with anyone. Valid for 10 minutes. 🚀",0,bank
KYC पूरा करने के लिए आधिकारिक वेबसाइट या नज़दीकी शाखा जाएँ। OTP किसी को न बताएँ। KYC PURA KARNE KE LIYE BRANCH JAYE YA OFFICIAL SITE DEKHE. OTP KISI KO NA DE.,0,kyc
"Processing fee 10 हज़ार required to unlock your profit, send to investpro62@ybl. Hamare VIP WhatsApp group me join karo, daily sure shot tips milenge. Last chance, join now. 100% SEBI approved expert.",1,fee_scam
"Namaste, Earning start karne ke liye ye app install karo: dl.profitapp.in/app.apk Aaj ka jackpot stock call chahiye? Premium group join karo. Details: t.me/inv333",1,fake_app
"प्रिय ग्राहक, Limited period: exit load waiver till 1st on Nippon Small Cap. Mutual fund investments are subject to market risks. 🚀",0,amc_offer
LIMITED PERIOD: EXIT LOAD WAIVER TILL 12 OCT ON HDFC FLEXI CAP. MUTUAL FUND INVESTMENTS ARE SUBJECT TO MARKET RISKS.,0,amc_offer
"DEAR SIR/MADAM, INVEST RS 10000 AND GET GUARANTEED 20% RETURNS EVERY MONTH. HAMARE VIP TELEGRAM GROUP ME JOIN KARO, DAILY SURE SHOT TIPS MILENGE. ONLY 2 SEATS LEFT, HURRY! LAST CHANCE, JOIN NOW. 👍",1,guaranteed
"Hi, डीमैट अकाउंट में नॉमिनी जोड़ना क्यों ज़रूरी है, जानिए आधिकारिक वेबसाइट पर। डीमैट अकाउंट में नॉमिनी जोड़ना क्यों ज़रूरी है, जानिए आधिकारिक वेबसाइट पर।",0,education
5th को Axis Midcap का NAV Rs 218.54 है। म्यूचुअल फंड निवेश बाज़ार जोखिमों के अधीन हैं।,0,nav
"Dear customer, आपकी ₹50,000 की SIP 3 Nov तारीख को कटेगी। खाते में बैलेंस रखें। Your SIP of ₹50,000 in SBI Bluechip will be processed on 3 Nov. Please maintain sufficient balance.",0,sip
Fake apps and sure shot tips are scams. Never share OTP. Report fraud on 1930 or cybercrime.gov.in.,0,advisory
"Hello bhai, कमाई शुरू करने के लिए हमारा ऐप डाउनलोड करें: dl.profitapp.in/app.apk Offer ends today. ऑफ़र आज खत्म, जल्दी करें।",1,fake_app
"Pay a registration fee of ₹5,000 on UPI investpro12@ybl to activate your account.",1,fee_scam
"प्रिय ग्राहक, KYC pura karne ke liye branch jaye ya official site dekhe. OTP kisi ko na de.",0,kyc
5th के ट्रेड का कॉन्ट्रैक्ट नोट आपके रजिस्टर्ड ईमेल पर भेजा गया है। Aapke 5th ke trades ka contract note email par bhej diya gaya hai.,0,contract_note
"सुनिए, Download our trading app from this link to start earning: trade-20.apk सिर्फ़ 6 सीट बाकी, आज ही! Last chance, join now.",1,fake_app
Aapke 1st ke trades ka contract note email par bhej diya gaya hai.,0,contract_note
"Hi, Processing fee Rs 10000 required to unlock your profit, send to 9811668238@paytm. Our operator group gives jackpot stock calls every morning, join now. Bit.ly/inv736 par details dekho. Offer ends today.",1,fee_scam
"Hi, Your SIP of ₹25,000 in Nippon Small Cap will be processed on 12 Oct. Please maintain sufficient balance.",0,sip
VK-INFO: KYC पूरा करने के लिए आधिकारिक वेबसाइट या नज़दीकी शाखा जाएँ। OTP किसी को न बताएँ।,0,kyc
10 हज़ार लगाइए और हर महीने 50% का गारंटीड मुनाफ़ा पाइए। SEBI REGISTERED. OFFER ENDS TODAY.,1,guaranteed
"HI, SIP KA RS 10000 5TH KO KATEGA, BALANCE RAKHNA.",0,sip
"HELLO BHAI, BLOCK DEAL OPPORTUNITY IN UNLISTED SHARES, LIMITED SLOTS, INVEST BEFORE LISTING. BIT.LY/INV744 PAR DETAILS DEKHO. ऑफ़र आज खत्म, जल्दी करें।",1,preipo
"Your Groww account needs urgent update. Login at groww-app.in to avoid suspension. Block deal opportunity in unlisted shares, limited slots, invest before listing.",1,fake_broker
"NAMASTE, पैसा दोगुना करें, कोई रिस्क नहीं, पक्का रिटर्न। PAY A REGISTRATION FEE OF ₹50,000 ON UPI 9841061640@PAYTM TO ACTIVATE YOUR ACCOUNT. सेबी रजिस्टर्ड एक्सपर्ट। SEBI REGISTERED. 💰",1,guaranteed
"Hello bhai, अकाउंट चालू करने के लिए ₹50,000 रजिस्ट्रेशन फीस UPI 9802242986@paytm पर भेजें।",1,fee_scam
"Hello bhai, Get insider stock tips from our expert team in the premium Telegram channel. Install the new official app dl.profitapp.in/app.apk and get a free bonus. Offer ends today. Details: t.me/inv354",1,tips_group
"Dear customer, आपकी ₹50,000 की SIP 5th तारीख को कटेगी। खाते में बैलेंस रखें। Your SIP of ₹50,000 in SBI Bluechip will be processed on 5th. Please maintain sufficient balance. 👍",0,sip
"Hi, Profit withdraw karne ke liye OTP bhejo aur TeamViewer install karo. Processing fee ₹25,000 required to unlock your profit, send to investpro55@ybl. Bit.ly/inv253 par details dekho.",1,otp_vishing
"Hi, Dhokhe se bacho: pakka profit ka vaada karne wale group se door rahe. Sirf SEBI registered se milo.",0,advisory
"Hi, Profit withdraw karne ke liye OTP bhejo aur TeamViewer install karo. Aapka Zerodha account band hone wala hai, abhi update karo: zerodha-pro.in 100% SEBI approved expert.",1,otp_vishing
"प्रिय ग्राहक, Happy Diwali! Wishing you and family a prosperous year. Bhai kal milte hai, SIP ke baare me baat karni hai.",0,chat
"Hi, SIP ka ₹25,000 12 Oct ko katega, balance rakhna. Your SIP of ₹25,000 in Axis Midcap will be processed on 12 Oct. Please maintain sufficient balance.",0,sip
"Dear customer, आपकी ₹5,000 की SIP 3 Nov तारीख को कटेगी। खाते में बैलेंस रखें। आपकी ₹5,000 की SIP 3 Nov तारीख को कटेगी। खाते में बैलेंस रखें।",0,sip
"Dear sir/madam, Your Angel One account needs urgent update. Login at angel0ne.in to avoid suspension. SEBI registered.",1,fake_broker
New fund offer from Axis Midcap opens on 5th. Please read the offer document. Visit the official website. 💰,0,amc_offer
"HELLO SIR, ACCOUNT ACTIVATE KARNE KE LIYE 10 हज़ार FEE UPI 9815470527@PAYTM PE BHEJO. LAST CHANCE, JOIN NOW.",1,fee_scam
"बधाई हो! Double your money in 10 days, guaranteed by our fund manager. Block deal opportunity in unlisted shares, limited slots, invest before listing. 100% SEBI approved expert.",1,guaranteed
"Hello sir, Pre-IPO shares sasta mil raha hai, allotment pakka, sirf kuch slots. Sirf 6 seats bachi, jaldi karo!",1,preipo
"Dear customer, 5th के ट्रेड का कॉन्ट्रैक्ट नोट आपके रजिस्टर्ड ईमेल पर भेजा गया है। 5th के ट्रेड का कॉन्ट्रैक्ट नोट आपके रजिस्टर्ड ईमेल पर भेजा गया है।",0,contract_note
आपके खाते XX3 से Rs 3604 25/09 को डेबिट हुए। OTP किसी से साझा न करें।,0,bank
"HELLO BHAI, मुनाफ़ा निकालने के लिए आपके फोन पर आया OTP बताइए और ANYDESK इंस्टॉल करें। BIT.LY/INV552 PAR DETAILS DEKHO. 100% SEBI APPROVED EXPERT.",1,otp_vishing
"सुनिए, मुनाफ़ा निकालने के लिए आपके फोन पर आया OTP बताइए और AnyDesk इंस्टॉल करें। Pre-IPO shares sasta mil raha hai, allotment pakka, sirf kuch slots. Sirf 6 seats bachi, jaldi karo!",1,otp_vishing
"Namaste, Install the new official app bit.ly/inv45 and get a free bonus. Pre-IPO shares sasta mil raha hai, allotment pakka, sirf kuch slots. Details: t.me/inv733",1,fake_app
"Hello sir, Aapka Angel One account band hone wala hai, abhi update karo: angelone-kyc.com",1,fake_broker
"प्रिय ग्राहक, FAKE APPS AND SURE SHOT TIPS ARE SCAMS. NEVER SHARE OTP. REPORT FRAUD ON 1930 OR CYBERCRIME.GOV.IN. 👍",0,advisory
"Hi, SEBI advisory: Beware of guaranteed returns and unregistered tips groups. Verify advisers on the SEBI website. 👍",0,advisory
"Hi, 25/09 को SBI Bluechip का NAV Rs 222.68 है। म्यूचुअल फंड निवेश बाज़ार जोखिमों के अधीन हैं। NAV of SBI Bluechip as on 25/09 is Rs 222.68. Mutual fund investments are subject to market risks, read all scheme related documents carefully.",0,nav
"Rs 2300 debited from A/c XX7 on 3 Nov. If not you, call the bank helpline. Never share OTP.",0,bank
"VK-INFO: डीमैट अकाउंट में नॉमिनी जोड़ना क्यों ज़रूरी है, जानिए आधिकारिक वेबसाइट पर।",0,education
"To release your profit, share the OTP received and install AnyDesk so our agent can help. SEBI registered.",1,otp_vishing
Your Paytm Money account needs urgent update. Login at paytmmoney-pro.in to avoid suspension.,1,fake_broker
Congratulations! Install the new official app dl.profitapp.in/app.apk and get a free bonus. Upstox Pro offers special IPO allotment. Register at upstox-login.in. 💰,1,fake_app
"Hello sir, मुनाफ़ा निकालने के लिए आपके फोन पर आया OTP बताइए और AnyDesk इंस्टॉल करें। Invest Rs 10000 and get guaranteed 20% returns every month. Bit.ly/inv175 par details dekho. Limited slots. Reply YES to confirm.",1,otp_vishing
"सुनिए, Pay a registration fee of ₹50,000 on UPI investpro58@ybl to activate your account. Block deal opportunity in unlisted shares, limited slots, invest before listing. Bit.ly/inv774 par details dekho. Last chance, join now.",1,fee_scam
"Namaste, पैसा दोगुना करें, कोई रिस्क नहीं, पक्का रिटर्न। Account activate karne ke liye Rs 10000 fee UPI investpro2@ybl pe bhejo. 100% SEBI approved expert.",1,guaranteed
3 NOV को AXIS MIDCAP का NAV RS 278.21 है। म्यूचुअल फंड निवेश बाज़ार जोखिमों के अधीन हैं।,0,nav
"Dear investor, आपका Groww अकाउंट अपडेट करें वरना बंद हो जाएगा: grow.co.in",1,fake_broker
"Hello sir, Aapka Angel One account band hone wala hai, abhi update karo: angel0ne.in Invest Rs 10000 and get guaranteed 15% returns every month.",1,fake_broker
"प्रिय ग्राहक, सावधान: गारंटीड रिटर्न और टिप्स वाले ग्रुप से बचें। SEBI की वेबसाइट पर सलाहकार जाँचें। SEBI advisory: Beware of guaranteed returns and unregistered tips groups. Verify advisers on the SEBI website.",0,advisory
"Hello bhai, ₹5,000 lagao aur har mahine 30% pakka profit pao, risk zero. Download our trading app from this link to start earning: trade-15.apk 100% SEBI approved expert. Limited slots. Reply YES to confirm.",1,guaranteed
"Block deal opportunity in unlisted shares, limited slots, invest before listing. SEBI registered. Details: t.me/inv108",1,preipo
"Double your money in 30 days, guaranteed by our fund manager. प्री-IPO शेयर 40% सस्ते, इंस्टिट्यूशनल अकाउंट से अलॉटमेंट पक्का। ऑफ़र आज खत्म, जल्दी करें। Offer ends today.",1,guaranteed
"SIP ka ₹5,000 12 Oct ko katega, balance rakhna.",0,sip
"Hello bhai, Double your money in 30 days, guaranteed by our fund manager. 👍",1,guaranteed
"Hi, Your SIP of ₹5,000 in Parag Parikh Flexi Cap will be processed on 25/09. Please maintain sufficient balance. Your SIP of ₹5,000 in Parag Parikh Flexi Cap will be processed on 25/09. Please maintain sufficient balance.",0,sip
"Hello sir, Account activate karne ke liye 10 हज़ार fee UPI investpro3@ybl pe bhejo. Get insider stock tips from our expert team in the premium Telegram channel. Limited slots. Reply YES to confirm. 🚀",1,fee_scam
"NAMASTE, PRE-IPO SHARES SASTA MIL RAHA HAI, ALLOTMENT PAKKA, SIRF KUCH SLOTS. SEBI REGISTERED.",1,preipo
VK-INFO: OTP for your transaction is 307423. Do not share it with anyone. Valid for 10 minutes. 👍,0,bank
"Hi, प्री-IPO शेयर 40% सस्ते, इंस्टिट्यूशनल अकाउंट से अलॉटमेंट पक्का। Profit withdraw karne ke liye OTP bhejo aur TeamViewer install karo. Bit.ly/inv760 par details dekho.",1,preipo
"Dear customer, आपकी ₹5,000 की SIP 3 Nov तारीख को कटेगी। खाते में बैलेंस रखें।",0,sip
"PRE-IPO SHARES AT 40% DISCOUNT THROUGH OUR INSTITUTIONAL ACCOUNT, ALLOTMENT GUARANTEED. 100% SEBI APPROVED EXPERT.",1,preipo
"सुनिए, Install the new official app bit.ly/inv23 and get a free bonus. ऑफ़र आज खत्म, जल्दी करें। Sirf 4 seats bachi, jaldi karo!",1,fake_app
OTP for your transaction is 780034. Do not share it with anyone. Valid for 10 minutes. OTP for your transaction is 780034. Do not share it with anyone. Valid for 10 minutes.,0,bank
"Congratulations! Get insider stock tips from our expert team in the premium Telegram channel. प्री-IPO शेयर 40% सस्ते, इंस्टिट्यूशनल अकाउंट से अलॉटमेंट पक्का।",1,tips_group
"DEAR CUSTOMER, PLEASE COMPLETE YOUR KYC AT OUR OFFICIAL WEBSITE OR NEAREST BRANCH. DO NOT SHARE OTP WITH ANYONE.",0,kyc
"Hi, 100% assured profit, zero risk, withdraw anytime.",1,guaranteed
5TH के ट्रेड का कॉन्ट्रैक्ट नोट आपके रजिस्टर्ड ईमेल पर भेजा गया है।,0,contract_note
Limited period: exit load waiver till 1st on SBI Bluechip. Mutual fund investments are subject to market risks.,0,amc_offer
Learn what a nominee is in your demat account. Add a nominee online through your DP.,0,education
"Hi, Limited period: exit load waiver till 5th on SBI Bluechip. Mutual fund investments are subject to market risks.",0,amc_offer
"सुनिए, Processing fee ₹5,000 required to unlock your profit, send to investpro86@ybl. आपका Angel One अकाउंट अपडेट करें वरना बंद हो जाएगा: angel0ne.in SEBI registered.",1,fee_scam
"सुनिए, Paisa double in 30 din, guarantee ke saath. मुनाफ़ा निकालने के लिए आपके फोन पर आया OTP बताइए और AnyDesk इंस्टॉल करें। Only 2 seats left, hurry! Limited slots. Reply YES to confirm.",1,guaranteed
"Hi, Processing fee 10 हज़ार required to unlock your profit, send to 9894824162@paytm. 100% SEBI approved expert.",1,fee_scam
"Your SIP of ₹50,000 in Nippon Small Cap will be processed on 5th. Please maintain sufficient balance.",0,sip
"प्रिय ग्राहक, NEW FUND OFFER FROM NIPPON SMALL CAP OPENS ON 25/09. PLEASE READ THE OFFER DOCUMENT. VISIT THE OFFICIAL WEBSITE.",0,amc_offer
"Your Angel One account needs urgent update. Login at angelone-kyc.com to avoid suspension. Details: t.me/inv647 Only 8 seats left, hurry!",1,fake_broker
25/09 के ट्रेड का कॉन्ट्रैक्ट नोट आपके रजिस्टर्ड ईमेल पर भेजा गया है। 25/09 के ट्रेड का कॉन्ट्रैक्ट नोट आपके रजिस्टर्ड ईमेल पर भेजा गया है।,0,contract_note
"Dear customer, 5th को Axis Midcap का NAV Rs 174.2 है। म्यूचुअल फंड निवेश बाज़ार जोखिमों के अधीन हैं।",0,nav
"Invest ₹50,000 and get guaranteed 15% returns every month. Details: t.me/inv788",1,guaranteed
"Dear customer, NAV of Nippon Small Cap as on 12 Oct is Rs 245.15. Mutual fund investments are subject to market risks, read all scheme related documents carefully.",0,nav
"Hi, Earning start karne ke liye ye app install karo: dl.profitapp.in/app.apk Account activate karne ke liye ₹5,000 fee UPI 9881343408@paytm pe bhejo. सिर्फ़ 7 सीट बाकी, आज ही!",1,fake_app
"Hi, OTP for your transaction is 926144. Do not share it with anyone. Valid for 10 minutes. Your UPI payment of Rs 2022 to the merchant was successful on 12 Oct.",0,bank
"Dear customer, SIP ka 10 हज़ार 3 Nov ko katega, balance rakhna. SIP ka 10 हज़ार 3 Nov ko katega, balance rakhna.",0,sip
"सुनिए, Hamare VIP Telegram group me join karo, daily sure shot tips milenge.",1,tips_group
Congratulations! Earning start karne ke liye ye app install karo: dl.profitapp.in/app.apk Aaj ka jackpot stock call chahiye? Premium group join karo. Details: t.me/inv272 💰,1,fake_app
VK-INFO: Your UPI payment of Rs 7099 to the merchant was successful on 25/09.,0,bank
"Hi, डीमैट अकाउंट में नॉमिनी जोड़ना क्यों ज़रूरी है, जानिए आधिकारिक वेबसाइट पर।",0,education
"Dear customer, Learn what a nominee is in your demat account. Add a nominee online through your DP. डीमैट अकाउंट में नॉमिनी जोड़ना क्यों ज़रूरी है, जानिए आधिकारिक वेबसाइट पर।",0,education
VK-INFO: Please complete your KYC at our official website or nearest branch. Do not share OTP with anyone. Please complete your KYC at our official website or nearest branch. Do not share OTP with anyone.,0,kyc
"प्रिय ग्राहक, आपकी ₹50,000 की SIP 3 Nov तारीख को कटेगी। खाते में बैलेंस रखें। Your SIP of ₹50,000 in HDFC Flexi Cap will be processed on 3 Nov. Please maintain sufficient balance.",0,sip
"Rs 5660 debited from A/c XX3 on 1st. If not you, call the bank helpline. Never share OTP. Rs 5660 debited from A/c XX3 on 1st. If not you, call the bank helpline. Never share OTP.",0,bank
OTP for your transaction is 270848. Do not share it with anyone. Valid for 10 minutes.,0,bank
"Hi, Please complete your KYC at our official website or nearest branch. Do not share OTP with anyone. KYC pura karne ke liye branch jaye ya official site dekhe. OTP kisi ko na de. 🚀",0,kyc
"Dear sir/madam, Install the new official app trade-36.apk and get a free bonus. अकाउंट चालू करने के लिए ₹5,000 रजिस्ट्रेशन फीस UPI investpro70@ybl पर भेजें। Limited slots. Reply YES to confirm. 💰",1,fake_app
"Hello sir, Invest Rs 10000 and get guaranteed 10% returns every month. ऑफ़र आज खत्म, जल्दी करें। 💰",1,guaranteed
"सुनिए, पैसा दोगुना करें, कोई रिस्क नहीं, पक्का रिटर्न। Hamare VIP WhatsApp group me join karo, daily sure shot tips milenge. Offer ends today.",1,guaranteed
"Hello bhai, Processing fee ₹5,000 required to unlock your profit, send to 9813682578@paytm. Offer ends today. ऑफ़र आज खत्म, जल्दी करें।",1,fee_scam
"CONGRATULATIONS! AAJ KA JACKPOT STOCK CALL CHAHIYE? PREMIUM GROUP JOIN KARO. BIT.LY/INV140 PAR DETAILS DEKHO. ONLY 5 SEATS LEFT, HURRY!",1,tips_group
"Dear investor, Aaj ka jackpot stock call chahiye? Premium group join karo.",1,tips_group
"Dear investor, हमारे VIP WhatsApp ग्रुप में जुड़ें, रोज़ पक्के इंट्राडे टिप्स मिलेंगे। Account activate karne ke liye ₹5,000 fee UPI investpro82@ybl pe bhejo. सिर्फ़ 6 सीट बाकी, आज ही!",1,tips_group
"Rs 1876 debited from A/c XX7 on 3 Nov. If not you, call the bank helpline. Never share OTP. Your UPI payment of Rs 1876 to the merchant was successful on 3 Nov. 👍",0,bank
"Namaste, 10 हज़ार lagao aur har mahine 50% pakka profit pao, risk zero. सेबी रजिस्टर्ड एक्सपर्ट।",1,guaranteed
VK-INFO: KYC PURA KARNE KE LIYE BRANCH JAYE YA OFFICIAL SITE DEKHE. OTP KISI KO NA DE. PLEASE COMPLETE YOUR KYC AT OUR OFFICIAL WEBSITE OR NEAREST BRANCH. DO NOT SHARE OTP WITH ANYONE.,0,kyc
"प्रिय ग्राहक, Limited period: exit load waiver till 5th on Axis Midcap. Mutual fund investments are subject to market risks.",0,amc_offer
"VK-INFO: Meeting at 5 pm, please bring the demat account documents. Happy Diwali! Wishing you and family a prosperous year. 💰",0,chat
"Congratulations! Pay a registration fee of ₹25,000 on UPI investpro63@ybl to activate your account. सेबी रजिस्टर्ड एक्सपर्ट।",1,fee_scam
"Hi, Learn what a nominee is in your demat account. Add a nominee online through your DP. डीमैट अकाउंट में नॉमिनी जोड़ना क्यों ज़रूरी है, जानिए आधिकारिक वेबसाइट पर।",0,education
"बधाई हो! Install the new official app bit.ly/inv21 and get a free bonus. Rs 10000 lagao aur har mahine 20% pakka profit pao, risk zero. सेबी रजिस्टर्ड एक्सपर्ट।",1,fake_app
"Namaste, अकाउंट चालू करने के लिए ₹50,000 रजिस्ट्रेशन फीस UPI investpro80@ybl पर भेजें। Download our trading app from this link to start earning: dl.profitapp.in/app.apk ऑफ़र आज खत्म, जल्दी करें। 💰",1,fee_scam
"बधाई हो! मुनाफ़ा निकालने के लिए आपके फोन पर आया OTP बताइए और AnyDesk इंस्टॉल करें। Rs 10000 लगाइए और हर महीने 10% का गारंटीड मुनाफ़ा पाइए। Last chance, join now. 100% SEBI approved expert. 👍",1,otp_vishing
"Paisa double in 15 din, guarantee ke saath. Last chance, join now.",1,guaranteed
"सुनिए, Pre-IPO shares sasta mil raha hai, allotment pakka, sirf kuch slots. सेबी रजिस्टर्ड एक्सपर्ट।",1,preipo
"प्रिय ग्राहक, HAPPY DIWALI! WISHING YOU AND FAMILY A PROSPEROUS YEAR. 💰",0,chat
"सुनिए, Install the new official app trade-72.apk and get a free bonus. सेबी रजिस्टर्ड एक्सपर्ट। Limited slots. Reply YES to confirm.",1,fake_app
"Hi, 100% assured profit, zero risk, withdraw anytime. आपका Angel One अकाउंट अपडेट करें वरना बंद हो जाएगा: angelone-kyc.com SEBI registered.",1,guaranteed
"बधाई हो! Get insider stock tips from our expert team in the premium WhatsApp channel. ऑफ़र आज खत्म, जल्दी करें।",1,tips_group
"HI, AAPKE 12 OCT KE TRADES KA CONTRACT NOTE EMAIL PAR BHEJ DIYA GAYA HAI.",0,contract_note
"3 NOV को PARAG PARIKH FLEXI CAP का NAV RS 382.16 है। म्यूचुअल फंड निवेश बाज़ार जोखिमों के अधीन हैं। NAV OF PARAG PARIKH FLEXI CAP AS ON 3 NOV IS RS 382.16. MUTUAL FUND INVESTMENTS ARE SUBJECT TO MARKET RISKS, READ ALL SCHEME RELATED DOCUMENTS CAREFULLY. 👍",0,nav
"Hello sir, Install the new official app dl.profitapp.in/app.apk and get a free bonus. Hamare VIP Telegram group me join karo, daily sure shot tips milenge.",1,fake_app
आपका Groww अकाउंट अपडेट करें वरना बंद हो जाएगा: grow.co.in 100% SEBI approved expert.,1,fake_broker
"सुनिए, Pre-IPO shares at 40% discount through our institutional account, allotment guaranteed.",1,preipo
"Aapka Angel One account band hone wala hai, abhi update karo: angel0ne.in 💰",1,fake_broker
"Congratulations! Processing fee ₹50,000 required to unlock your profit, send to investpro2@ybl.",1,fee_scam
"Dear customer, SBI Bluechip का नया फंड ऑफर 3 Nov से खुल रहा है। ऑफर डॉक्यूमेंट ध्यान से पढ़ें।",0,amc_offer
"Namaste, Get insider stock tips from our expert team in the premium WhatsApp channel. Invest ₹50,000 and get guaranteed 10% returns every month. Offer ends today.",1,tips_group
Parag Parikh Flexi Cap का नया फंड ऑफर 3 Nov से खुल रहा है। ऑफर डॉक्यूमेंट ध्यान से पढ़ें।,0,amc_offer
"Congratulations! कमाई शुरू करने के लिए हमारा ऐप डाउनलोड करें: trade-51.apk ऑफ़र आज खत्म, जल्दी करें।",1,fake_app
"प्रिय ग्राहक, 5th के ट्रेड का कॉन्ट्रैक्ट नोट आपके रजिस्टर्ड ईमेल पर भेजा गया है।",0,contract_note
"Namaste, मुनाफ़ा निकालने के लिए आपके फोन पर आया OTP बताइए और AnyDesk इंस्टॉल करें। Get insider stock tips from our expert team in the premium WhatsApp channel. Limited slots. Reply YES to confirm.",1,otp_vishing
Aaj ka jackpot stock call chahiye? Premium group join karo. Your Zerodha account needs urgent update. Login at zerodha-pro.in to avoid suspension. SEBI registered. Limited slots. Reply YES to confirm.,1,tips_group
VK-INFO: Limited period: exit load waiver till 12 Oct on SBI Bluechip. Mutual fund investments are subject to market risks. 💰,0,amc_offer
"Hi, KYC pura karne ke liye branch jaye ya official site dekhe. OTP kisi ko na de.",0,kyc
आपके खाते XX3 से Rs 1743 3 Nov को डेबिट हुए। OTP किसी से साझा न करें।,0,bank
"Dear customer, New fund offer from Axis Midcap opens on 12 Oct. Please read the offer document. Visit the official website.",0,amc_offer
"सुनिए, Our operator group gives jackpot stock calls every morning, join now.",1,tips_group
"Hello sir, Your Zerodha account needs urgent update. Login at zer0dha.com to avoid suspension. 100% SEBI approved expert.",1,fake_broker
"Hello bhai, Block deal opportunity in unlisted shares, limited slots, invest before listing. Earning start karne ke liye ye app install karo: dl.profitapp.in/app.apk सिर्फ़ 8 सीट बाकी, आज ही! 100% SEBI approved expert.",1,preipo
"Hi, 100% assured profit, zero risk, withdraw anytime.",1,guaranteed
"Dear investor, Paisa double in 30 din, guarantee ke saath. कमाई शुरू करने के लिए हमारा ऐप डाउनलोड करें: dl.profitapp.in/app.apk Sirf 3 seats bachi, jaldi karo! 100% SEBI approved expert.",1,guaranteed
"Hi, 25/09 के ट्रेड का कॉन्ट्रैक्ट नोट आपके रजिस्टर्ड ईमेल पर भेजा गया है।",0,contract_note
"Namaste, Your Zerodha account needs urgent update. Login at zerodha-kyc.net to avoid suspension. Account activate karne ke liye ₹50,000 fee UPI 9831943864@paytm pe bhejo.",1,fake_broker
OTP for your transaction is 560795. Do not share it with anyone. Valid for 10 minutes. OTP for your transaction is 560795. Do not share it with anyone. Valid for 10 minutes.,0,bank
"Hi, Rs 2129 debited from A/c XX4 on 1st. If not you, call the bank helpline. Never share OTP.",0,bank
Limited period: exit load waiver till 1st on HDFC Flexi Cap. Mutual fund investments are subject to market risks. Limited period: exit load waiver till 1st on HDFC Flexi Cap. Mutual fund investments are subject to market risks.,0,amc_offer
"Dear sir/madam, To release your profit, share the OTP received and install AnyDesk so our agent can help.",1,otp_vishing
Get insider stock tips from our expert team in the premium WhatsApp channel. Offer ends today.,1,tips_group
"Hello bhai, आपका Paytm Money अकाउंट अपडेट करें वरना बंद हो जाएगा: paytm-money.xyz",1,fake_broker
"VK-INFO: Meeting at 5 pm, please bring the demat account documents. 🚀",0,chat
"बधाई हो! Hamare VIP WhatsApp group me join karo, daily sure shot tips milenge. 100% assured profit, zero risk, withdraw anytime. Offer ends today. Only 7 seats left, hurry!",1,tips_group
"Hi, SBI Bluechip का नया फंड ऑफर 12 Oct से खुल रहा है। ऑफर डॉक्यूमेंट ध्यान से पढ़ें।",0,amc_offer
Aapke 1st ke trades ka contract note email par bhej diya gaya hai. Contract note for trades done on 1st has been sent to your registered email. Check your app for details.,0,contract_note
VK-INFO: SEBI advisory: Beware of guaranteed returns and unregistered tips groups. Verify advisers on the SEBI website.,0,advisory
"Namaste, Download our trading app from this link to start earning: dl.profitapp.in/app.apk SEBI registered.",1,fake_app
"DEAR CUSTOMER, पापा, म्यूचुअल फंड की स्टेटमेंट देखी क्या? शाम को फोन करना। BETA, DID YOU CHECK THE MUTUAL FUND STATEMENT? CALL ME IN THE EVENING.",0,chat
"प्रिय ग्राहक, Beta, did you check the mutual fund statement? Call me in the evening. Bhai kal milte hai, SIP ke baare me baat karni hai.",0,chat
"Happy Diwali! Wishing you and family a prosperous year. Bhai kal milte hai, SIP ke baare me baat karni hai.",0,chat
JOIN OUR VIP WHATSAPP GROUP FOR SURE SHOT INTRADAY TIPS AND DAILY CALLS. कमाई शुरू करने के लिए हमारा ऐप डाउनलोड करें: DL.PROFITAPP.IN/APP.APK,1,tips_group
"Dear investor, Pre-IPO shares at 40% discount through our institutional account, allotment guaranteed.",1,preipo
"DEAR CUSTOMER, RS 6938 DEBITED FROM A/C XX7 ON 1ST. IF NOT YOU, CALL THE BANK HELPLINE. NEVER SHARE OTP. आपके खाते XX7 से RS 6938 1ST को डेबिट हुए। OTP किसी से साझा न करें।",0,bank
"सुनिए, अकाउंट चालू करने के लिए Rs 10000 रजिस्ट्रेशन फीस UPI 9833275699@paytm पर भेजें। Aaj ka jackpot stock call chahiye? Premium group join karo. सिर्फ़ 5 सीट बाकी, आज ही! Sirf 5 seats bachi, jaldi karo!",1,fee_scam
"प्रिय ग्राहक, AAPKE 1ST KE TRADES KA CONTRACT NOTE EMAIL PAR BHEJ DIYA GAYA HAI. AAPKE 1ST KE TRADES KA CONTRACT NOTE EMAIL PAR BHEJ DIYA GAYA HAI.",0,contract_note
"Dear customer, पापा, म्यूचुअल फंड की स्टेटमेंट देखी क्या? शाम को फोन करना। Beta, did you check the mutual fund statement? Call me in the evening.",0,chat
Send your PIN and OTP to complete KYC verification now. Offer ends today.,1,otp_vishing
"Dear investor, Get insider stock tips from our expert team in the premium WhatsApp channel. Aapka Paytm Money account band hone wala hai, abhi update karo: paytm-money.xyz",1,tips_group
"प्री-IPO शेयर 40% सस्ते, इंस्टिट्यूशनल अकाउंट से अलॉटमेंट पक्का। Hamare VIP WhatsApp group me join karo, daily sure shot tips milenge. Bit.ly/inv336 par details dekho.",1,preipo
"Congratulations! Our operator group gives jackpot stock calls every morning, join now. Only 8 seats left, hurry! 🚀",1,tips_group
"बधाई हो! Paytm Money Pro offers special IPO allotment. Register at paytm-money.xyz. Block deal opportunity in unlisted shares, limited slots, invest before listing. Offer ends today. 🚀",1,fake_broker
"Dear investor, अकाउंट चालू करने के लिए Rs 10000 रजिस्ट्रेशन फीस UPI investpro94@ybl पर भेजें। Only 2 seats left, hurry!",1,fee_scam
"Congratulations! हमारे VIP Telegram ग्रुप में जुड़ें, रोज़ पक्के इंट्राडे टिप्स मिलेंगे। Block deal opportunity in unlisted shares, limited slots, invest before listing. SEBI registered.",1,tips_group
"प्रिय ग्राहक, Bhai kal milte hai, SIP ke baare me baat karni hai.",0,chat
"ZERODHA PRO OFFERS SPECIAL IPO ALLOTMENT. REGISTER AT ZER0DHA.COM. कमाई शुरू करने के लिए हमारा ऐप डाउनलोड करें: BIT.LY/INV48 ऑफ़र आज खत्म, जल्दी करें।",1,fake_broker
"Hi, Fake apps and sure shot tips are scams. Never share OTP. Report fraud on 1930 or cybercrime.gov.in. सावधान: गारंटीड रिटर्न और टिप्स वाले ग्रुप से बचें। SEBI की वेबसाइट पर सलाहकार जाँचें।",0,advisory
"Congratulations! Double your money in 7 days, guaranteed by our fund manager. Sirf 7 seats bachi, jaldi karo!",1,guaranteed
"बधाई हो! Block deal opportunity in unlisted shares, limited slots, invest before listing. Earning start karne ke liye ye app install karo: dl.profitapp.in/app.apk Bit.ly/inv896 par details dekho.",1,preipo
"प्रिय ग्राहक, 3 Nov को HDFC Flexi Cap का NAV Rs 59.48 है। म्यूचुअल फंड निवेश बाज़ार जोखिमों के अधीन हैं।",0,nav
"Hello bhai, कमाई शुरू करने के लिए हमारा ऐप डाउनलोड करें: bit.ly/inv82 Offer ends today. SEBI registered.",1,fake_app
LEARN WHAT A NOMINEE IS IN YOUR DEMAT ACCOUNT. ADD A NOMINEE ONLINE THROUGH YOUR DP. LEARN WHAT A NOMINEE IS IN YOUR DEMAT ACCOUNT. ADD A NOMINEE ONLINE THROUGH YOUR DP.,0,education
"Hello sir, कमाई शुरू करने के लिए हमारा ऐप डाउनलोड करें: trade-79.apk Aapka Paytm Money account band hone wala hai, abhi update karo: paytm-money.xyz Bit.ly/inv643 par details dekho. Sirf 5 seats bachi, jaldi karo!",1,fake_app
"बधाई हो! पैसा दोगुना करें, कोई रिस्क नहीं, पक्का रिटर्न। प्री-IPO शेयर 40% सस्ते, इंस्टिट्यूशनल अकाउंट से अलॉटमेंट पक्का। Details: t.me/inv425 👍",1,guaranteed
Congratulations! Join our VIP Telegram group for sure shot intraday tips and daily calls. SEBI registered. 🚀,1,tips_group
"Pre-IPO shares at 40% discount through our institutional account, allotment guaranteed. ₹25,000 lagao aur har mahine 20% pakka profit pao, risk zero. Limited slots. Reply YES to confirm.",1,preipo
"सुनिए, अकाउंट चालू करने के लिए Rs 10000 रजिस्ट्रेशन फीस UPI 9822186733@paytm पर भेजें। Aapka Paytm Money account band hone wala hai, abhi update karo: paytm-money.xyz",1,fee_scam
"Hello sir, Install the new official app bit.ly/inv96 and get a free bonus.",1,fake_app
"VK-INFO: NAV of Nippon Small Cap as on 3 Nov is Rs 72.55. Mutual fund investments are subject to market risks, read all scheme related documents carefully.",0,nav
"Hi, Beta, did you check the mutual fund statement? Call me in the evening.",0,chat
"Hi, SIP ka ₹25,000 25/09 ko katega, balance rakhna. SIP ka ₹25,000 25/09 ko katega, balance rakhna.",0,sip
"Processing fee ₹25,000 required to unlock your profit, send to 9876881287@paytm.",1,fee_scam
"HELLO BHAI, GET INSIDER STOCK TIPS FROM OUR EXPERT TEAM IN THE PREMIUM TELEGRAM CHANNEL. ONLY 5 SEATS LEFT, HURRY! 🚀",1,tips_group
VK-INFO: Dhokhe se bacho: pakka profit ka vaada karne wale group se door rahe. Sirf SEBI registered se milo.,0,advisory
"सुनिए, Join our VIP Telegram group for sure shot intraday tips and daily calls. Offer ends today. सिर्फ़ 2 सीट बाकी, आज ही!",1,tips_group
"Dear investor, प्री-IPO शेयर 40% सस्ते, इंस्टिट्यूशनल अकाउंट से अलॉटमेंट पक्का।",1,preipo
"Dear investor, आपका Upstox अकाउंट अपडेट करें वरना बंद हो जाएगा: upst0x.com हमारे VIP WhatsApp ग्रुप में जुड़ें, रोज़ पक्के इंट्राडे टिप्स मिलेंगे। Details: t.me/inv498 💰",1,fake_broker
"Namaste, मुनाफ़ा निकालने के लिए आपके फोन पर आया OTP बताइए और AnyDesk इंस्टॉल करें। 100% SEBI approved expert. ऑफ़र आज खत्म, जल्दी करें। 👍",1,otp_vishing
Learn what a nominee is in your demat account. Add a nominee online through your DP. Nominee kaise add kare demat account me? Apne DP ki website par jaye.,0,education
"Dear sir/madam, Processing fee Rs 10000 required to unlock your profit, send to 9818619316@paytm. आपका Upstox अकाउंट अपडेट करें वरना बंद हो जाएगा: upstox-login.in",1,fee_scam
"10 हज़ार LAGAO AUR HAR MAHINE 20% PAKKA PROFIT PAO, RISK ZERO.",1,guaranteed
"Hi, मुनाफ़ा निकालने के लिए आपके फोन पर आया OTP बताइए और AnyDesk इंस्टॉल करें। सिर्फ़ 6 सीट बाकी, आज ही!",1,otp_vishing
"सुनिए, Get insider stock tips from our expert team in the premium WhatsApp channel. Offer ends today. 👍",1,tips_group
"सुनिए, ACCOUNT ACTIVATE KARNE KE LIYE 10 हज़ार FEE UPI INVESTPRO96@YBL PE BHEJO. DOWNLOAD OUR TRADING APP FROM THIS LINK TO START EARNING: DL.PROFITAPP.IN/APP.APK सेबी रजिस्टर्ड एक्सपर्ट। सिर्फ़ 9 सीट बाकी, आज ही!",1,fee_scam
KYC pura karne ke liye branch jaye ya official site dekhe. OTP kisi ko na de.,0,kyc
"Hi, OTP for your transaction is 177350. Do not share it with anyone. Valid for 10 minutes. 👍",0,bank
Dhokhe se bacho: pakka profit ka vaada karne wale group se door rahe. Sirf SEBI registered se milo.,0,advisory
"Dear customer, OTP for your transaction is 914768. Do not share it with anyone. Valid for 10 minutes.",0,bank
"Dear customer, Fake apps and sure shot tips are scams. Never share OTP. Report fraud on 1930 or cybercrime.gov.in. सावधान: गारंटीड रिटर्न और टिप्स वाले ग्रुप से बचें। SEBI की वेबसाइट पर सलाहकार जाँचें।",0,advisory
"Dear customer, Beta, did you check the mutual fund statement? Call me in the evening.",0,chat
Aapke 25/09 ke trades ka contract note email par bhej diya gaya hai. 25/09 के ट्रेड का कॉन्ट्रैक्ट नोट आपके रजिस्टर्ड ईमेल पर भेजा गया है।,0,contract_note
"Dear investor, Pre-IPO shares sasta mil raha hai, allotment pakka, sirf kuch slots.",1,preipo
"Dear customer, SIP ka ₹5,000 12 Oct ko katega, balance rakhna. 💰",0,sip
"Dear sir/madam, To release your profit, share the OTP received and install AnyDesk so our agent can help. Pay a registration fee of ₹5,000 on UPI investpro91@ybl to activate your account. SEBI registered. Limited slots. Reply YES to confirm.",1,otp_vishing
"बधाई हो! Pre-IPO shares sasta mil raha hai, allotment pakka, sirf kuch slots. एक्सपर्ट टीम से रोज़ जैकपॉट स्टॉक कॉल्स पाएँ, ग्रुप जॉइन करें। Limited slots. Reply YES to confirm. 🚀",1,preipo
"Hello bhai, Install the new official app trade-91.apk and get a free bonus. अकाउंट चालू करने के लिए ₹5,000 रजिस्ट्रेशन फीस UPI 9860280458@paytm पर भेजें।",1,fake_app
"प्रिय ग्राहक, Your SIP of Rs 10000 in Parag Parikh Flexi Cap will be processed on 12 Oct. Please maintain sufficient balance.",0,sip
Congratulations! Profit withdraw karne ke liye OTP bhejo aur TeamViewer install karo.,1,otp_vishing
"डीमैट अकाउंट में नॉमिनी जोड़ना क्यों ज़रूरी है, जानिए आधिकारिक वेबसाइट पर। डीमैट अकाउंट में नॉमिनी जोड़ना क्यों ज़रूरी है, जानिए आधिकारिक वेबसाइट पर।",0,education
"सुनिए, Join our VIP WhatsApp group for sure shot intraday tips and daily calls. Bit.ly/inv652 par details dekho. Limited slots. Reply YES to confirm.",1,tips_group
"Rs 9652 debited from A/c XX5 on 5th. If not you, call the bank helpline. Never share OTP. Rs 9652 debited from A/c XX5 on 5th. If not you, call the bank helpline. Never share OTP. 🚀",0,bank
"बधाई हो! Invest Rs 10000 and get guaranteed 10% returns every month. Pre-IPO shares sasta mil raha hai, allotment pakka, sirf kuch slots. सेबी रजिस्टर्ड एक्सपर्ट।",1,guaranteed
VK-INFO: Contract note for trades done on 1st has been sent to your registered email. Check your app for details. Contract note for trades done on 1st has been sent to your registered email. Check your app for details.,0,contract_note
"बधाई हो! 10 हज़ार lagao aur har mahine 300% pakka profit pao, risk zero. Limited slots. Reply YES to confirm.",1,guaranteed
"बधाई हो! PRE-IPO SHARES AT 40% DISCOUNT THROUGH OUR INSTITUTIONAL ACCOUNT, ALLOTMENT GUARANTEED. GET INSIDER STOCK TIPS FROM OUR EXPERT TEAM IN THE PREMIUM TELEGRAM CHANNEL. 100% SEBI APPROVED EXPERT. LAST CHANCE, JOIN NOW.",1,preipo
Send your PIN and OTP to complete KYC verification now. Offer ends today.,1,otp_vishing
"Hi, डीमैट अकाउंट में नॉमिनी जोड़ना क्यों ज़रूरी है, जानिए आधिकारिक वेबसाइट पर।",0,education
Congratulations! Earning start karne ke liye ye app install karo: dl.profitapp.in/app.apk आपका Angel One अकाउंट अपडेट करें वरना बंद हो जाएगा: angel0ne.in 100% SEBI approved expert.,1,fake_app
"Aapka Zerodha account band hone wala hai, abhi update karo: zerodha-kyc.net Install the new official app dl.profitapp.in/app.apk and get a free bonus. SEBI registered. 👍",1,fake_broker
"Congratulations! Your Angel One account needs urgent update. Login at angel0ne.in to avoid suspension. Last chance, join now. Only 7 seats left, hurry!",1,fake_broker
"₹50,000 lagao aur har mahine 15% pakka profit pao, risk zero. मुनाफ़ा निकालने के लिए आपके फोन पर आया OTP बताइए और AnyDesk इंस्टॉल करें। Last chance, join now.",1,guaranteed
"Namaste, Pay a registration fee of ₹50,000 on UPI 9802204062@paytm to activate your account. Download our trading app from this link to start earning: dl.profitapp.in/app.apk",1,fee_scam
"प्रिय ग्राहक, Learn what a nominee is in your demat account. Add a nominee online through your DP. Nominee kaise add kare demat account me? Apne DP ki website par jaye.",0,education
"प्रिय ग्राहक, Beta, did you check the mutual fund statement? Call me in the evening. Happy Diwali! Wishing you and family a prosperous year.",0,chat
"Namaste, Download our trading app from this link to start earning: bit.ly/inv56 Only 8 seats left, hurry!",1,fake_app
Fake apps and sure shot tips are scams. Never share OTP. Report fraud on 1930 or cybercrime.gov.in. 👍,0,advisory
"VK-INFO: NAV of Nippon Small Cap as on 3 Nov is Rs 210.39. Mutual fund investments are subject to market risks, read all scheme related documents carefully.",0,nav
"प्रिय ग्राहक, PLEASE COMPLETE YOUR KYC AT OUR OFFICIAL WEBSITE OR NEAREST BRANCH. DO NOT SHARE OTP WITH ANYONE.",0,kyc
VK-INFO: Parag Parikh Flexi Cap का नया फंड ऑफर 12 Oct से खुल रहा है। ऑफर डॉक्यूमेंट ध्यान से पढ़ें। Limited period: exit load waiver till 12 Oct on Parag Parikh Flexi Cap. Mutual fund investments are subject to market risks.,0,amc_offer
"VK-INFO: पापा, म्यूचुअल फंड की स्टेटमेंट देखी क्या? शाम को फोन करना। 💰",0,chat
"HI, RS 5828 DEBITED FROM A/C XX7 ON 12 OCT. IF NOT YOU, CALL THE BANK HELPLINE. NEVER SHARE OTP.",0,bank
"Dear investor, Pay a registration fee of 10 हज़ार on UPI 9812790355@paytm to activate your account. 10 हज़ार लगाइए और हर महीने 10% का गारंटीड मुनाफ़ा पाइए। SEBI registered. Only 7 seats left, hurry!",1,fee_scam
Earning start karne ke liye ye app install karo: dl.profitapp.in/app.apk SEBI registered.,1,fake_app
"Dear sir/madam, Pre-IPO shares sasta mil raha hai, allotment pakka, sirf kuch slots.",1,preipo
"प्रिय ग्राहक, Meeting at 5 pm, please bring the demat account documents.",0,chat
Nippon Small Cap का नया फंड ऑफर 3 Nov से खुल रहा है। ऑफर डॉक्यूमेंट ध्यान से पढ़ें।,0,amc_offer
"प्रिय ग्राहक, KYC पूरा करने के लिए आधिकारिक वेबसाइट या नज़दीकी शाखा जाएँ। OTP किसी को न बताएँ।",0,kyc
"Earning start karne ke liye ye app install karo: trade-43.apk Aapka Angel One account band hone wala hai, abhi update karo: angelone-kyc.com Only 4 seats left, hurry! SEBI registered.",1,fake_app
Limited period: exit load waiver till 1st on HDFC Flexi Cap. Mutual fund investments are subject to market risks.,0,amc_offer
Your UPI payment of Rs 4955 to the merchant was successful on 25/09.,0,bank
"Congratulations! Account activate karne ke liye ₹50,000 fee UPI investpro82@ybl pe bhejo. Pre-IPO shares sasta mil raha hai, allotment pakka, sirf kuch slots.",1,fee_scam
"Hi, Your Groww account needs urgent update. Login at grow.co.in to avoid suspension. Limited slots. Reply YES to confirm. 100% SEBI approved expert.",1,fake_broker
"Hi, डीमैट अकाउंट में नॉमिनी जोड़ना क्यों ज़रूरी है, जानिए आधिकारिक वेबसाइट पर। 🚀",0,education
"प्रिय ग्राहक, Please complete your KYC at our official website or nearest branch. Do not share OTP with anyone. 👍",0,kyc
KYC पूरा करने के लिए आधिकारिक वेबसाइट या नज़दीकी शाखा जाएँ। OTP किसी को न बताएँ।,0,kyc
"HI, SIP KA ₹5,000 25/09 KO KATEGA, BALANCE RAKHNA.",0,sip
"Dear sir/madam, Profit withdraw karne ke liye OTP bhejo aur TeamViewer install karo.",1,otp_vishing
Learn what a nominee is in your demat account. Add a nominee online through your DP.,0,education
"Dear sir/madam, To release your profit, share the OTP received and install AnyDesk so our agent can help. Pay a registration fee of ₹25,000 on UPI 9819572099@paytm to activate your account. Limited slots. Reply YES to confirm.",1,otp_vishing
"Dear customer, 3 Nov को SBI Bluechip का NAV Rs 375.01 है। म्यूचुअल फंड निवेश बाज़ार जोखिमों के अधीन हैं। 3 Nov को SBI Bluechip का NAV Rs 375.01 है। म्यूचुअल फंड निवेश बाज़ार जोखिमों के अधीन हैं। 💰",0,nav
"Congratulations! Join our VIP WhatsApp group for sure shot intraday tips and daily calls. सिर्फ़ 3 सीट बाकी, आज ही!",1,tips_group
"VK-INFO: NAV of Nippon Small Cap as on 1st is Rs 253.47. Mutual fund investments are subject to market risks, read all scheme related documents carefully. NAV of Nippon Small Cap as on 1st is Rs 253.47. Mutual fund investments are subject to market risks, read all scheme related documents carefully.",0,nav
KYC पूरा करने के लिए आधिकारिक वेबसाइट या नज़दीकी शाखा जाएँ। OTP किसी को न बताएँ।,0,kyc
"HELLO SIR, YOUR ANGEL ONE ACCOUNT NEEDS URGENT UPDATE. LOGIN AT ANGEL0NE.IN TO AVOID SUSPENSION. 👍",1,fake_broker
"Hi, Hamare VIP WhatsApp group me join karo, daily sure shot tips milenge. To release your profit, share the OTP received and install AnyDesk so our agent can help. सेबी रजिस्टर्ड एक्सपर्ट। Offer ends today.",1,tips_group
"Hello sir, Join our VIP Telegram group for sure shot intraday tips and daily calls. Bit.ly/inv214 par details dekho.",1,tips_group
"Hello sir, Aapka Angel One account band hone wala hai, abhi update karo: angel0ne.in 👍",1,fake_broker
"Hi, Your SIP of Rs 10000 in HDFC Flexi Cap will be processed on 5th. Please maintain sufficient balance.",0,sip
Congratulations! Install the new official app trade-72.apk and get a free bonus. Limited slots. Reply YES to confirm. सेबी रजिस्टर्ड एक्सपर्ट। 🚀,1,fake_app
"पापा, म्यूचुअल फंड की स्टेटमेंट देखी क्या? शाम को फोन करना। Happy Diwali! Wishing you and family a prosperous year.",0,chat
"Hi, आपकी Rs 10000 की SIP 25/09 तारीख को कटेगी। खाते में बैलेंस रखें।",0,sip
"DEAR INVESTOR, 10 हज़ार LAGAO AUR HAR MAHINE 300% PAKKA PROFIT PAO, RISK ZERO. OFFER ENDS TODAY.",1,guaranteed
"Namaste, Aapka Zerodha account band hone wala hai, abhi update karo: zer0dha.com Offer ends today. 👍",1,fake_broker
"Hi, आपके खाते XX6 से Rs 5099 1st को डेबिट हुए। OTP किसी से साझा न करें।",0,bank
सावधान: गारंटीड रिटर्न और टिप्स वाले ग्रुप से बचें। SEBI की वेबसाइट पर सलाहकार जाँचें। 👍,0,advisory
"Namaste, Pay a registration fee of Rs 10000 on UPI 9898518526@paytm to activate your account. Download our trading app from this link to start earning: bit.ly/inv76 Sirf 4 seats bachi, jaldi karo! Last chance, join now.",1,fee_scam
"Congratulations! To release your profit, share the OTP received and install AnyDesk so our agent can help.",1,otp_vishing
"Hello bhai, हमारे VIP WhatsApp ग्रुप में जुड़ें, रोज़ पक्के इंट्राडे टिप्स मिलेंगे। 10 हज़ार लगाइए और हर महीने 300% का गारंटीड मुनाफ़ा पाइए। Last chance, join now. Bit.ly/inv274 par details dekho.",1,tips_group
"Dear investor, आपका Paytm Money अकाउंट अपडेट करें वरना बंद हो जाएगा: paytmmoney-pro.in ऑफ़र आज खत्म, जल्दी करें।",1,fake_broker
"बधाई हो! Block deal opportunity in unlisted shares, limited slots, invest before listing. ऑफ़र आज खत्म, जल्दी करें। Bit.ly/inv684 par details dekho.",1,preipo
"Dear customer, आपकी ₹5,000 की SIP 5th तारीख को कटेगी। खाते में बैलेंस रखें।",0,sip
OTP for your transaction is 909583. Do not share it with anyone. Valid for 10 minutes. 💰,0,bank
"Hello sir, आपका Paytm Money अकाउंट अपडेट करें वरना बंद हो जाएगा: paytmmoney-pro.in प्री-IPO शेयर 40% सस्ते, इंस्टिट्यूशनल अकाउंट से अलॉटमेंट पक्का। Only 7 seats left, hurry! 💰",1,fake_broker
"पापा, म्यूचुअल फंड की स्टेटमेंट देखी क्या? शाम को फोन करना।",0,chat
"Hello bhai, Aapka Upstox account band hone wala hai, abhi update karo: upst0x.com Bit.ly/inv753 par details dekho.",1,fake_broker
"Hello bhai, पैसा दोगुना करें, कोई रिस्क नहीं, पक्का रिटर्न। मुनाफ़ा निकालने के लिए आपके फोन पर आया OTP बताइए और AnyDesk इंस्टॉल करें। Last chance, join now. 100% SEBI approved expert.",1,guaranteed
"Pre-IPO shares sasta mil raha hai, allotment pakka, sirf kuch slots. ऑफ़र आज खत्म, जल्दी करें। Limited slots. Reply YES to confirm.",1,preipo
"सुनिए, Install the new official app dl.profitapp.in/app.apk and get a free bonus. Your Angel One account needs urgent update. Login at angelone-kyc.com to avoid suspension.",1,fake_app
"प्रिय ग्राहक, Rs 3346 debited from A/c XX8 on 25/09. If not you, call the bank helpline. Never share OTP.",0,bank
"Dear sir/madam, Groww Pro offers special IPO allotment. Register at groww-india.xyz. Rs 10000 lagao aur har mahine 15% pakka profit pao, risk zero. ऑफ़र आज खत्म, जल्दी करें।",1,fake_broker
"HI, PRE-IPO SHARES AT 40% DISCOUNT THROUGH OUR INSTITUTIONAL ACCOUNT, ALLOTMENT GUARANTEED. ऑफ़र आज खत्म, जल्दी करें।",1,preipo
"SIP ka Rs 10000 1st ko katega, balance rakhna.",0,sip
"प्रिय ग्राहक, OTP for your transaction is 865242. Do not share it with anyone. Valid for 10 minutes.",0,bank
"बधाई हो! Account activate karne ke liye ₹50,000 fee UPI 9879153475@paytm pe bhejo.",1,fee_scam
"Dear investor, Account activate karne ke liye ₹50,000 fee UPI 9827770383@paytm pe bhejo. सेबी रजिस्टर्ड एक्सपर्ट।",1,fee_scam
"₹25,000 lagao aur har mahine 30% pakka profit pao, risk zero. आपका Angel One अकाउंट अपडेट करें वरना बंद हो जाएगा: angelone-kyc.com",1,guaranteed
Limited period: exit load waiver till 1st on Parag Parikh Flexi Cap. Mutual fund investments are subject to market risks. New fund offer from Parag Parikh Flexi Cap opens on 1st. Please read the offer document. Visit the official website.,0,amc_offer
"प्री-IPO शेयर 40% सस्ते, इंस्टिट्यूशनल अकाउंट से अलॉटमेंट पक्का। SEBI registered.",1,preipo
"Dear customer, 25/09 के ट्रेड का कॉन्ट्रैक्ट नोट आपके रजिस्टर्ड ईमेल पर भेजा गया है।",0,contract_note
OTP for your transaction is 918369. Do not share it with anyone. Valid for 10 minutes.,0,bank
"प्रिय ग्राहक, आपकी 10 हज़ार की SIP 12 Oct तारीख को कटेगी। खाते में बैलेंस रखें।",0,sip
"Dear sir/madam, कमाई शुरू करने के लिए हमारा ऐप डाउनलोड करें: bit.ly/inv69 सिर्फ़ 7 सीट बाकी, आज ही!",1,fake_app
"Hello bhai, Processing fee ₹5,000 required to unlock your profit, send to 9804907811@paytm. 100% SEBI approved expert. Sirf 6 seats bachi, jaldi karo!",1,fee_scam
Angel One Pro offers special IPO allotment. Register at angel0ne.in. Details: t.me/inv879,1,fake_broker
"TO RELEASE YOUR PROFIT, SHARE THE OTP RECEIVED AND INSTALL ANYDESK SO OUR AGENT CAN HELP. 10 हज़ार लगाइए और हर महीने 30% का गारंटीड मुनाफ़ा पाइए। DETAILS: T.ME/INV884",1,otp_vishing
"बधाई हो! Download our trading app from this link to start earning: trade-68.apk प्री-IPO शेयर 40% सस्ते, इंस्टिट्यूशनल अकाउंट से अलॉटमेंट पक्का। Only 2 seats left, hurry!",1,fake_app
YOUR UPI PAYMENT OF RS 3566 TO THE MERCHANT WAS SUCCESSFUL ON 5TH.,0,bank
"VK-INFO: Beta, did you check the mutual fund statement? Call me in the evening.",0,chat
"Dear sir/madam, To release your profit, share the OTP received and install AnyDesk so our agent can help. पैसा दोगुना करें, कोई रिस्क नहीं, पक्का रिटर्न। Sirf 9 seats bachi, jaldi karo! 100% SEBI approved expert.",1,otp_vishing
"Hello bhai, Pre-IPO shares at 40% discount through our institutional account, allotment guaranteed. Only 2 seats left, hurry!",1,preipo
"VK-INFO: Nominee kaise add kare demat account me? Apne DP ki website par jaye. डीमैट अकाउंट में नॉमिनी जोड़ना क्यों ज़रूरी है, जानिए आधिकारिक वेबसाइट पर।",0,education
"Hi, डीमैट अकाउंट में नॉमिनी जोड़ना क्यों ज़रूरी है, जानिए आधिकारिक वेबसाइट पर। 👍",0,education
Fake apps and sure shot tips are scams. Never share OTP. Report fraud on 1930 or cybercrime.gov.in. SEBI advisory: Beware of guaranteed returns and unregistered tips groups. Verify advisers on the SEBI website. 👍,0,advisory
"Dear customer, KYC पूरा करने के लिए आधिकारिक वेबसाइट या नज़दीकी शाखा जाएँ। OTP किसी को न बताएँ। Please complete your KYC at our official website or nearest branch. Do not share OTP with anyone.",0,kyc
"HI, BLOCK DEAL OPPORTUNITY IN UNLISTED SHARES, LIMITED SLOTS, INVEST BEFORE LISTING. UPSTOX PRO OFFERS SPECIAL IPO ALLOTMENT. REGISTER AT UPST0X.COM.",1,preipo
"बधाई हो! Account activate karne ke liye ₹5,000 fee UPI investpro33@ybl pe bhejo. Pre-IPO shares sasta mil raha hai, allotment pakka, sirf kuch slots.",1,fee_scam
25/09 को Axis Midcap का NAV Rs 253.07 है। म्यूचुअल फंड निवेश बाज़ार जोखिमों के अधीन हैं।,0,nav
"Hi, प्री-IPO शेयर 40% सस्ते, इंस्टिट्यूशनल अकाउंट से अलॉटमेंट पक्का। Download our trading app from this link to start earning: trade-42.apk Limited slots. Reply YES to confirm.",1,preipo
Contract note for trades done on 3 Nov has been sent to your registered email. Check your app for details.,0,contract_note
"Nominee kaise add kare demat account me? Apne DP ki website par jaye. डीमैट अकाउंट में नॉमिनी जोड़ना क्यों ज़रूरी है, जानिए आधिकारिक वेबसाइट पर।",0,education
"Congratulations! 100% assured profit, zero risk, withdraw anytime. 100% SEBI approved expert. ऑफ़र आज खत्म, जल्दी करें।",1,guaranteed
"Dear customer, आपकी ₹5,000 की SIP 25/09 तारीख को कटेगी। खाते में बैलेंस रखें। SIP ka ₹5,000 25/09 ko katega, balance rakhna. 🚀",0,sip
"Namaste, Pay a registration fee of Rs 10000 on UPI investpro93@ybl to activate your account. SEBI registered. सिर्फ़ 3 सीट बाकी, आज ही!",1,fee_scam
आपकी 10 हज़ार की SIP 5th तारीख को कटेगी। खाते में बैलेंस रखें।,0,sip
"Dear customer, OTP for your transaction is 642461. Do not share it with anyone. Valid for 10 minutes.",0,bank
"आपकी 10 हज़ार की SIP 3 Nov तारीख को कटेगी। खाते में बैलेंस रखें। SIP ka 10 हज़ार 3 Nov ko katega, balance rakhna.",0,sip
"Your Angel One account needs urgent update. Login at angel0ne.in to avoid suspension. Sirf 6 seats bachi, jaldi karo! Details: t.me/inv321",1,fake_broker
"Hi, सावधान: गारंटीड रिटर्न और टिप्स वाले ग्रुप से बचें। SEBI की वेबसाइट पर सलाहकार जाँचें। Dhokhe se bacho: pakka profit ka vaada karne wale group se door rahe. Sirf SEBI registered se milo.",0,advisory
"Dear customer, आपकी ₹50,000 की SIP 5th तारीख को कटेगी। खाते में बैलेंस रखें। 🚀",0,sip
"Hi, पापा, म्यूचुअल फंड की स्टेटमेंट देखी क्या? शाम को फोन करना।",0,chat
12 Oct के ट्रेड का कॉन्ट्रैक्ट नोट आपके रजिस्टर्ड ईमेल पर भेजा गया है।,0,contract_note
"Hi, Aaj ka jackpot stock call chahiye? Premium group join karo. ऑफ़र आज खत्म, जल्दी करें। Only 7 seats left, hurry!",1,tips_group
"CONGRATULATIONS! PRE-IPO SHARES AT 40% DISCOUNT THROUGH OUR INSTITUTIONAL ACCOUNT, ALLOTMENT GUARANTEED. INVEST RS 10000 AND GET GUARANTEED 300% RETURNS EVERY MONTH. सिर्फ़ 4 सीट बाकी, आज ही! OFFER ENDS TODAY.",1,preipo
"प्रिय ग्राहक, OTP FOR YOUR TRANSACTION IS 558586. DO NOT SHARE IT WITH ANYONE. VALID FOR 10 MINUTES. 👍",0,bank
"Dear customer, New fund offer from SBI Bluechip opens on 12 Oct. Please read the offer document. Visit the official website.",0,amc_offer
VK-INFO: आपके खाते XX8 से Rs 5016 5th को डेबिट हुए। OTP किसी से साझा न करें।,0,bank
Fake apps and sure shot tips are scams. Never share OTP. Report fraud on 1930 or cybercrime.gov.in. 👍,0,advisory
"VK-INFO: SIP KA RS 10000 1ST KO KATEGA, BALANCE RAKHNA.",0,sip
"ACCOUNT ACTIVATE KARNE KE LIYE ₹5,000 FEE UPI INVESTPRO99@YBL PE BHEJO. OFFER ENDS TODAY.",1,fee_scam
Congratulations! Zerodha Pro offers special IPO allotment. Register at zer0dha.com.,1,fake_broker
"Send your PIN and OTP to complete KYC verification now. Only 5 seats left, hurry!",1,otp_vishing
Your SIP of Rs 10000 in Nippon Small Cap will be processed on 1st. Please maintain sufficient balance. 💰,0,sip
"VK-INFO: आपके खाते XX4 से Rs 5525 12 Oct को डेबिट हुए। OTP किसी से साझा न करें। Rs 5525 debited from A/c XX4 on 12 Oct. If not you, call the bank helpline. Never share OTP.",0,bank
"प्रिय ग्राहक, Rs 5839 debited from A/c XX3 on 3 Nov. If not you, call the bank helpline. Never share OTP.",0,bank
SEBI advisory: Beware of guaranteed returns and unregistered tips groups. Verify advisers on the SEBI website.,0,advisory
"Meeting at 5 pm, please bring the demat account documents. Happy Diwali! Wishing you and family a prosperous year.",0,chat
"पापा, म्यूचुअल फंड की स्टेटमेंट देखी क्या? शाम को फोन करना। BETA, DID YOU CHECK THE MUTUAL FUND STATEMENT? CALL ME IN THE EVENING.",0,chat
"Dear investor, Your Groww account needs urgent update. Login at groww-app.in to avoid suspension. Details: t.me/inv352",1,fake_broker
New fund offer from Parag Parikh Flexi Cap opens on 3 Nov. Please read the offer document. Visit the official website.,0,amc_offer
"सुनिए, ₹25,000 लगाइए और हर महीने 15% का गारंटीड मुनाफ़ा पाइए। 100% SEBI approved expert.",1,guaranteed
"NAMASTE, ZERODHA PRO OFFERS SPECIAL IPO ALLOTMENT. REGISTER AT ZER0DHA.COM. ACCOUNT ACTIVATE KARNE KE LIYE RS 10000 FEE UPI 9804759036@PAYTM PE BHEJO. सेबी रजिस्टर्ड एक्सपर्ट। OFFER ENDS TODAY.",1,fake_broker
"Hi, मुनाफ़ा निकालने के लिए आपके फोन पर आया OTP बताइए और AnyDesk इंस्टॉल करें। सिर्फ़ 8 सीट बाकी, आज ही!",1,otp_vishing
"हमारे VIP WhatsApp ग्रुप में जुड़ें, रोज़ पक्के इंट्राडे टिप्स मिलेंगे। SEBI registered.",1,tips_group
"Hi, Block deal opportunity in unlisted shares, limited slots, invest before listing. Limited slots. Reply YES to confirm. Details: t.me/inv393 🚀",1,preipo
"Pay a registration fee of ₹50,000 on UPI investpro43@ybl to activate your account. Sirf 6 seats bachi, jaldi karo! Bit.ly/inv326 par details dekho.",1,fee_scam
"Hi, Download our trading app from this link to start earning: dl.profitapp.in/app.apk Our operator group gives jackpot stock calls every morning, join now. सेबी रजिस्टर्ड एक्सपर्ट। Sirf 8 seats bachi, jaldi karo!",1,fake_app
"Dear customer, Contract note for trades done on 1st has been sent to your registered email. Check your app for details.",0,contract_note
Aapke 3 Nov ke trades ka contract note email par bhej diya gaya hai.,0,contract_note
"सुनिए, Earning start karne ke liye ye app install karo: trade-46.apk Last chance, join now.",1,fake_app
"बधाई हो! एक्सपर्ट टीम से रोज़ जैकपॉट स्टॉक कॉल्स पाएँ, ग्रुप जॉइन करें।",1,tips_group
Limited period: exit load waiver till 5th on Axis Midcap. Mutual fund investments are subject to market risks. 💰,0,amc_offer
KYC पूरा करने के लिए आधिकारिक वेबसाइट या नज़दीकी शाखा जाएँ। OTP किसी को न बताएँ।,0,kyc
"Hi, Upstox Pro offers special IPO allotment. Register at upst0x.com. SEBI registered.",1,fake_broker
"डीमैट अकाउंट में नॉमिनी जोड़ना क्यों ज़रूरी है, जानिए आधिकारिक वेबसाइट पर।",0,education
"Hi, पापा, म्यूचुअल फंड की स्टेटमेंट देखी क्या? शाम को फोन करना।",0,chat
बधाई हो! Your Angel One account needs urgent update. Login at angel0ne.in to avoid suspension. SEBI registered.,1,fake_broker
"Dear investor, Send your PIN and OTP to complete KYC verification now. Block deal opportunity in unlisted shares, limited slots, invest before listing. Sirf 2 seats bachi, jaldi karo! Offer ends today. 💰",1,otp_vishing
"Hi, OTP for your transaction is 827667. Do not share it with anyone. Valid for 10 minutes.",0,bank
"आपकी ₹5,000 की SIP 1st तारीख को कटेगी। खाते में बैलेंस रखें। Your SIP of ₹5,000 in Parag Parikh Flexi Cap will be processed on 1st. Please maintain sufficient balance.",0,sip
"DEAR SIR/MADAM, JOIN OUR VIP WHATSAPP GROUP FOR SURE SHOT INTRADAY TIPS AND DAILY CALLS.",1,tips_group
"HI, PRE-IPO SHARES AT 40% DISCOUNT THROUGH OUR INSTITUTIONAL ACCOUNT, ALLOTMENT GUARANTEED.",1,preipo
"Aapka Angel One account band hone wala hai, abhi update karo: angelone-kyc.com Limited slots. Reply YES to confirm.",1,fake_broker
SEBI advisory: Beware of guaranteed returns and unregistered tips groups. Verify advisers on the SEBI website. Dhokhe se bacho: pakka profit ka vaada karne wale group se door rahe. Sirf SEBI registered se milo.,0,advisory
"Your SIP of ₹5,000 in SBI Bluechip will be processed on 1st. Please maintain sufficient balance.",0,sip
Learn what a nominee is in your demat account. Add a nominee online through your DP.,0,education
"बधाई हो! ₹5,000 lagao aur har mahine 50% pakka profit pao, risk zero.",1,guaranteed
"मुनाफ़ा निकालने के लिए आपके फोन पर आया OTP बताइए और AnyDesk इंस्टॉल करें। अकाउंट चालू करने के लिए ₹5,000 रजिस्ट्रेशन फीस UPI 9830069509@paytm पर भेजें। Offer ends today.",1,otp_vishing
"SIP ka ₹50,000 12 Oct ko katega, balance rakhna. SIP ka ₹50,000 12 Oct ko katega, balance rakhna.",0,sip
1ST को AXIS MIDCAP का NAV RS 248.35 है। म्यूचुअल फंड निवेश बाज़ार जोखिमों के अधीन हैं।,0,nav
"Namaste, Earning start karne ke liye ye app install karo: trade-21.apk Last chance, join now.",1,fake_app
"बधाई हो! Pre-IPO shares sasta mil raha hai, allotment pakka, sirf kuch slots. मुनाफ़ा निकालने के लिए आपके फोन पर आया OTP बताइए और AnyDesk इंस्टॉल करें। 100% SEBI approved expert.",1,preipo
"Hi, KYC पूरा करने के लिए आधिकारिक वेबसाइट या नज़दीकी शाखा जाएँ। OTP किसी को न बताएँ।",0,kyc
"Hello bhai, एक्सपर्ट टीम से रोज़ जैकपॉट स्टॉक कॉल्स पाएँ, ग्रुप जॉइन करें। SEBI registered.",1,tips_group
3 Nov के ट्रेड का कॉन्ट्रैक्ट नोट आपके रजिस्टर्ड ईमेल पर भेजा गया है।,0,contract_note
"Hi, 3 Nov को Axis Midcap का NAV Rs 268.3 है। म्यूचुअल फंड निवेश बाज़ार जोखिमों के अधीन हैं।",0,nav
"प्रिय ग्राहक, KYC pura karne ke liye branch jaye ya official site dekhe. OTP kisi ko na de. 💰",0,kyc
"Congratulations! Block deal opportunity in unlisted shares, limited slots, invest before listing. सिर्फ़ 9 सीट बाकी, आज ही!",1,preipo
"NAMASTE, HAMARE VIP WHATSAPP GROUP ME JOIN KARO, DAILY SURE SHOT TIPS MILENGE. 100% ASSURED PROFIT, ZERO RISK, WITHDRAW ANYTIME.",1,tips_group
"Dear customer, सावधान: गारंटीड रिटर्न और टिप्स वाले ग्रुप से बचें। SEBI की वेबसाइट पर सलाहकार जाँचें। 🚀",0,advisory
"Dear investor, Your Angel One account needs urgent update. Login at angelone-kyc.com to avoid suspension.",1,fake_broker
VK-INFO: 1st के ट्रेड का कॉन्ट्रैक्ट नोट आपके रजिस्टर्ड ईमेल पर भेजा गया है।,0,contract_note
"Congratulations! Pay a registration fee of ₹50,000 on UPI 9830435017@paytm to activate your account. Your Upstox account needs urgent update. Login at upst0x.com to avoid suspension. Bit.ly/inv364 par details dekho.",1,fee_scam
"प्रिय ग्राहक, Beta, did you check the mutual fund statement? Call me in the evening. 💰",0,chat
"Download our trading app from this link to start earning: dl.profitapp.in/app.apk Only 3 seats left, hurry! 👍",1,fake_app
"Dear customer, 1st को Nippon Small Cap का NAV Rs 396.85 है। म्यूचुअल फंड निवेश बाज़ार जोखिमों के अधीन हैं। NAV of Nippon Small Cap as on 1st is Rs 396.85. Mutual fund investments are subject to market risks, read all scheme related documents carefully.",0,nav
"DEAR SIR/MADAM, PAY A REGISTRATION FEE OF 10 हज़ार ON UPI 9860414031@PAYTM TO ACTIVATE YOUR ACCOUNT. BLOCK DEAL OPPORTUNITY IN UNLISTED SHARES, LIMITED SLOTS, INVEST BEFORE LISTING. DETAILS: T.ME/INV218",1,fee_scam
"Dear customer, Limited period: exit load waiver till 12 Oct on Nippon Small Cap. Mutual fund investments are subject to market risks. Limited period: exit load waiver till 12 Oct on Nippon Small Cap. Mutual fund investments are subject to market risks.",0,amc_offer
Your Upstox account needs urgent update. Login at upstox-login.in to avoid suspension. Limited slots. Reply YES to confirm.,1,fake_broker
Congratulations! कमाई शुरू करने के लिए हमारा ऐप डाउनलोड करें: bit.ly/inv21 आपका Upstox अकाउंट अपडेट करें वरना बंद हो जाएगा: upstox-login.in Limited slots. Reply YES to confirm. 👍,1,fake_app
"Namaste, Aapka Zerodha account band hone wala hai, abhi update karo: zerodha-kyc.net",1,fake_broker
"हमारे VIP WhatsApp ग्रुप में जुड़ें, रोज़ पक्के इंट्राडे टिप्स मिलेंगे। Details: t.me/inv940",1,tips_group
"सुनिए, हमारे VIP TELEGRAM ग्रुप में जुड़ें, रोज़ पक्के इंट्राडे टिप्स मिलेंगे। ऑफ़र आज खत्म, जल्दी करें।",1,tips_group
OTP for your transaction is 325732. Do not share it with anyone. Valid for 10 minutes. Your UPI payment of Rs 2184 to the merchant was successful on 25/09.,0,bank
"Dear investor, Send your PIN and OTP to complete KYC verification now. सेबी रजिस्टर्ड एक्सपर्ट।",1,otp_vishing
"Dear customer, Beta, did you check the mutual fund statement? Call me in the evening. पापा, म्यूचुअल फंड की स्टेटमेंट देखी क्या? शाम को फोन करना।",0,chat
"Hi, Contract note for trades done on 5th has been sent to your registered email. Check your app for details.",0,contract_note
VK-INFO: Happy Diwali! Wishing you and family a prosperous year. 👍,0,chat
Nominee kaise add kare demat account me? Apne DP ki website par jaye.,0,education
"Rs 2436 debited from A/c XX9 on 1st. If not you, call the bank helpline. Never share OTP. OTP for your transaction is 122475. Do not share it with anyone. Valid for 10 minutes.",0,bank
"VK-INFO: MEETING AT 5 PM, PLEASE BRING THE DEMAT ACCOUNT DOCUMENTS.",0,chat
"बधाई हो! हमारे VIP Telegram ग्रुप में जुड़ें, रोज़ पक्के इंट्राडे टिप्स मिलेंगे। Double your money in 15 days, guaranteed by our fund manager. SEBI registered. 👍",1,tips_group
"Hello bhai, Hamare VIP Telegram group me join karo, daily sure shot tips milenge. Processing fee Rs 10000 required to unlock your profit, send to investpro89@ybl. Sirf 2 seats bachi, jaldi karo!",1,tips_group
"Dear sir/madam, हमारे VIP Telegram ग्रुप में जुड़ें, रोज़ पक्के इंट्राडे टिप्स मिलेंगे। Your Paytm Money account needs urgent update. Login at paytm-money.xyz to avoid suspension. Bit.ly/inv425 par details dekho.",1,tips_group
"Dear investor, Join our VIP WhatsApp group for sure shot intraday tips and daily calls. Pay a registration fee of Rs 10000 on UPI investpro33@ybl to activate your account. 100% SEBI approved expert.",1,tips_group
"Dear customer, Dhokhe se bacho: pakka profit ka vaada karne wale group se door rahe. Sirf SEBI registered se milo.",0,advisory
"Dear sir/madam, Block deal opportunity in unlisted shares, limited slots, invest before listing. Upstox Pro offers special IPO allotment. Register at upstox-login.in.",1,preipo
Fake apps and sure shot tips are scams. Never share OTP. Report fraud on 1930 or cybercrime.gov.in.,0,advisory
"सुनिए, Pre-IPO shares sasta mil raha hai, allotment pakka, sirf kuch slots. Only 4 seats left, hurry! Limited slots. Reply YES to confirm.",1,preipo
"Hi, NAV of Axis Midcap as on 5th is Rs 76.28. Mutual fund investments are subject to market risks, read all scheme related documents carefully.",0,nav
"सुनिए, पैसा दोगुना करें, कोई रिस्क नहीं, पक्का रिटर्न। Offer ends today.",1,guaranteed
VK-INFO: 5th के ट्रेड का कॉन्ट्रैक्ट नोट आपके रजिस्टर्ड ईमेल पर भेजा गया है।,0,contract_note
VK-INFO: AAPKE 25/09 KE TRADES KA CONTRACT NOTE EMAIL PAR BHEJ DIYA GAYA HAI.,0,contract_note
"Hi, SIP ka ₹50,000 3 Nov ko katega, balance rakhna. Your SIP of ₹50,000 in Axis Midcap will be processed on 3 Nov. Please maintain sufficient balance.",0,sip
"Dear sir/madam, Your Upstox account needs urgent update. Login at upst0x.com to avoid suspension. Limited slots. Reply YES to confirm.",1,fake_broker
"Hello sir, प्री-IPO शेयर 40% सस्ते, इंस्टिट्यूशनल अकाउंट से अलॉटमेंट पक्का। Limited slots. Reply YES to confirm. 👍",1,preipo
"Dear customer, Limited period: exit load waiver till 1st on Axis Midcap. Mutual fund investments are subject to market risks. Limited period: exit load waiver till 1st on Axis Midcap. Mutual fund investments are subject to market risks.",0,amc_offer
"Dear customer, पापा, म्यूचुअल फंड की स्टेटमेंट देखी क्या? शाम को फोन करना।",0,chat
"Dear sir/madam, Your Groww account needs urgent update. Login at grow.co.in to avoid suspension. Last chance, join now.",1,fake_broker
"Namaste, Aapka Zerodha account band hone wala hai, abhi update karo: zerodha-pro.in Only 2 seats left, hurry!",1,fake_broker
"Dear customer, OTP for your transaction is 433223. Do not share it with anyone. Valid for 10 minutes.",0,bank
"Congratulations! Block deal opportunity in unlisted shares, limited slots, invest before listing. Offer ends today. सिर्फ़ 2 सीट बाकी, आज ही! 💰",1,preipo
"Hi, डीमैट अकाउंट में नॉमिनी जोड़ना क्यों ज़रूरी है, जानिए आधिकारिक वेबसाइट पर।",0,education
KYC पूरा करने के लिए आधिकारिक वेबसाइट या नज़दीकी शाखा जाएँ। OTP किसी को न बताएँ। 🚀,0,kyc
"₹50,000 लगाइए और हर महीने 50% का गारंटीड मुनाफ़ा पाइए। 100% SEBI approved expert. 💰",1,guaranteed
Dhokhe se bacho: pakka profit ka vaada karne wale group se door rahe. Sirf SEBI registered se milo.,0,advisory
VK-INFO: Aapke 1st ke trades ka contract note email par bhej diya gaya hai.,0,contract_note
"Dear sir/madam, Profit withdraw karne ke liye OTP bhejo aur TeamViewer install karo.",1,otp_vishing
"HI, PROFIT WITHDRAW KARNE KE LIYE OTP BHEJO AUR TEAMVIEWER INSTALL KARO. LAST CHANCE, JOIN NOW. DETAILS: T.ME/INV903",1,otp_vishing
"सुनिए, Aapka Upstox account band hone wala hai, abhi update karo: upstox-login.in Send your PIN and OTP to complete KYC verification now.",1,fake_broker
"प्रिय ग्राहक, PLEASE COMPLETE YOUR KYC AT OUR OFFICIAL WEBSITE OR NEAREST BRANCH. DO NOT SHARE OTP WITH ANYONE.",0,kyc
VK-INFO: सावधान: गारंटीड रिटर्न और टिप्स वाले ग्रुप से बचें। SEBI की वेबसाइट पर सलाहकार जाँचें।,0,advisory
"Hi, Parag Parikh Flexi Cap का नया फंड ऑफर 1st से खुल रहा है। ऑफर डॉक्यूमेंट ध्यान से पढ़ें।",0,amc_offer
Nominee kaise add kare demat account me? Apne DP ki website par jaye. Nominee kaise add kare demat account me? Apne DP ki website par jaye.,0,education
"HI, SBI BLUECHIP का नया फंड ऑफर 5TH से खुल रहा है। ऑफर डॉक्यूमेंट ध्यान से पढ़ें। 💰",0,amc_offer
"NAV of Parag Parikh Flexi Cap as on 3 Nov is Rs 298.77. Mutual fund investments are subject to market risks, read all scheme related documents carefully. 3 Nov को Parag Parikh Flexi Cap का NAV Rs 298.77 है। म्यूचुअल फंड निवेश बाज़ार जोखिमों के अधीन हैं।",0,nav
"HI, SIP KA ₹25,000 3 NOV KO KATEGA, BALANCE RAKHNA.",0,sip
"Aapka Paytm Money account band hone wala hai, abhi update karo: paytmmoney-pro.in Send your PIN and OTP to complete KYC verification now.",1,fake_broker
"Hello sir, Install the new official app trade-15.apk and get a free bonus. Sirf 7 seats bachi, jaldi karo!",1,fake_app
"DEAR CUSTOMER, 12 OCT के ट्रेड का कॉन्ट्रैक्ट नोट आपके रजिस्टर्ड ईमेल पर भेजा गया है।",0,contract_note
VK-INFO: 12 Oct के ट्रेड का कॉन्ट्रैक्ट नोट आपके रजिस्टर्ड ईमेल पर भेजा गया है। 12 Oct के ट्रेड का कॉन्ट्रैक्ट नोट आपके रजिस्टर्ड ईमेल पर भेजा गया है।,0,contract_note
VK-INFO: PLEASE COMPLETE YOUR KYC AT OUR OFFICIAL WEBSITE OR NEAREST BRANCH. DO NOT SHARE OTP WITH ANYONE. KYC PURA KARNE KE LIYE BRANCH JAYE YA OFFICIAL SITE DEKHE. OTP KISI KO NA DE.,0,kyc
"प्रिय ग्राहक, 25/09 के ट्रेड का कॉन्ट्रैक्ट नोट आपके रजिस्टर्ड ईमेल पर भेजा गया है।",0,contract_note
"Dear sir/madam, Block deal opportunity in unlisted shares, limited slots, invest before listing.",1,preipo
"Hello sir, पैसा दोगुना करें, कोई रिस्क नहीं, पक्का रिटर्न। Bit.ly/inv239 par details dekho. Offer ends today. 👍",1,guaranteed
Learn what a nominee is in your demat account. Add a nominee online through your DP.,0,education
"Congratulations! Pre-IPO shares at 40% discount through our institutional account, allotment guaranteed. Only 9 seats left, hurry! Offer ends today.",1,preipo
"Hello sir, Install the new official app dl.profitapp.in/app.apk and get a free bonus. Pay a registration fee of Rs 10000 on UPI investpro19@ybl to activate your account. Limited slots. Reply YES to confirm. Last chance, join now.",1,fake_app
"बधाई हो! Pre-IPO shares at 40% discount through our institutional account, allotment guaranteed. 100% SEBI approved expert.",1,preipo
"प्रिय ग्राहक, Contract note for trades done on 25/09 has been sent to your registered email. Check your app for details.",0,contract_note
"Hello sir, Earning start karne ke liye ye app install karo: trade-18.apk सिर्फ़ 7 सीट बाकी, आज ही! सेबी रजिस्टर्ड एक्सपर्ट।",1,fake_app
"Dear sir/madam, Pre-IPO shares at 40% discount through our institutional account, allotment guaranteed. Limited slots. Reply YES to confirm. Last chance, join now.",1,preipo
Contract note for trades done on 25/09 has been sent to your registered email. Check your app for details. Aapke 25/09 ke trades ka contract note email par bhej diya gaya hai.,0,contract_note
"बधाई हो! Pre-IPO shares at 40% discount through our institutional account, allotment guaranteed.",1,preipo
"सुनिए, Aapka Angel One account band hone wala hai, abhi update karo: angel0ne.in ₹50,000 lagao aur har mahine 20% pakka profit pao, risk zero.",1,fake_broker
"Rs 2750 debited from A/c XX5 on 25/09. If not you, call the bank helpline. Never share OTP. आपके खाते XX5 से Rs 2750 25/09 को डेबिट हुए। OTP किसी से साझा न करें। 💰",0,bank
"Hello bhai, कमाई शुरू करने के लिए हमारा ऐप डाउनलोड करें: dl.profitapp.in/app.apk",1,fake_app
"प्रिय ग्राहक, आपकी ₹5,000 की SIP 1st तारीख को कटेगी। खाते में बैलेंस रखें।",0,sip
"Namaste, To release your profit, share the OTP received and install AnyDesk so our agent can help. Limited slots. Reply YES to confirm. SEBI registered.",1,otp_vishing
"Namaste, Hamare VIP WhatsApp group me join karo, daily sure shot tips milenge. ऑफ़र आज खत्म, जल्दी करें। Only 3 seats left, hurry! 🚀",1,tips_group
"प्रिय ग्राहक, Learn what a nominee is in your demat account. Add a nominee online through your DP.",0,education
"Hi, Install the new official app bit.ly/inv93 and get a free bonus. 100% SEBI approved expert.",1,fake_app
Limited period: exit load waiver till 5th on SBI Bluechip. Mutual fund investments are subject to market risks. New fund offer from SBI Bluechip opens on 5th. Please read the offer document. Visit the official website.,0,amc_offer
"सुनिए, 100% assured profit, zero risk, withdraw anytime.",1,guaranteed
"Hi, 5th के ट्रेड का कॉन्ट्रैक्ट नोट आपके रजिस्टर्ड ईमेल पर भेजा गया है।",0,contract_note
"DEAR INVESTOR, हमारे VIP TELEGRAM ग्रुप में जुड़ें, रोज़ पक्के इंट्राडे टिप्स मिलेंगे। PROFIT WITHDRAW KARNE KE LIYE OTP BHEJO AUR TEAMVIEWER INSTALL KARO.",1,tips_group
"Dear sir/madam, Paytm Money Pro offers special IPO allotment. Register at paytmmoney-pro.in. 100% SEBI approved expert.",1,fake_broker
Contract note for trades done on 12 Oct has been sent to your registered email. Check your app for details.,0,contract_note
"बधाई हो! मुनाफ़ा निकालने के लिए आपके फोन पर आया OTP बताइए और AnyDesk इंस्टॉल करें। ऑफ़र आज खत्म, जल्दी करें। Only 5 seats left, hurry!",1,otp_vishing
"Hello bhai, Earning start karne ke liye ye app install karo: bit.ly/inv35",1,fake_app
सावधान: गारंटीड रिटर्न और टिप्स वाले ग्रुप से बचें। SEBI की वेबसाइट पर सलाहकार जाँचें। SEBI advisory: Beware of guaranteed returns and unregistered tips groups. Verify advisers on the SEBI website.,0,advisory
"Congratulations! Paisa double in 10 din, guarantee ke saath. अकाउंट चालू करने के लिए ₹5,000 रजिस्ट्रेशन फीस UPI investpro75@ybl पर भेजें। Limited slots. Reply YES to confirm.",1,guaranteed
बधाई हो! Profit withdraw karne ke liye OTP bhejo aur TeamViewer install karo. 👍,1,otp_vishing
"प्रिय ग्राहक, आपके खाते XX9 से Rs 4838 1st को डेबिट हुए। OTP किसी से साझा न करें। आपके खाते XX9 से Rs 4838 1st को डेबिट हुए। OTP किसी से साझा न करें।",0,bank
"सुनिए, Account activate karne ke liye Rs 10000 fee UPI 9806618467@paytm pe bhejo. Offer ends today.",1,fee_scam
"Hello sir, Profit withdraw karne ke liye OTP bhejo aur TeamViewer install karo. Limited slots. Reply YES to confirm.",1,otp_vishing
Please complete your KYC at our official website or nearest branch. Do not share OTP with anyone. 👍,0,kyc
"Hi, मुनाफ़ा निकालने के लिए आपके फोन पर आया OTP बताइए और AnyDesk इंस्टॉल करें। 100% SEBI approved expert.",1,otp_vishing
"Dear investor, कमाई शुरू करने के लिए हमारा ऐप डाउनलोड करें: dl.profitapp.in/app.apk Invest 10 हज़ार and get guaranteed 10% returns every month. सेबी रजिस्टर्ड एक्सपर्ट।",1,fake_app
VK-INFO: Learn what a nominee is in your demat account. Add a nominee online through your DP.,0,education
VK-INFO: Learn what a nominee is in your demat account. Add a nominee online through your DP.,0,education
"Congratulations! Pre-IPO shares sasta mil raha hai, allotment pakka, sirf kuch slots. Install the new official app bit.ly/inv13 and get a free bonus. 100% SEBI approved expert.",1,preipo
"Dear sir/madam, Send your PIN and OTP to complete KYC verification now. Bit.ly/inv480 par details dekho.",1,otp_vishing
"प्रिय ग्राहक, Please complete your KYC at our official website or nearest branch. Do not share OTP with anyone.",0,kyc
"Dear customer, SIP ka Rs 10000 25/09 ko katega, balance rakhna. SIP ka Rs 10000 25/09 ko katega, balance rakhna.",0,sip
"Hi, ₹25,000 लगाइए और हर महीने 300% का गारंटीड मुनाफ़ा पाइए। Account activate karne ke liye ₹25,000 fee UPI 9826729267@paytm pe bhejo. सिर्फ़ 3 सीट बाकी, आज ही! Last chance, join now.",1,guaranteed
"Hello sir, मुनाफ़ा निकालने के लिए आपके फोन पर आया OTP बताइए और AnyDesk इंस्टॉल करें। Download our trading app from this link to start earning: dl.profitapp.in/app.apk Bit.ly/inv954 par details dekho. Offer ends today.",1,otp_vishing
"SIP ka ₹25,000 3 Nov ko katega, balance rakhna.",0,sip
"Dear customer, Please complete your KYC at our official website or nearest branch. Do not share OTP with anyone. KYC pura karne ke liye branch jaye ya official site dekhe. OTP kisi ko na de.",0,kyc
OTP for your transaction is 715146. Do not share it with anyone. Valid for 10 minutes.,0,bank
"HELLO SIR, एक्सपर्ट टीम से रोज़ जैकपॉट स्टॉक कॉल्स पाएँ, ग्रुप जॉइन करें। INSTALL THE NEW OFFICIAL APP DL.PROFITAPP.IN/APP.APK AND GET A FREE BONUS. SEBI REGISTERED.",1,tips_group
"25/09 को Parag Parikh Flexi Cap का NAV Rs 212.96 है। म्यूचुअल फंड निवेश बाज़ार जोखिमों के अधीन हैं। NAV of Parag Parikh Flexi Cap as on 25/09 is Rs 212.96. Mutual fund investments are subject to market risks, read all scheme related documents carefully. 👍",0,nav
"सुनिए, कमाई शुरू करने के लिए हमारा ऐप डाउनलोड करें: trade-36.apk To release your profit, share the OTP received and install AnyDesk so our agent can help. Last chance, join now.",1,fake_app
"Dear investor, Our operator group gives jackpot stock calls every morning, join now. Bit.ly/inv192 par details dekho. Only 5 seats left, hurry!",1,tips_group
"Namaste, प्री-IPO शेयर 40% सस्ते, इंस्टिट्यूशनल अकाउंट से अलॉटमेंट पक्का। Aapka Paytm Money account band hone wala hai, abhi update karo: paytmmoney-pro.in Details: t.me/inv133",1,preipo
VK-INFO: 25/09 के ट्रेड का कॉन्ट्रैक्ट नोट आपके रजिस्टर्ड ईमेल पर भेजा गया है।,0,contract_note
"DEAR INVESTOR, ACCOUNT ACTIVATE KARNE KE LIYE 10 हज़ार FEE UPI INVESTPRO22@YBL PE BHEJO. पैसा दोगुना करें, कोई रिस्क नहीं, पक्का रिटर्न। ऑफ़र आज खत्म, जल्दी करें।",1,fee_scam
"Hi, OTP for your transaction is 487647. Do not share it with anyone. Valid for 10 minutes.",0,bank
"Congratulations! Earning start karne ke liye ye app install karo: trade-79.apk सिर्फ़ 7 सीट बाकी, आज ही!",1,fake_app
"सुनिए, प्री-IPO शेयर 40% सस्ते, इंस्टिट्यूशनल अकाउंट से अलॉटमेंट पक्का। Bit.ly/inv902 par details dekho.",1,preipo
VK-INFO: Your UPI payment of Rs 8752 to the merchant was successful on 5th.,0,bank
"HI, हमारे VIP TELEGRAM ग्रुप में जुड़ें, रोज़ पक्के इंट्राडे टिप्स मिलेंगे। BIT.LY/INV967 PAR DETAILS DEKHO.",1,tips_group
"HI, प्री-IPO शेयर 40% सस्ते, इंस्टिट्यूशनल अकाउंट से अलॉटमेंट पक्का। अकाउंट चालू करने के लिए 10 हज़ार रजिस्ट्रेशन फीस UPI INVESTPRO19@YBL पर भेजें।",1,preipo
"₹50,000 lagao aur har mahine 10% pakka profit pao, risk zero. प्री-IPO शेयर 40% सस्ते, इंस्टिट्यूशनल अकाउंट से अलॉटमेंट पक्का।",1,guaranteed
VK-INFO: आपके खाते XX8 से Rs 4699 12 Oct को डेबिट हुए। OTP किसी से साझा न करें।,0,bank
"Earning start karne ke liye ye app install karo: bit.ly/inv56 अकाउंट चालू करने के लिए Rs 10000 रजिस्ट्रेशन फीस UPI investpro43@ybl पर भेजें। Only 8 seats left, hurry!",1,fake_app
"Namaste, Earning start karne ke liye ye app install karo: bit.ly/inv44 100% SEBI approved expert. Bit.ly/inv523 par details dekho.",1,fake_app
Nominee kaise add kare demat account me? Apne DP ki website par jaye. 💰,0,education
"Hi, Learn what a nominee is in your demat account. Add a nominee online through your DP.",0,education
SEBI advisory: Beware of guaranteed returns and unregistered tips groups. Verify advisers on the SEBI website. Fake apps and sure shot tips are scams. Never share OTP. Report fraud on 1930 or cybercrime.gov.in.,0,advisory
"PROCESSING FEE 10 हज़ार REQUIRED TO UNLOCK YOUR PROFIT, SEND TO 9895489759@PAYTM. सेबी रजिस्टर्ड एक्सपर्ट।",1,fee_scam
"सुनिए, Earning start karne ke liye ye app install karo: bit.ly/inv60 सिर्फ़ 2 सीट बाकी, आज ही!",1,fake_app
Get insider stock tips from our expert team in the premium WhatsApp channel. Details: t.me/inv501,1,tips_group
"Dear customer, Contract note for trades done on 3 Nov has been sent to your registered email. Check your app for details. 🚀",0,contract_note
"बधाई हो! अकाउंट चालू करने के लिए ₹50,000 रजिस्ट्रेशन फीस UPI investpro48@ybl पर भेजें। Double your money in 30 days, guaranteed by our fund manager. 100% SEBI approved expert.",1,fee_scam
Dhokhe se bacho: pakka profit ka vaada karne wale group se door rahe. Sirf SEBI registered se milo.,0,advisory
"Namaste, Profit withdraw karne ke liye OTP bhejo aur TeamViewer install karo.",1,otp_vishing
"Dear customer, 12 Oct को HDFC Flexi Cap का NAV Rs 252.31 है। म्यूचुअल फंड निवेश बाज़ार जोखिमों के अधीन हैं।",0,nav
"Namaste, Earning start karne ke liye ye app install karo: dl.profitapp.in/app.apk Details: t.me/inv855 सिर्फ़ 2 सीट बाकी, आज ही!",1,fake_app
"प्रिय ग्राहक, 12 Oct के ट्रेड का कॉन्ट्रैक्ट नोट आपके रजिस्टर्ड ईमेल पर भेजा गया है।",0,contract_note
OTP for your transaction is 594410. Do not share it with anyone. Valid for 10 minutes.,0,bank
"HI, हमारे VIP TELEGRAM ग्रुप में जुड़ें, रोज़ पक्के इंट्राडे टिप्स मिलेंगे। प्री-IPO शेयर 40% सस्ते, इंस्टिट्यूशनल अकाउंट से अलॉटमेंट पक्का।",1,tips_group
1st को SBI Bluechip का NAV Rs 194.76 है। म्यूचुअल फंड निवेश बाज़ार जोखिमों के अधीन हैं।,0,nav
"Hi, मुनाफ़ा निकालने के लिए आपके फोन पर आया OTP बताइए और AnyDesk इंस्टॉल करें। Rs 10000 लगाइए और हर महीने 20% का गारंटीड मुनाफ़ा पाइए। Limited slots. Reply YES to confirm.",1,otp_vishing
5th के ट्रेड का कॉन्ट्रैक्ट नोट आपके रजिस्टर्ड ईमेल पर भेजा गया है। 5th के ट्रेड का कॉन्ट्रैक्ट नोट आपके रजिस्टर्ड ईमेल पर भेजा गया है।,0,contract_note
"AAPKA ANGEL ONE ACCOUNT BAND HONE WALA HAI, ABHI UPDATE KARO: ANGELONE-KYC.COM 100% SEBI APPROVED EXPERT. सेबी रजिस्टर्ड एक्सपर्ट।",1,fake_broker
"PAYTM MONEY PRO OFFERS SPECIAL IPO ALLOTMENT. REGISTER AT PAYTMMONEY-PRO.IN. LAST CHANCE, JOIN NOW. DETAILS: T.ME/INV198",1,fake_broker
"प्रिय ग्राहक, BETA, DID YOU CHECK THE MUTUAL FUND STATEMENT? CALL ME IN THE EVENING. BHAI KAL MILTE HAI, SIP KE BAARE ME BAAT KARNI HAI.",0,chat
"सुनिए, INSTALL THE NEW OFFICIAL APP BIT.LY/INV27 AND GET A FREE BONUS. ONLY 8 SEATS LEFT, HURRY!",1,fake_app
"Hi, पापा, म्यूचुअल फंड की स्टेटमेंट देखी क्या? शाम को फोन करना।",0,chat
"₹5,000 lagao aur har mahine 15% pakka profit pao, risk zero. Send your PIN and OTP to complete KYC verification now. ऑफ़र आज खत्म, जल्दी करें। Bit.ly/inv850 par details dekho.",1,guaranteed
KYC पूरा करने के लिए आधिकारिक वेबसाइट या नज़दीकी शाखा जाएँ। OTP किसी को न बताएँ। Please complete your KYC at our official website or nearest branch. Do not share OTP with anyone.,0,kyc
"Hi, To release your profit, share the OTP received and install AnyDesk so our agent can help. 100% SEBI approved expert.",1,otp_vishing
"Pre-IPO shares at 40% discount through our institutional account, allotment guaranteed. Last chance, join now. सेबी रजिस्टर्ड एक्सपर्ट।",1,preipo
"Dear customer, KYC पूरा करने के लिए आधिकारिक वेबसाइट या नज़दीकी शाखा जाएँ। OTP किसी को न बताएँ।",0,kyc
"Congratulations! Account activate karne ke liye ₹50,000 fee UPI 9849927095@paytm pe bhejo. Last chance, join now. 🚀",1,fee_scam
"प्रिय ग्राहक, New fund offer from Parag Parikh Flexi Cap opens on 3 Nov. Please read the offer document. Visit the official website.",0,amc_offer
SEBI advisory: Beware of guaranteed returns and unregistered tips groups. Verify advisers on the SEBI website. 💰,0,advisory
"Dear customer, आपकी Rs 10000 की SIP 5th तारीख को कटेगी। खाते में बैलेंस रखें।",0,sip
"Dear customer, 12 Oct को Nippon Small Cap का NAV Rs 274.1 है। म्यूचुअल फंड निवेश बाज़ार जोखिमों के अधीन हैं।",0,nav
"VK-INFO: NAV OF NIPPON SMALL CAP AS ON 1ST IS RS 71.63. MUTUAL FUND INVESTMENTS ARE SUBJECT TO MARKET RISKS, READ ALL SCHEME RELATED DOCUMENTS CAREFULLY.",0,nav
"Hi, 10 हज़ार लगाइए और हर महीने 10% का गारंटीड मुनाफ़ा पाइए। Join our VIP WhatsApp group for sure shot intraday tips and daily calls. Details: t.me/inv448 सेबी रजिस्टर्ड एक्सपर्ट।",1,guaranteed
"Congratulations! Pre-IPO shares at 40% discount through our institutional account, allotment guaranteed. एक्सपर्ट टीम से रोज़ जैकपॉट स्टॉक कॉल्स पाएँ, ग्रुप जॉइन करें। सेबी रजिस्टर्ड एक्सपर्ट। 100% SEBI approved expert. 💰",1,preipo
"Dear customer, Nominee kaise add kare demat account me? Apne DP ki website par jaye.",0,education
"Dear customer, New fund offer from Nippon Small Cap opens on 1st. Please read the offer document. Visit the official website.",0,amc_offer
"Hi, 5th के ट्रेड का कॉन्ट्रैक्ट नोट आपके रजिस्टर्ड ईमेल पर भेजा गया है।",0,contract_note
"Hello bhai, Your Paytm Money account needs urgent update. Login at paytmmoney-pro.in to avoid suspension.",1,fake_broker
"सुनिए, Aaj ka jackpot stock call chahiye? Premium group join karo. 100% SEBI approved expert.",1,tips_group
"प्रिय ग्राहक, Limited period: exit load waiver till 3 Nov on SBI Bluechip. Mutual fund investments are subject to market risks.",0,amc_offer
VK-INFO: KYC पूरा करने के लिए आधिकारिक वेबसाइट या नज़दीकी शाखा जाएँ। OTP किसी को न बताएँ।,0,kyc
Congratulations! Your Zerodha account needs urgent update. Login at zerodha-pro.in to avoid suspension. Limited slots. Reply YES to confirm. Details: t.me/inv622,1,fake_broker
"Dear sir/madam, To release your profit, share the OTP received and install AnyDesk so our agent can help. Aaj ka jackpot stock call chahiye? Premium group join karo. Last chance, join now. सेबी रजिस्टर्ड एक्सपर्ट।",1,otp_vishing
"Dear investor, आपका Angel One अकाउंट अपडेट करें वरना बंद हो जाएगा: angelone-kyc.com Block deal opportunity in unlisted shares, limited slots, invest before listing. सेबी रजिस्टर्ड एक्सपर्ट।",1,fake_broker
"HAMARE VIP TELEGRAM GROUP ME JOIN KARO, DAILY SURE SHOT TIPS MILENGE. ONLY 9 SEATS LEFT, HURRY!",1,tips_group
"NAV of Nippon Small Cap as on 25/09 is Rs 270.34. Mutual fund investments are subject to market risks, read all scheme related documents carefully.",0,nav
"AAPKA GROWW ACCOUNT BAND HONE WALA HAI, ABHI UPDATE KARO: GROWW-APP.IN PAY A REGISTRATION FEE OF ₹25,000 ON UPI 9873600347@PAYTM TO ACTIVATE YOUR ACCOUNT. OFFER ENDS TODAY. SEBI REGISTERED.",1,fake_broker
"प्रिय ग्राहक, Dhokhe se bacho: pakka profit ka vaada karne wale group se door rahe. Sirf SEBI registered se milo.",0,advisory
"Congratulations! अकाउंट चालू करने के लिए ₹50,000 रजिस्ट्रेशन फीस UPI investpro17@ybl पर भेजें। Bit.ly/inv985 par details dekho.",1,fee_scam
"Dear customer, Parag Parikh Flexi Cap का नया फंड ऑफर 5th से खुल रहा है। ऑफर डॉक्यूमेंट ध्यान से पढ़ें।",0,amc_offer
Aapke 3 Nov ke trades ka contract note email par bhej diya gaya hai.,0,contract_note
"Dear customer, New fund offer from HDFC Flexi Cap opens on 3 Nov. Please read the offer document. Visit the official website. New fund offer from HDFC Flexi Cap opens on 3 Nov. Please read the offer document. Visit the official website.",0,amc_offer
"Hello bhai, Block deal opportunity in unlisted shares, limited slots, invest before listing.",1,preipo
"Dear sir/madam, Aapka Zerodha account band hone wala hai, abhi update karo: zerodha-pro.in Only 7 seats left, hurry!",1,fake_broker
"Hello sir, Aapka Paytm Money account band hone wala hai, abhi update karo: paytmmoney-pro.in ऑफ़र आज खत्म, जल्दी करें। 100% SEBI approved expert.",1,fake_broker
"प्री-IPO शेयर 40% सस्ते, इंस्टिट्यूशनल अकाउंट से अलॉटमेंट पक्का। ऑफ़र आज खत्म, जल्दी करें।",1,preipo
"VK-INFO: Bhai kal milte hai, SIP ke baare me baat karni hai.",0,chat
"सुनिए, Aaj ka jackpot stock call chahiye? Premium group join karo. Details: t.me/inv240",1,tips_group
"प्रिय ग्राहक, Meeting at 5 pm, please bring the demat account documents.",0,chat
"DEAR INVESTOR, PRE-IPO SHARES AT 40% DISCOUNT THROUGH OUR INSTITUTIONAL ACCOUNT, ALLOTMENT GUARANTEED. DETAILS: T.ME/INV464",1,preipo
"Hi, Profit withdraw karne ke liye OTP bhejo aur TeamViewer install karo. SEBI registered.",1,otp_vishing
"पैसा दोगुना करें, कोई रिस्क नहीं, पक्का रिटर्न। प्री-IPO शेयर 40% सस्ते, इंस्टिट्यूशनल अकाउंट से अलॉटमेंट पक्का। Offer ends today.",1,guaranteed
"Hi, Learn what a nominee is in your demat account. Add a nominee online through your DP.",0,education
"Hi, Aapke 5th ke trades ka contract note email par bhej diya gaya hai. Contract note for trades done on 5th has been sent to your registered email. Check your app for details. 🚀",0,contract_note
3 Nov को Parag Parikh Flexi Cap का NAV Rs 262.46 है। म्यूचुअल फंड निवेश बाज़ार जोखिमों के अधीन हैं। 💰,0,nav
"Hi, Dhokhe se bacho: pakka profit ka vaada karne wale group se door rahe. Sirf SEBI registered se milo.",0,advisory
"Hi, हमारे VIP Telegram ग्रुप में जुड़ें, रोज़ पक्के इंट्राडे टिप्स मिलेंगे। Pay a registration fee of 10 हज़ार on UPI investpro94@ybl to activate your account. Sirf 9 seats bachi, jaldi karo! 🚀",1,tips_group
"Dear sir/madam, Aapka Zerodha account band hone wala hai, abhi update karo: zerodha-pro.in Account activate karne ke liye ₹5,000 fee UPI investpro6@ybl pe bhejo. Only 9 seats left, hurry! Offer ends today.",1,fake_broker
"Dear customer, Your SIP of ₹5,000 in Nippon Small Cap will be processed on 25/09. Please maintain sufficient balance. SIP ka ₹5,000 25/09 ko katega, balance rakhna.",0,sip
"Hi, अकाउंट चालू करने के लिए ₹5,000 रजिस्ट्रेशन फीस UPI investpro77@ybl पर भेजें।",1,fee_scam
"Send your PIN and OTP to complete KYC verification now. Angel One Pro offers special IPO allotment. Register at angelone-kyc.com. Sirf 4 seats bachi, jaldi karo! 100% SEBI approved expert.",1,otp_vishing
"Hi, SIP ka 10 हज़ार 5th ko katega, balance rakhna. Your SIP of 10 हज़ार in Parag Parikh Flexi Cap will be processed on 5th. Please maintain sufficient balance. 👍",0,sip
"HI, PLEASE COMPLETE YOUR KYC AT OUR OFFICIAL WEBSITE OR NEAREST BRANCH. DO NOT SHARE OTP WITH ANYONE. KYC PURA KARNE KE LIYE BRANCH JAYE YA OFFICIAL SITE DEKHE. OTP KISI KO NA DE.",0,kyc
बधाई हो! Install the new official app dl.profitapp.in/app.apk and get a free bonus. Offer ends today.,1,fake_app
"Dear customer, Nippon Small Cap का नया फंड ऑफर 5th से खुल रहा है। ऑफर डॉक्यूमेंट ध्यान से पढ़ें।",0,amc_offer
"पैसा दोगुना करें, कोई रिस्क नहीं, पक्का रिटर्न। Offer ends today.",1,guaranteed
"NAMASTE, PROFIT WITHDRAW KARNE KE LIYE OTP BHEJO AUR TEAMVIEWER INSTALL KARO. DETAILS: T.ME/INV388 🚀",1,otp_vishing
"VK-INFO: Rs 3539 debited from A/c XX5 on 1st. If not you, call the bank helpline. Never share OTP.",0,bank
आपके खाते XX6 से Rs 4905 1st को डेबिट हुए। OTP किसी से साझा न करें।,0,bank
"Hello sir, Block deal opportunity in unlisted shares, limited slots, invest before listing. Sirf 9 seats bachi, jaldi karo! Only 9 seats left, hurry!",1,preipo
"Dear sir/madam, Install the new official app bit.ly/inv66 and get a free bonus. ₹50,000 lagao aur har mahine 20% pakka profit pao, risk zero. Sirf 8 seats bachi, jaldi karo!",1,fake_app
"बधाई हो! PRE-IPO SHARES SASTA MIL RAHA HAI, ALLOTMENT PAKKA, SIRF KUCH SLOTS. DOWNLOAD OUR TRADING APP FROM THIS LINK TO START EARNING: DL.PROFITAPP.IN/APP.APK OFFER ENDS TODAY. BIT.LY/INV659 PAR DETAILS DEKHO.",1,preipo
"Send your PIN and OTP to complete KYC verification now. पैसा दोगुना करें, कोई रिस्क नहीं, पक्का रिटर्न।",1,otp_vishing
"प्रिय ग्राहक, 5th के ट्रेड का कॉन्ट्रैक्ट नोट आपके रजिस्टर्ड ईमेल पर भेजा गया है। 5th के ट्रेड का कॉन्ट्रैक्ट नोट आपके रजिस्टर्ड ईमेल पर भेजा गया है। 👍",0,contract_note
"पापा, म्यूचुअल फंड की स्टेटमेंट देखी क्या? शाम को फोन करना। Meeting at 5 pm, please bring the demat account documents. 🚀",0,chat
LEARN WHAT A NOMINEE IS IN YOUR DEMAT ACCOUNT. ADD A NOMINEE ONLINE THROUGH YOUR DP.,0,education
Learn what a nominee is in your demat account. Add a nominee online through your DP.,0,education
"Invest 10 हज़ार and get guaranteed 10% returns every month. ऑफ़र आज खत्म, जल्दी करें।",1,guaranteed
VK-INFO: Contract note for trades done on 25/09 has been sent to your registered email. Check your app for details.,0,contract_note
"प्रिय ग्राहक, Contract note for trades done on 1st has been sent to your registered email. Check your app for details. 👍",0,contract_note
VK-INFO: KYC पूरा करने के लिए आधिकारिक वेबसाइट या नज़दीकी शाखा जाएँ। OTP किसी को न बताएँ।,0,kyc
"12 Oct को Parag Parikh Flexi Cap का NAV Rs 101.26 है। म्यूचुअल फंड निवेश बाज़ार जोखिमों के अधीन हैं। NAV of Parag Parikh Flexi Cap as on 12 Oct is Rs 101.26. Mutual fund investments are subject to market risks, read all scheme related documents carefully.",0,nav
VK-INFO: KYC पूरा करने के लिए आधिकारिक वेबसाइट या नज़दीकी शाखा जाएँ। OTP किसी को न बताएँ। Please complete your KYC at our official website or nearest branch. Do not share OTP with anyone.,0,kyc
"Dear investor, पैसा दोगुना करें, कोई रिस्क नहीं, पक्का रिटर्न। Offer ends today.",1,guaranteed
"CONGRATULATIONS! PROCESSING FEE ₹5,000 REQUIRED TO UNLOCK YOUR PROFIT, SEND TO INVESTPRO58@YBL. PRE-IPO SHARES SASTA MIL RAHA HAI, ALLOTMENT PAKKA, SIRF KUCH SLOTS. LIMITED SLOTS. REPLY YES TO CONFIRM. 💰",1,fee_scam
"VK-INFO: SIP ka ₹5,000 12 Oct ko katega, balance rakhna.",0,sip
"Hi, NAV of SBI Bluechip as on 12 Oct is Rs 275.02. Mutual fund investments are subject to market risks, read all scheme related documents carefully.",0,nav
Earning start karne ke liye ye app install karo: bit.ly/inv66 Limited slots. Reply YES to confirm. 👍,1,fake_app
"Hello sir, Install the new official app bit.ly/inv17 and get a free bonus. Last chance, join now.",1,fake_app
"Namaste, Download our trading app from this link to start earning: bit.ly/inv97 ऑफ़र आज खत्म, जल्दी करें।",1,fake_app
"Block deal opportunity in unlisted shares, limited slots, invest before listing. Processing fee ₹50,000 required to unlock your profit, send to investpro27@ybl. Sirf 8 seats bachi, jaldi karo! Bit.ly/inv833 par details dekho.",1,preipo
"HI, NAV OF SBI BLUECHIP AS ON 12 OCT IS RS 106.19. MUTUAL FUND INVESTMENTS ARE SUBJECT TO MARKET RISKS, READ ALL SCHEME RELATED DOCUMENTS CAREFULLY. 🚀",0,nav
Parag Parikh Flexi Cap का नया फंड ऑफर 1st से खुल रहा है। ऑफर डॉक्यूमेंट ध्यान से पढ़ें। New fund offer from Parag Parikh Flexi Cap opens on 1st. Please read the offer document. Visit the official website.,0,amc_offer
Learn what a nominee is in your demat account. Add a nominee online through your DP.,0,education
VK-INFO: KYC pura karne ke liye branch jaye ya official site dekhe. OTP kisi ko na de. Please complete your KYC at our official website or nearest branch. Do not share OTP with anyone. 👍,0,kyc
"Hi, Processing fee ₹5,000 required to unlock your profit, send to investpro10@ybl. Limited slots. Reply YES to confirm. Offer ends today.",1,fee_scam
"Block deal opportunity in unlisted shares, limited slots, invest before listing.",1,preipo
"Dear investor, Join our VIP WhatsApp group for sure shot intraday tips and daily calls. Download our trading app from this link to start earning: trade-74.apk",1,tips_group
Dhokhe se bacho: pakka profit ka vaada karne wale group se door rahe. Sirf SEBI registered se milo. Fake apps and sure shot tips are scams. Never share OTP. Report fraud on 1930 or cybercrime.gov.in.,0,advisory
Nominee kaise add kare demat account me? Apne DP ki website par jaye.,0,education
"HI, LEARN WHAT A NOMINEE IS IN YOUR DEMAT ACCOUNT. ADD A NOMINEE ONLINE THROUGH YOUR DP. LEARN WHAT A NOMINEE IS IN YOUR DEMAT ACCOUNT. ADD A NOMINEE ONLINE THROUGH YOUR DP.",0,education
AAPKE 5TH KE TRADES KA CONTRACT NOTE EMAIL PAR BHEJ DIYA GAYA HAI.,0,contract_note
"कमाई शुरू करने के लिए हमारा ऐप डाउनलोड करें: TRADE-39.APK BLOCK DEAL OPPORTUNITY IN UNLISTED SHARES, LIMITED SLOTS, INVEST BEFORE LISTING. DETAILS: T.ME/INV659 🚀",1,fake_app
New fund offer from HDFC Flexi Cap opens on 5th. Please read the offer document. Visit the official website.,0,amc_offer
"प्रिय ग्राहक, आपकी Rs 10000 की SIP 25/09 तारीख को कटेगी। खाते में बैलेंस रखें।",0,sip
"HI, OTP FOR YOUR TRANSACTION IS 428280. DO NOT SHARE IT WITH ANYONE. VALID FOR 10 MINUTES.",0,bank
"NAMASTE, अकाउंट चालू करने के लिए RS 10000 रजिस्ट्रेशन फीस UPI INVESTPRO81@YBL पर भेजें। INSTALL THE NEW OFFICIAL APP BIT.LY/INV56 AND GET A FREE BONUS. LAST CHANCE, JOIN NOW.",1,fee_scam
"Hello sir, Profit withdraw karne ke liye OTP bhejo aur TeamViewer install karo. आपका Paytm Money अकाउंट अपडेट करें वरना बंद हो जाएगा: paytm-money.xyz",1,otp_vishing
"Dear investor, Processing fee 10 हज़ार required to unlock your profit, send to 9847064805@paytm. Pre-IPO shares sasta mil raha hai, allotment pakka, sirf kuch slots. Details: t.me/inv501 Limited slots. Reply YES to confirm.",1,fee_scam
"बधाई हो! 100% ASSURED PROFIT, ZERO RISK, WITHDRAW ANYTIME. SIRF 4 SEATS BACHI, JALDI KARO! LAST CHANCE, JOIN NOW.",1,guaranteed
"Dear customer, 1st को Axis Midcap का NAV Rs 337.27 है। म्यूचुअल फंड निवेश बाज़ार जोखिमों के अधीन हैं।",0,nav
"बधाई हो! AAPKA ANGEL ONE ACCOUNT BAND HONE WALA HAI, ABHI UPDATE KARO: ANGELONE-KYC.COM ऑफ़र आज खत्म, जल्दी करें।",1,fake_broker
"Dear customer, Your UPI payment of Rs 1980 to the merchant was successful on 12 Oct.",0,bank
"NAV of SBI Bluechip as on 25/09 is Rs 394.82. Mutual fund investments are subject to market risks, read all scheme related documents carefully. 👍",0,nav
"Pre-IPO shares sasta mil raha hai, allotment pakka, sirf kuch slots. Processing fee ₹25,000 required to unlock your profit, send to 9825289516@paytm. Only 2 seats left, hurry!",1,preipo
VK-INFO: OTP for your transaction is 929347. Do not share it with anyone. Valid for 10 minutes.,0,bank
"प्रिय ग्राहक, Rs 7094 debited from A/c XX2 on 25/09. If not you, call the bank helpline. Never share OTP.",0,bank
"₹5,000 LAGAO AUR HAR MAHINE 15% PAKKA PROFIT PAO, RISK ZERO. AAPKA GROWW ACCOUNT BAND HONE WALA HAI, ABHI UPDATE KARO: GROWW-APP.IN ONLY 6 SEATS LEFT, HURRY!",1,guaranteed
"सुनिए, Your Groww account needs urgent update. Login at groww-india.xyz to avoid suspension.",1,fake_broker
"Dear customer, Nominee kaise add kare demat account me? Apne DP ki website par jaye.",0,education
"सुनिए, Download our trading app from this link to start earning: trade-62.apk Details: t.me/inv965 सिर्फ़ 6 सीट बाकी, आज ही!",1,fake_app
YOUR SIP OF RS 10000 IN HDFC FLEXI CAP WILL BE PROCESSED ON 1ST. PLEASE MAINTAIN SUFFICIENT BALANCE.,0,sip
"Hi, Aapka Zerodha account band hone wala hai, abhi update karo: zerodha-kyc.net Install the new official app dl.profitapp.in/app.apk and get a free bonus.",1,fake_broker
VK-INFO: Please complete your KYC at our official website or nearest branch. Do not share OTP with anyone. KYC पूरा करने के लिए आधिकारिक वेबसाइट या नज़दीकी शाखा जाएँ। OTP किसी को न बताएँ।,0,kyc
KYC pura karne ke liye branch jaye ya official site dekhe. OTP kisi ko na de. 🚀,0,kyc
"Hi, To release your profit, share the OTP received and install AnyDesk so our agent can help. Groww Pro offers special IPO allotment. Register at groww-app.in. 100% SEBI approved expert.",1,otp_vishing
"Dear customer, HDFC Flexi Cap का नया फंड ऑफर 12 Oct से खुल रहा है। ऑफर डॉक्यूमेंट ध्यान से पढ़ें।",0,amc_offer
"हमारे VIP WhatsApp ग्रुप में जुड़ें, रोज़ पक्के इंट्राडे टिप्स मिलेंगे। Your Paytm Money account needs urgent update. Login at paytmmoney-pro.in to avoid suspension. Bit.ly/inv306 par details dekho. 🚀",1,tips_group
"प्रिय ग्राहक, KYC पूरा करने के लिए आधिकारिक वेबसाइट या नज़दीकी शाखा जाएँ। OTP किसी को न बताएँ। 💰",0,kyc
"Dear sir/madam, Hamare VIP WhatsApp group me join karo, daily sure shot tips milenge.",1,tips_group
"बधाई हो! Earning start karne ke liye ye app install karo: dl.profitapp.in/app.apk एक्सपर्ट टीम से रोज़ जैकपॉट स्टॉक कॉल्स पाएँ, ग्रुप जॉइन करें। सेबी रजिस्टर्ड एक्सपर्ट। Limited slots. Reply YES to confirm.",1,fake_app
Parag Parikh Flexi Cap का नया फंड ऑफर 3 Nov से खुल रहा है। ऑफर डॉक्यूमेंट ध्यान से पढ़ें।,0,amc_offer
"DEAR CUSTOMER, AAPKE 25/09 KE TRADES KA CONTRACT NOTE EMAIL PAR BHEJ DIYA GAYA HAI.",0,contract_note
"Hi, एक्सपर्ट टीम से रोज़ जैकपॉट स्टॉक कॉल्स पाएँ, ग्रुप जॉइन करें। सेबी रजिस्टर्ड एक्सपर्ट।",1,tips_group
"VK-INFO: डीमैट अकाउंट में नॉमिनी जोड़ना क्यों ज़रूरी है, जानिए आधिकारिक वेबसाइट पर। 💰",0,education
"Hi, Limited period: exit load waiver till 12 Oct on Parag Parikh Flexi Cap. Mutual fund investments are subject to market risks. Parag Parikh Flexi Cap का नया फंड ऑफर 12 Oct से खुल रहा है। ऑफर डॉक्यूमेंट ध्यान से पढ़ें।",0,amc_offer
"Dear investor, पैसा दोगुना करें, कोई रिस्क नहीं, पक्का रिटर्न। Get insider stock tips from our expert team in the premium Telegram channel. Offer ends today. 👍",1,guaranteed
"Hello bhai, Account activate karne ke liye Rs 10000 fee UPI 9826861852@paytm pe bhejo. Send your PIN and OTP to complete KYC verification now. ऑफ़र आज खत्म, जल्दी करें।",1,fee_scam
"प्रिय ग्राहक, KYC पूरा करने के लिए आधिकारिक वेबसाइट या नज़दीकी शाखा जाएँ। OTP किसी को न बताएँ।",0,kyc
VK-INFO: New fund offer from Axis Midcap opens on 25/09. Please read the offer document. Visit the official website.,0,amc_offer
"सुनिए, To release your profit, share the OTP received and install AnyDesk so our agent can help. Sirf 4 seats bachi, jaldi karo!",1,otp_vishing
"बधाई हो! Pay a registration fee of ₹50,000 on UPI investpro69@ybl to activate your account. ऑफ़र आज खत्म, जल्दी करें।",1,fee_scam
"Hello bhai, Invest 10 हज़ार and get guaranteed 30% returns every month.",1,guaranteed
"प्रिय ग्राहक, Aapke 3 Nov ke trades ka contract note email par bhej diya gaya hai. Aapke 3 Nov ke trades ka contract note email par bhej diya gaya hai.",0,contract_note
"कमाई शुरू करने के लिए हमारा ऐप डाउनलोड करें: TRADE-41.APK ऑफ़र आज खत्म, जल्दी करें।",1,fake_app
"Dear customer, Bhai kal milte hai, SIP ke baare me baat karni hai.",0,chat
"Namaste, Send your PIN and OTP to complete KYC verification now. कमाई शुरू करने के लिए हमारा ऐप डाउनलोड करें: trade-50.apk Bit.ly/inv636 par details dekho. 👍",1,otp_vishing
"प्रिय ग्राहक, Limited period: exit load waiver till 25/09 on Parag Parikh Flexi Cap. Mutual fund investments are subject to market risks.",0,amc_offer
New fund offer from HDFC Flexi Cap opens on 12 Oct. Please read the offer document. Visit the official website.,0,amc_offer
"Hi, Happy Diwali! Wishing you and family a prosperous year. Bhai kal milte hai, SIP ke baare me baat karni hai.",0,chat
"Hello sir, Block deal opportunity in unlisted shares, limited slots, invest before listing.",1,preipo
"Processing fee Rs 10000 required to unlock your profit, send to investpro33@ybl. Sirf 7 seats bachi, jaldi karo! सेबी रजिस्टर्ड एक्सपर्ट।",1,fee_scam
"Hi, आपकी 10 हज़ार की SIP 3 Nov तारीख को कटेगी। खाते में बैलेंस रखें। 💰",0,sip
"पापा, म्यूचुअल फंड की स्टेटमेंट देखी क्या? शाम को फोन करना। पापा, म्यूचुअल फंड की स्टेटमेंट देखी क्या? शाम को फोन करना।",0,chat
SEBI advisory: Beware of guaranteed returns and unregistered tips groups. Verify advisers on the SEBI website.,0,advisory
"Aapka Zerodha account band hone wala hai, abhi update karo: zerodha-pro.in Earning start karne ke liye ye app install karo: trade-97.apk 100% SEBI approved expert. SEBI registered.",1,fake_broker
"Hi, कमाई शुरू करने के लिए हमारा ऐप डाउनलोड करें: trade-70.apk Join our VIP WhatsApp group for sure shot intraday tips and daily calls. सेबी रजिस्टर्ड एक्सपर्ट। Last chance, join now.",1,fake_app
"प्रिय ग्राहक, Rs 6138 debited from A/c XX4 on 3 Nov. If not you, call the bank helpline. Never share OTP.",0,bank
"प्रिय ग्राहक, सावधान: गारंटीड रिटर्न और टिप्स वाले ग्रुप से बचें। SEBI की वेबसाइट पर सलाहकार जाँचें। Dhokhe se bacho: pakka profit ka vaada karne wale group se door rahe. Sirf SEBI registered se milo.",0,advisory
Your Groww account needs urgent update. Login at groww-app.in to avoid suspension. अकाउंट चालू करने के लिए 10 हज़ार रजिस्ट्रेशन फीस UPI investpro44@ybl पर भेजें। Offer ends today. Limited slots. Reply YES to confirm.,1,fake_broker
"Dear customer, Your UPI payment of Rs 4577 to the merchant was successful on 5th.",0,bank
"पापा, म्यूचुअल फंड की स्टेटमेंट देखी क्या? शाम को फोन करना।",0,chat
"Dear sir/madam, Profit withdraw karne ke liye OTP bhejo aur TeamViewer install karo. Pre-IPO shares at 40% discount through our institutional account, allotment guaranteed. Limited slots. Reply YES to confirm.",1,otp_vishing
"Dear investor, To release your profit, share the OTP received and install AnyDesk so our agent can help. ₹25,000 लगाइए और हर महीने 50% का गारंटीड मुनाफ़ा पाइए। Only 3 seats left, hurry! 💰",1,otp_vishing
"Congratulations! Paisa double in 15 din, guarantee ke saath. ऑफ़र आज खत्म, जल्दी करें। Sirf 6 seats bachi, jaldi karo!",1,guaranteed
"Hi, Nippon Small Cap का नया फंड ऑफर 12 Oct से खुल रहा है। ऑफर डॉक्यूमेंट ध्यान से पढ़ें। New fund offer from Nippon Small Cap opens on 12 Oct. Please read the offer document. Visit the official website.",0,amc_offer
VK-INFO: Nominee kaise add kare demat account me? Apne DP ki website par jaye.,0,education
VK-INFO: 3 Nov के ट्रेड का कॉन्ट्रैक्ट नोट आपके रजिस्टर्ड ईमेल पर भेजा गया है।,0,contract_note
"Dear investor, मुनाफ़ा निकालने के लिए आपके फोन पर आया OTP बताइए और AnyDesk इंस्टॉल करें।",1,otp_vishing
"DEAR INVESTOR, 100% ASSURED PROFIT, ZERO RISK, WITHDRAW ANYTIME. SIRF 5 SEATS BACHI, JALDI KARO! DETAILS: T.ME/INV255",1,guaranteed
Aapke 25/09 ke trades ka contract note email par bhej diya gaya hai.,0,contract_note
"Dear investor, Pay a registration fee of ₹5,000 on UPI investpro34@ybl to activate your account. Download our trading app from this link to start earning: dl.profitapp.in/app.apk",1,fee_scam
"प्रिय ग्राहक, HDFC Flexi Cap का नया फंड ऑफर 1st से खुल रहा है। ऑफर डॉक्यूमेंट ध्यान से पढ़ें।",0,amc_offer
सावधान: गारंटीड रिटर्न और टिप्स वाले ग्रुप से बचें। SEBI की वेबसाइट पर सलाहकार जाँचें।,0,advisory
"प्रिय ग्राहक, SEBI advisory: Beware of guaranteed returns and unregistered tips groups. Verify advisers on the SEBI website.",0,advisory
"बधाई हो! आपका ANGEL ONE अकाउंट अपडेट करें वरना बंद हो जाएगा: ANGELONE-KYC.COM 100% SEBI APPROVED EXPERT. सिर्फ़ 6 सीट बाकी, आज ही! 💰",1,fake_broker
VK-INFO: आपकी 10 हज़ार की SIP 5th तारीख को कटेगी। खाते में बैलेंस रखें।,0,sip
"Congratulations! 100% assured profit, zero risk, withdraw anytime. Last chance, join now.",1,guaranteed
VK-INFO: KYC पूरा करने के लिए आधिकारिक वेबसाइट या नज़दीकी शाखा जाएँ। OTP किसी को न बताएँ। Please complete your KYC at our official website or nearest branch. Do not share OTP with anyone.,0,kyc
Download our trading app from this link to start earning: trade-81.apk Offer ends today. 100% SEBI approved expert.,1,fake_app
"सुनिए, Install the new official app dl.profitapp.in/app.apk and get a free bonus. Account activate karne ke liye Rs 10000 fee UPI investpro22@ybl pe bhejo. Limited slots. Reply YES to confirm.",1,fake_app
"आपका Paytm Money अकाउंट अपडेट करें वरना बंद हो जाएगा: paytmmoney-pro.in ऑफ़र आज खत्म, जल्दी करें।",1,fake_broker
"Dear sir/madam, हमारे VIP Telegram ग्रुप में जुड़ें, रोज़ पक्के इंट्राडे टिप्स मिलेंगे।",1,tips_group
"Dear investor, To release your profit, share the OTP received and install AnyDesk so our agent can help. Sirf 9 seats bachi, jaldi karo!",1,otp_vishing
"बधाई हो! PROCESSING FEE 10 हज़ार REQUIRED TO UNLOCK YOUR PROFIT, SEND TO 9878447319@PAYTM. TO RELEASE YOUR PROFIT, SHARE THE OTP RECEIVED AND INSTALL ANYDESK SO OUR AGENT CAN HELP. SIRF 8 SEATS BACHI, JALDI KARO!",1,fee_scam
"Dear sir/madam, अकाउंट चालू करने के लिए Rs 10000 रजिस्ट्रेशन फीस UPI investpro43@ybl पर भेजें। पैसा दोगुना करें, कोई रिस्क नहीं, पक्का रिटर्न। Only 4 seats left, hurry!",1,fee_scam
Learn what a nominee is in your demat account. Add a nominee online through your DP.,0,education
"Dear customer, New fund offer from Parag Parikh Flexi Cap opens on 1st. Please read the offer document. Visit the official website. Parag Parikh Flexi Cap का नया फंड ऑफर 1st से खुल रहा है। ऑफर डॉक्यूमेंट ध्यान से पढ़ें।",0,amc_offer
"Namaste, Paisa double in 7 din, guarantee ke saath. कमाई शुरू करने के लिए हमारा ऐप डाउनलोड करें: bit.ly/inv81 Limited slots. Reply YES to confirm. Last chance, join now.",1,guaranteed
"प्रिय ग्राहक, 5th को SBI Bluechip का NAV Rs 381.86 है। म्यूचुअल फंड निवेश बाज़ार जोखिमों के अधीन हैं। 5th को SBI Bluechip का NAV Rs 381.86 है। म्यूचुअल फंड निवेश बाज़ार जोखिमों के अधीन हैं। 💰",0,nav
"बधाई हो! Our operator group gives jackpot stock calls every morning, join now. सिर्फ़ 3 सीट बाकी, आज ही! Offer ends today.",1,tips_group
"प्रिय ग्राहक, आपके खाते XX9 से Rs 1479 12 Oct को डेबिट हुए। OTP किसी से साझा न करें। OTP for your transaction is 325893. Do not share it with anyone. Valid for 10 minutes.",0,bank
Install the new official app bit.ly/inv38 and get a free bonus. Aaj ka jackpot stock call chahiye? Premium group join karo. Limited slots. Reply YES to confirm.,1,fake_app
"100% assured profit, zero risk, withdraw anytime. आपका Zerodha अकाउंट अपडेट करें वरना बंद हो जाएगा: zerodha-kyc.net Only 3 seats left, hurry!",1,guaranteed
"Hi, Please complete your KYC at our official website or nearest branch. Do not share OTP with anyone.",0,kyc
"Hello sir, Block deal opportunity in unlisted shares, limited slots, invest before listing. Aaj ka jackpot stock call chahiye? Premium group join karo.",1,preipo
"बधाई हो! Invest ₹25,000 and get guaranteed 15% returns every month. Only 4 seats left, hurry! ऑफ़र आज खत्म, जल्दी करें।",1,guaranteed
SEBI advisory: Beware of guaranteed returns and unregistered tips groups. Verify advisers on the SEBI website. 💰,0,advisory
"DEAR SIR/MADAM, YOUR UPSTOX ACCOUNT NEEDS URGENT UPDATE. LOGIN AT UPSTOX-LOGIN.IN TO AVOID SUSPENSION. PAY A REGISTRATION FEE OF ₹5,000 ON UPI 9871979300@PAYTM TO ACTIVATE YOUR ACCOUNT. ONLY 5 SEATS LEFT, HURRY!",1,fake_broker
"प्रिय ग्राहक, SIP ka ₹25,000 25/09 ko katega, balance rakhna.",0,sip
सावधान: गारंटीड रिटर्न और टिप्स वाले ग्रुप से बचें। SEBI की वेबसाइट पर सलाहकार जाँचें।,0,advisory
"Dear sir/madam, आपका Angel One अकाउंट अपडेट करें वरना बंद हो जाएगा: angel0ne.in SEBI registered.",1,fake_broker
"Hello bhai, Pre-IPO shares sasta mil raha hai, allotment pakka, sirf kuch slots. Sirf 8 seats bachi, jaldi karo! Limited slots. Reply YES to confirm.",1,preipo
VK-INFO: New fund offer from Axis Midcap opens on 3 Nov. Please read the offer document. Visit the official website. Axis Midcap का नया फंड ऑफर 3 Nov से खुल रहा है। ऑफर डॉक्यूमेंट ध्यान से पढ़ें।,0,amc_offer
"HELLO SIR, DOWNLOAD OUR TRADING APP FROM THIS LINK TO START EARNING: BIT.LY/INV38",1,fake_app
"सुनिए, Install the new official app bit.ly/inv81 and get a free bonus. Bit.ly/inv620 par details dekho. Only 4 seats left, hurry!",1,fake_app
VK-INFO: 12 Oct के ट्रेड का कॉन्ट्रैक्ट नोट आपके रजिस्टर्ड ईमेल पर भेजा गया है। Contract note for trades done on 12 Oct has been sent to your registered email. Check your app for details.,0,contract_note
"Dear customer, 3 Nov के ट्रेड का कॉन्ट्रैक्ट नोट आपके रजिस्टर्ड ईमेल पर भेजा गया है। 💰",0,contract_note
"Hi, Send your PIN and OTP to complete KYC verification now. ऑफ़र आज खत्म, जल्दी करें।",1,otp_vishing
"Namaste, Double your money in 10 days, guaranteed by our fund manager. 100% SEBI approved expert.",1,guaranteed
"Dear investor, Our operator group gives jackpot stock calls every morning, join now. SEBI registered.",1,tips_group
"Namaste, Get insider stock tips from our expert team in the premium WhatsApp channel.",1,tips_group
"Dear customer, New fund offer from Nippon Small Cap opens on 12 Oct. Please read the offer document. Visit the official website.",0,amc_offer
"Dear investor, Aapka Zerodha account band hone wala hai, abhi update karo: zer0dha.com सेबी रजिस्टर्ड एक्सपर्ट।",1,fake_broker
"Namaste, Install the new official app trade-59.apk and get a free bonus. प्री-IPO शेयर 40% सस्ते, इंस्टिट्यूशनल अकाउंट से अलॉटमेंट पक्का। Last chance, join now. 👍",1,fake_app
SBI Bluechip का नया फंड ऑफर 25/09 से खुल रहा है। ऑफर डॉक्यूमेंट ध्यान से पढ़ें।,0,amc_offer
"SIP ka 10 हज़ार 1st ko katega, balance rakhna.",0,sip
"Dear customer, Beta, did you check the mutual fund statement? Call me in the evening.",0,chat
Congratulations! Zerodha Pro offers special IPO allotment. Register at zer0dha.com. 🚀,1,fake_broker
"Hi, डीमैट अकाउंट में नॉमिनी जोड़ना क्यों ज़रूरी है, जानिए आधिकारिक वेबसाइट पर। Learn what a nominee is in your demat account. Add a nominee online through your DP.",0,education
"Get insider stock tips from our expert team in the premium WhatsApp channel. Rs 10000 लगाइए और हर महीने 50% का गारंटीड मुनाफ़ा पाइए। ऑफ़र आज खत्म, जल्दी करें।",1,tips_group
"VK-INFO: डीमैट अकाउंट में नॉमिनी जोड़ना क्यों ज़रूरी है, जानिए आधिकारिक वेबसाइट पर।",0,education
"बधाई हो! Angel One Pro offers special IPO allotment. Register at angel0ne.in. Processing fee Rs 10000 required to unlock your profit, send to 9887879266@paytm. Offer ends today.",1,fake_broker
Fake apps and sure shot tips are scams. Never share OTP. Report fraud on 1930 or cybercrime.gov.in.,0,advisory
"NAV of SBI Bluechip as on 3 Nov is Rs 112.58. Mutual fund investments are subject to market risks, read all scheme related documents carefully.",0,nav
"AAJ KA JACKPOT STOCK CALL CHAHIYE? PREMIUM GROUP JOIN KARO. ऑफ़र आज खत्म, जल्दी करें।",1,tips_group
"DEAR CUSTOMER, NAV OF AXIS MIDCAP AS ON 5TH IS RS 258.72. MUTUAL FUND INVESTMENTS ARE SUBJECT TO MARKET RISKS, READ ALL SCHEME RELATED DOCUMENTS CAREFULLY.",0,nav
"Hi, Bhai kal milte hai, SIP ke baare me baat karni hai. Happy Diwali! Wishing you and family a prosperous year.",0,chat
"VK-INFO: Meeting at 5 pm, please bring the demat account documents. Bhai kal milte hai, SIP ke baare me baat karni hai.",0,chat
"Hi, Pay a registration fee of 10 हज़ार on UPI investpro49@ybl to activate your account. एक्सपर्ट टीम से रोज़ जैकपॉट स्टॉक कॉल्स पाएँ, ग्रुप जॉइन करें। Limited slots. Reply YES to confirm. Details: t.me/inv983",1,fee_scam
"NAV of SBI Bluechip as on 12 Oct is Rs 64.18. Mutual fund investments are subject to market risks, read all scheme related documents carefully.",0,nav
"Hello sir, एक्सपर्ट टीम से रोज़ जैकपॉट स्टॉक कॉल्स पाएँ, ग्रुप जॉइन करें। अकाउंट चालू करने के लिए 10 हज़ार रजिस्ट्रेशन फीस UPI investpro2@ybl पर भेजें। Only 3 seats left, hurry! Bit.ly/inv771 par details dekho. 🚀",1,tips_group
"बधाई हो! आपका Paytm Money अकाउंट अपडेट करें वरना बंद हो जाएगा: paytm-money.xyz सिर्फ़ 7 सीट बाकी, आज ही!",1,fake_broker
"एक्सपर्ट टीम से रोज़ जैकपॉट स्टॉक कॉल्स पाएँ, ग्रुप जॉइन करें। SEBI registered.",1,tips_group
"VK-INFO: NAV OF AXIS MIDCAP AS ON 25/09 IS RS 96.5. MUTUAL FUND INVESTMENTS ARE SUBJECT TO MARKET RISKS, READ ALL SCHEME RELATED DOCUMENTS CAREFULLY.",0,nav
"Hi, NAV of SBI Bluechip as on 5th is Rs 202.84. Mutual fund investments are subject to market risks, read all scheme related documents carefully.",0,nav
